
/*TIPOLOGIA_BIGLIETTO*/
INSERT INTO tipologia_biglietto (nomeBiglietto, prezzo) VALUES 
('Pomeridiano', 19),
('Flash Pass', 60),
('Giornaliero', 40),
('2 giorni con pernottamento', 200);

/*TIPOLOGIA_ABBONAMENTO*/
INSERT INTO tipologia_abbonamento (nomeAbbonamento, prezzo) VALUES 
('5 ingressi', 170),
('Stagionale', 280);

/*GRUPPO*/
INSERT INTO gruppo (codiceGruppo, gruppoScuola) VALUES 
(1, true),
(2, true),
(3, false),
(4, true),
(5, false),
(6, true),
(7, true);

/*ABBONAMENTO*/
INSERT INTO abbonamento (scadenza, codAbbonamento, nomeAbbonamento) VALUES
-- Acquisti del 2023
('2023-10-31', 1, 'Stagionale'), ('2023-10-31', 2, '5 ingressi'),
('2023-10-31', 3, '5 ingressi'), ('2023-10-31', 4, 'Stagionale'),
('2023-10-31', 5, 'Stagionale'), ('2023-10-31', 6, '5 ingressi'),
('2023-10-31', 7, 'Stagionale'), ('2023-10-31', 8, 'Stagionale'),
('2023-10-31', 9, '5 ingressi'), ('2023-10-31', 10, 'Stagionale'),
('2023-10-31', 11, '5 ingressi'), ('2023-10-31', 12, 'Stagionale'),
('2023-10-31', 13, 'Stagionale'), ('2023-10-31', 14, '5 ingressi'),
('2023-10-31', 15, 'Stagionale'), ('2023-10-31', 16, '5 ingressi'),
('2023-10-31', 17, '5 ingressi'), ('2023-10-31', 18, 'Stagionale'),
('2023-10-31', 19, 'Stagionale'), ('2023-10-31', 20, '5 ingressi'),

-- Acquisti del 2024
('2024-10-31', 21, 'Stagionale'), ('2024-10-31', 22, '5 ingressi'),
('2024-10-31', 23, 'Stagionale'), ('2024-10-31', 24, 'Stagionale'),
('2024-10-31', 25, '5 ingressi'), ('2024-10-31', 26, 'Stagionale'),
('2024-10-31', 27, '5 ingressi'), ('2024-10-31', 28, 'Stagionale'),
('2024-10-31', 29, 'Stagionale'), ('2024-10-31', 30, '5 ingressi'),
('2024-10-31', 31, 'Stagionale'), ('2024-10-31', 32, '5 ingressi'),
('2024-10-31', 33, 'Stagionale'), ('2024-10-31', 34, 'Stagionale'),
('2024-10-31', 35, '5 ingressi'), ('2024-10-31', 36, '5 ingressi'),
('2024-10-31', 37, 'Stagionale'), ('2024-10-31', 38, '5 ingressi'),
('2024-10-31', 39, 'Stagionale'), ('2024-10-31', 40, 'Stagionale'),
('2024-10-31', 41, '5 ingressi'), ('2024-10-31', 42, 'Stagionale'),
('2024-10-31', 43, '5 ingressi'), ('2024-10-31', 44, 'Stagionale'),
('2024-10-31', 45, 'Stagionale'), ('2024-10-31', 46, '5 ingressi'),
('2024-10-31', 47, 'Stagionale'), ('2024-10-31', 48, '5 ingressi'),
('2024-10-31', 49, 'Stagionale'), ('2024-10-31', 50, '5 ingressi'),

-- Acquisti del 2025
('2025-10-31', 51, 'Stagionale'), ('2025-10-31', 52, '5 ingressi'),
('2025-10-31', 53, 'Stagionale'), ('2025-10-31', 54, '5 ingressi'),
('2025-10-31', 55, 'Stagionale'), ('2025-10-31', 56, 'Stagionale'),
('2025-10-31', 57, '5 ingressi'), ('2025-10-31', 58, 'Stagionale'),
('2025-10-31', 59, '5 ingressi'), ('2025-10-31', 60, 'Stagionale'),
('2025-10-31', 61, 'Stagionale'), ('2025-10-31', 62, '5 ingressi'),
('2025-10-31', 63, 'Stagionale'), ('2025-10-31', 64, '5 ingressi'),
('2025-10-31', 65, 'Stagionale'), ('2025-10-31', 66, 'Stagionale'),
('2025-10-31', 67, '5 ingressi'), ('2025-10-31', 68, 'Stagionale'),
('2025-10-31', 69, '5 ingressi'), ('2025-10-31', 70, 'Stagionale'),
('2025-10-31', 71, 'Stagionale'), ('2025-10-31', 72, '5 ingressi'),
('2025-10-31', 73, 'Stagionale'), ('2025-10-31', 74, '5 ingressi'),
('2025-10-31', 75, 'Stagionale'), ('2025-10-31', 76, 'Stagionale'),
('2025-10-31', 77, '5 ingressi'), ('2025-10-31', 78, 'Stagionale'),
('2025-10-31', 79, '5 ingressi'), ('2025-10-31', 80, 'Stagionale'),
('2025-10-31', 81, 'Stagionale'), ('2025-10-31', 82, '5 ingressi'),
('2025-10-31', 83, 'Stagionale'), ('2025-10-31', 84, '5 ingressi'),
('2025-10-31', 85, 'Stagionale'), ('2025-10-31', 86, 'Stagionale'),
('2025-10-31', 87, '5 ingressi'), ('2025-10-31', 88, 'Stagionale'),
('2025-10-31', 89, '5 ingressi'), ('2025-10-31', 90, 'Stagionale'),

-- Acquisti del 2026
('2026-10-31', 91, 'Stagionale'), ('2026-10-31', 92, '5 ingressi'),
('2026-10-31', 93, 'Stagionale'), ('2026-10-31', 94, '5 ingressi'),
('2026-10-31', 95, 'Stagionale'), ('2026-10-31', 96, 'Stagionale'),
('2026-10-31', 97, '5 ingressi'), ('2026-10-31', 98, 'Stagionale'),
('2026-10-31', 99, '5 ingressi'), ('2026-10-31', 100, 'Stagionale'),
('2026-10-31', 101, 'Stagionale'), ('2026-10-31', 102, '5 ingressi'),
('2026-10-31', 103, 'Stagionale'), ('2026-10-31', 104, '5 ingressi'),
('2026-10-31', 105, 'Stagionale'), ('2026-10-31', 106, 'Stagionale'),
('2026-10-31', 107, '5 ingressi'), ('2026-10-31', 108, 'Stagionale'),
('2026-10-31', 109, '5 ingressi'), ('2026-10-31', 110, 'Stagionale'),
('2026-10-31', 111, 'Stagionale'), ('2026-10-31', 112, '5 ingressi'),
('2026-10-31', 113, 'Stagionale'), ('2026-10-31', 114, '5 ingressi'),
('2026-10-31', 115, 'Stagionale'), ('2026-10-31', 116, 'Stagionale'),
('2026-10-31', 117, '5 ingressi'), ('2026-10-31', 118, 'Stagionale'),
('2026-10-31', 119, '5 ingressi'), ('2026-10-31', 120, 'Stagionale');

-- nuovi abbonamenti per visitatori che hanno già creato abbonamenti in passato
INSERT INTO abbonamento (scadenza, codAbbonamento, nomeAbbonamento) VALUES
-- Altri 3 per il 2023
('2023-10-31', 121, 'Stagionale'), 
('2023-10-31', 122, '5 ingressi'), 
('2023-10-31', 123, 'Stagionale'),

-- Altri 4 per il 2025
('2025-10-31', 124, '5 ingressi'), 
('2025-10-31', 125, 'Stagionale'), 
('2025-10-31', 126, '5 ingressi'), 
('2025-10-31', 127, 'Stagionale'),

-- Altri 5 per il 2026
('2026-10-31', 128, '5 ingressi'), 
('2026-10-31', 129, 'Stagionale'), 
('2026-10-31', 130, 'Stagionale'), 
('2026-10-31', 131, '5 ingressi'), 
('2026-10-31', 132, 'Stagionale');

INSERT INTO abbonamento (scadenza, codAbbonamento, nomeAbbonamento) VALUES
-- Altri 3 per il 2024
('2024-10-31', 133, 'Stagionale'), 
('2024-10-31', 134, '5 ingressi'), 
('2024-10-31', 135, 'Stagionale');

/*VISITATORE*/
INSERT INTO visitatore (nome, cognome, dataNascita, CF, numeroTelefono, e_mail, altezzaVisitatore) VALUES
('Mario','Rossi','2004-10-12','MR12AB','3333000001','mario.rossi@gmail.com',175),
('Luca','Bianchi','2001-03-05','LB05CD','3333000002','luca.bianchi@gmail.com',182),
('Anna','Verdi','1999-07-22','AV22EF','3333000003','anna.verdi@gmail.com',165),
('Giulia','Neri','2002-11-09','GN09GH','3333000004','giulia.neri@gmail.com',158),
('Marco','Galli','1998-01-18','MG18IJ','3333000005','marco.galli@gmail.com',190),
('Sara','Ferrari','2000-06-30','SF30KL','3333000006','sara.ferrari@gmail.com',172),
('Paolo','Russo','2003-09-14','PR14MN','3333000007','paolo.russo@gmail.com',168),
('Elena','Romano','2001-12-03','ER03OP','3333000008','elena.romano@gmail.com',160),
('Davide','Conti','1997-04-27','DC27QR','3333000009','davide.conti@gmail.com',185),
('Francesca','Marino','2005-02-16','FM16ST','3333000010','francesca.marino@gmail.com',170),
('Alessandro','Costa','1996-08-11','AC11UV','3333000011','alessandro.costa@gmail.com',178),
('Chiara','Giordano','2002-05-24','CG24WX','3333000012','chiara.giordano@gmail.com',162),
('Stefano','Rizzo','1999-10-02','SR02YZ','3333000013','stefano.rizzo@gmail.com',188),
('Martina','Lombardi','2003-01-19','ML19AA','3333000014','martina.lombardi@gmail.com',166),
('Federico','Moretti','1998-06-08','FM08BB','3333000015','federico.moretti@gmail.com',181),
('Valentina','Barbieri','2000-09-25','VB25CC','3333000016','valentina.barbieri@gmail.com',159),
('Simone','Fontana','2001-11-06','SF06DD','3333000017','simone.fontana@gmail.com',174),
('Laura','DeLuca','1997-02-13','LD13EE','3333000018','laura.deluca@gmail.com',167),
('Matteo','Serra','2004-07-29','MS29FF','3333000019','matteo.serra@gmail.com',183),
('Ilaria','Greco','2002-12-21','IG21GG','3333000020','ilaria.greco@gmail.com',164),
('Nicola','Testa','1996-03-17','NT17HH','3333000021','nicola.testa@gmail.com',176),
('Beatrice','Pellegrini','2003-08-04','BP04II','3333000022','beatrice.pellegrini@gmail.com',161),
('Giorgio','Fabbri','1998-10-28','GF28JJ','3333000023','giorgio.fabbri@gmail.com',187),
('Silvia','Rinaldi','2001-01-10','SR10KK','3333000024','silvia.rinaldi@gmail.com',169),
('Andrea','Leone','1999-05-15','AL15LL','3333000025','andrea.leone@gmail.com',180),
('Marta','Palmieri','2004-09-07','MP07MM','3333000026','marta.palmieri@gmail.com',157),
('Roberto','Martini','1997-11-23','RM23NN','3333000027','roberto.martini@gmail.com',192),
('Claudia','Villa','2000-02-14','CV14OO','3333000028','claudia.villa@gmail.com',163),
('Fabio','Longo','1996-06-01','FL01PP','3333000029','fabio.longo@gmail.com',186),
('Alessia','Colombo','2002-04-18','AC18QQ','3333000030','alessia.colombo@gmail.com',168),
('Tommaso','Bernardi','1999-12-09','TB09RR','3333000031','tommaso.bernardi@gmail.com',177),
('Serena','Fiore','2001-07-26','SF26SS','3333000032','serena.fiore@gmail.com',160),
('Emanuele','Parisi','1998-09-03','EP03TT','3333000033','emanuele.parisi@gmail.com',184),
('Giada','Sanna','2003-03-20','GS20UU','3333000034','giada.sanna@gmail.com',155),
('Daniele','Amato','1997-10-31','DA31VV','3333000035','daniele.amato@gmail.com',189),
('Veronica','Coppola','2000-01-27','VC27WW','3333000036','veronica.coppola@gmail.com',162),
('Riccardo','Ferraro','1996-05-06','RF06XX','3333000037','riccardo.ferraro@gmail.com',193),
('Elisa','Messina','2004-08-12','EM12YY','3333000038','elisa.messina@gmail.com',159),
('Pietro','Caruso','1999-11-19','PC19AZ','3333000039','pietro.caruso@gmail.com',181),
('Noemi','Vitale','2002-02-08','NV08BA','3333000040','noemi.vitale@gmail.com',158),
('Gabriele','Orlando','1998-04-24','GO24CB','3333000041','gabriele.orlando@gmail.com',185),
('Federica','Sala','2001-09-16','FS16DC','3333000042','federica.sala@gmail.com',164),
('Enrico','DeSantis','1997-06-02','ED02ED','3333000043','enrico.desantis@gmail.com',188),
('Camilla','Farina','2003-12-11','CF11FE','3333000044','camilla.farina@gmail.com',156),
('Samuele','Pagani','1999-01-29','SP29GF','3333000045','samuele.pagani@gmail.com',179),
('Irene','Gatti','2000-10-05','IG05HG','3333000046','irene.gatti@gmail.com',161),
('Christian','Monti','1996-03-14','CM14IH','3333000047','christian.monti@gmail.com',190),
('Arianna','Riva','2002-07-23','AR23JI','3333000048','arianna.riva@gmail.com',166),
('Leonardo','Bellini','1998-11-30','LB30KJ','3333000049','leonardo.bellini@gmail.com',183),
('Sofia','Piras','2004-05-09','SP09LK','3333000050','sofia.piras@gmail.com',160),
('Giacomo','Fabbri','1999-08-10','GF10ML','3333000051','giacomo.fabbri@gmail.com',170),
('Rebecca','Neri','2001-03-21','RN21NM','3333000052','rebecca.neri@gmail.com',165),
('Lorenzo','Moretti','1998-06-05','LM05OP','3333000053','lorenzo.moretti@gmail.com',190),
('Alice','Barbieri','2000-07-15','AB15PQ','3333000054','alice.barbieri@gmail.com',158),
('Mattia','Fontana','2002-11-22','MF22QR','3333000055','mattia.fontana@gmail.com',182),
('Elena','Leone','1997-02-28','EL28RS','3333000056','elena.leone@gmail.com',175),
('Davide','Palmieri','2003-05-11','DP11ST','3333000057','davide.palmieri@gmail.com',168),
('Giulia','Martini','1999-12-07','GM07TU','3333000058','giulia.martini@gmail.com',160),
('Francesco','Villa','2001-01-30','FV30UV','3333000059','francesco.villa@gmail.com',185),
('Sara','Longo','2000-09-02','SL02VW','3333000060','sara.longo@gmail.com',172),
('Tommaso','Colombo','1996-06-18','TC18WX','3333000061','tommaso.colombo@gmail.com',178),
('Martina','Bernardi','2002-04-10','MB10XY','3333000062','martina.bernardi@gmail.com',165),
('Alessandro','Fiore','1997-07-25','AF25YZ','3333000063','alessandro.fiore@gmail.com',190),
('Chiara','Parisi','2001-03-19','CP19ZA','3333000064','chiara.parisi@gmail.com',158),
('Andrea','Sanna','1999-08-14','AS14AB','3333000065','andrea.sanna@gmail.com',182),
('Valentina','Amato','2003-02-23','VA23BC','3333000066','valentina.amato@gmail.com',160),
('Simone','Coppola','1998-11-05','SC05CD','3333000067','simone.coppola@gmail.com',185),
('Irene','Ferraro','2000-10-10','IF10DE','3333000068','irene.ferraro@gmail.com',170),
('Matteo','Messina','2002-12-01','MM01EF','3333000069','matteo.messina@gmail.com',178),
('Elisa','Caruso','1997-01-17','EC17FG','3333000070','elisa.caruso@gmail.com',160),
('Nicola','Vitale','1999-05-28','NV28GH','3333000071','nicola.vitale@gmail.com',188),
('Beatrice','Orlando','2001-08-13','BO13HI','3333000072','beatrice.orlando@gmail.com',165),
('Giorgio','Sala','1996-04-04','GS04IJ','3333000073','giorgio.sala@gmail.com',180),
('Silvia','DeSantis','2000-09-22','SD22JK','3333000074','silvia.desantis@gmail.com',162),
('Andrea','Farina','1998-11-16','AF16KL','3333000075','andrea.farina@gmail.com',175),
('Marta','Pagani','2003-03-09','MP09LM','3333000076','marta.pagani@gmail.com',158),
('Roberto','Gatti','1997-10-01','RG01MN','3333000077','roberto.gatti@gmail.com',192),
('Claudia','Monti','2000-07-07','CM07NO','3333000078','claudia.monti@gmail.com',163),
('Fabio','Riva','1996-05-19','FR19OP','3333000079','fabio.riva@gmail.com',186),
('Alessia','Bellini','2002-01-05','AB05PQ','3333000080','alessia.bellini@gmail.com',168),
('Tommaso','Piras','1999-12-20','TP20QR','3333000081','tommaso.piras@gmail.com',177),
('Serena','Fabbri','2001-06-06','SF06RS','3333000082','serena.fabbri@gmail.com',160),
('Emanuele','Neri','1998-03-13','EN13ST','3333000083','emanuele.neri@gmail.com',184),
('Giada','Moretti','2003-10-30','GM30TU','3333000084','giada.moretti@gmail.com',155),
('Daniele','Barbieri','1997-09-08','DB08UV','3333000085','daniele.barbieri@gmail.com',189),
('Veronica','Fontana','2000-01-01','VF01VW','3333000086','veronica.fontana@gmail.com',162),
('Riccardo','Leone','1996-07-11','RL11WX','3333000087','riccardo.leone@gmail.com',193),
('Elisa','Palmieri','2004-05-18','EP18XY','3333000088','elisa.palmieri@gmail.com',159),
('Pietro','Martini','1999-02-02','PM02YZ','3333000089','pietro.martini@gmail.com',181),
('Noemi','Villa','2002-08-24','NV24ZA','3333000090','noemi.villa@gmail.com',158),
('Gabriele','Longo','1998-04-12','GL12AB','3333000091','gabriele.longo@gmail.com',185),
('Federica','Colombo','2001-09-06','FC06BC','3333000092','federica.colombo@gmail.com',164),
('Enrico','Bernardi','1997-06-15','EB15CD','3333000093','enrico.call@gmail.com',188),
('Camilla','Fiore','2003-12-21','CF21DE','3333000094','camilla.fiore@gmail.com',156),
('Samuele','Parisi','1999-01-03','SP03EF','3333000095','samuele.parisi@gmail.com',179),
('Irene','Sanna','2000-10-19','IS19FG','3333000096','irene.sanna@gmail.com',161),
('Christian','Amato','1996-03-28','CA28GH','3333000097','christian.amato@gmail.com',190),
('Arianna','Coppola','2002-07-12','AC12HI','3333000098','arianna.coppola@gmail.com',166),
('Leonardo','Ferraro','1998-11-21','LF21IJ','3333000099','leonardo.ferraro@gmail.com',183),
('Sofia','Messina','2004-05-14','SM14JK','3333000100','sofia.messina@gmail.com',160),
('Marco','DeAngelis','1997-02-08','MD08KL','3333000101','marco.deangelis@gmail.com',178),
('Chiara','Ruggeri','2001-06-17','CR17LM','3333000102','chiara.ruggeri@gmail.com',162),
('Lorenzo','Pellegrino','1999-09-25','LP25MN','3333000103','lorenzo.pellegrino@gmail.com',185),
('Valeria','Sereni','2003-03-04','VS04NO','3333000104','valeria.sereni@gmail.com',158),
('Alberto','Marchetti','1996-12-19','AM19OP','3333000105','alberto.marchetti@gmail.com',190),
('Francesca','Gentile','2000-05-11','FG11PQ','3333000106','francesca.gentile@gmail.com',165),
('Davide','Sartori','1998-08-22','DS22QR','3333000107','davide.sartori@gmail.com',180),
('Elisa','Vitali','2002-01-09','EV09RS','3333000108','elisa.vitali@gmail.com',160),
('Giorgio','Mariani','1997-10-27','GM27ST','3333000109','giorgio.mariani@gmail.com',188),
('Ilaria','Pozzi','2004-04-15','IP15TU','3333000110','ilaria.pozzi@gmail.com',155),
('Stefano','Rinaldi','1999-07-03','SR03UV','3333000111','stefano.rinaldi@gmail.com',182),
('Martina','Donati','2001-11-18','MD18VW','3333000112','martina.donati@gmail.com',168),
('Riccardo','Bellotti','1996-06-29','RB29WX','3333000113','riccardo.bellotti@gmail.com',192),
('Silvia','Ferranti','2000-02-07','SF07XY','3333000114','silvia.ferranti@gmail.com',163),
('Andrea','Locatelli','1998-09-14','AL14YZ','3333000115','andrea.locatelli@gmail.com',175),
('Beatrice','Rossi','2003-12-01','BR01ZA','3333000116','beatrice.rossi@gmail.com',159),
('Tommaso','Pagliari','1997-05-20','TP20ZZ','3333000117','tommaso.pagliari@gmail.com',185),
('Elena','Bianchi','2001-08-30','EB30XX','3333000118','elena.bianchi@gmail.com',162),
('Luca','Fiorentini','1999-01-12','LF12YY','3333000119','luca.fiorentini@gmail.com',180),
('Sofia','Morelli','2002-06-06','SM06WW','3333000120','sofia.morelli@gmail.com',158),
('Gabriele','Ruggieri','1998-11-11','GR11KK','3333000121','gabriele.ruggieri@gmail.com',190),
('Federica','Barbieri','2000-03-23','FB23JJ','3333000122','federica.barbieri@gmail.com',165),
('Enrico','Sanna','1997-07-19','ES19MM','3333000123','enrico.sanna@gmail.com',178),
('Camilla','Moretti','2003-09-04','CM04LL','3333000124','camilla.moretti@gmail.com',160),
('Samuele','Riva','1999-12-28','SR28PP','3333000125','samuele.riva@gmail.com',185),
('Irene','Martini','2001-02-10','IM10QQ','3333000126','irene.martini@gmail.com',168),
('Christian','Villa','1996-06-05','CV05RR','3333000127','christian.villa@gmail.com',188),
('Arianna','Longo','2002-01-17','AL17SS','3333000128','arianna.longo@gmail.com',166),
('Leonardo','Colombo','1998-10-29','LC29TT','3333000129','leonardo.colombo@gmail.com',183),
('Sofia','Bellini','2004-05-09','SB09UU','3333000130','sofia.bellini@gmail.com',160),
('Marco','Fabbri','1997-03-06','MF06VV','3333000131','marco.fabbri@gmail.com',178),
('Chiara','Neri','2001-08-22','CN22AA','3333000132','chiara.neri@gmail.com',162),
('Lorenzo','Moretti','1999-12-15','LM15BB','3333000133','lorenzo.moretti@gmail.com',185),
('Valeria','Barbieri','2003-06-03','VB03CC','3333000134','valeria.barbieri@gmail.com',158),
('Alberto','Ferrari','1996-11-11','AF11DD','3333000135','alberto.ferrari@gmail.com',190),
('Francesca','Russo','2000-04-19','FR19EE','3333000136','francesca.russo@gmail.com',165),
('Davide','Leone','1998-09-30','DL30FF','3333000137','davide.leone@gmail.com',180),
('Elisa','Palmieri','2002-01-21','EP21GG','3333000138','elisa.palmieri@gmail.com',160),
('Giorgio','Martini','1997-10-05','GM05HH','3333000139','giorgio.martini@gmail.com',188),
('Ilaria','Villa','2004-04-14','IV14II','3333000140','ilaria.villa@gmail.com',155),
('Stefano','Bianchi','1999-07-07','SB07OO','3333000141','stefano.bianchi@gmail.com',182),
('Martina','Fabbri','2001-11-22','MF22ZZ','3333000142','martina.fabbri@gmail.com',168),
('Riccardo','Neri','1996-06-17','RN17YY','3333000143','riccardo.neri@gmail.com',192),
('Silvia','Moretti','2000-02-09','SM09XX','3333000144','silvia.moretti@gmail.com',163),
('Andrea','Barbieri','1998-09-20','AB20WW','3333000145','andrea.barbieri@gmail.com',175),
('Beatrice','Ferrari','2003-12-03','BF03VV','3333000146','beatrice.ferrari@gmail.com',159),
('Tommaso','Russo','1997-05-12','TR12UU','3333000147','tommaso.russo@gmail.com',185),
('Elena','Leone','2001-08-28','EL28TT','3333000148','elena.leone@gmail.com',162),
('Luca','Palmieri','1999-01-30','LP30SS','3333000149','luca.palmieri@gmail.com',180),
('Sofia','Lucchini','2004-04-06','SL06RR','3333000150','sofia.lucchini@gmail.com',159),
('Antonio', 'Guerra', '1955-03-12', 'AG12XY', '3334000001', 'antonio.guerra@outlook.it', 174),
('Mariangela', 'Piras', '1982-11-05', 'MP05QR', '3334000002', 'm.piras82@libero.it', 162),
('Giovanni', 'Sacco', '1974-07-22', 'GS22BT', '3334000003', 'giovanni.sacco@gmail.com', 180),
('Patrizia', 'Boschi', '1968-12-09', 'PB09LZ', '3334000004', 'p.boschi68@gmail.com', 158),
('Ettore', 'Grassi', '1992-05-18', 'EG18KF', '3334000005', 'ettore.grassi@yahoo.it', 188),
('Rosa', 'Festa', '2010-09-30', 'RF30JD', '3334000006', 'famiglia.festa@gmail.com', 145),
('Claudio', 'Bini', '1959-04-14', 'CB14MN', '3334000007', 'claudio.bini@tiscali.it', 170),
('Loredana', 'Meli', '1977-10-03', 'LM03OP', '3334000008', 'loredana.meli@gmail.com', 164),
('Renato', 'Carli', '1963-08-27', 'RC27WE', '3334000009', 'carli.renato@gmail.com', 176),
('Silvana', 'Valli', '1952-02-16', 'SV16RT', '3334000010', 'silvana.valli@outlook.com', 160),
('Mauro', 'Della', '1988-12-11', 'MD11YU', '3334000011', 'mauro.della@gmail.com', 182),
('Tiziana', 'Galli', '1971-06-24', 'TG24PL', '3334000012', 't.galli71@virgilio.it', 166),
('Domenico', 'Foti', '1958-01-02', 'DF02KJ', '3334000013', 'foti.domenico@gmail.com', 175),
('Annamaria', 'Neri', '1995-03-19', 'AN19XC', '3334000014', 'annamaria.neri@gmail.com', 168),
('Vincenzo', 'Poli', '1966-11-08', 'VP08VB', '3334000015', 'vincenzo.poli@live.it', 179),
('Graziella', 'Riva', '1954-07-25', 'GR25SD', '3334000016', 'g.riva54@gmail.com', 157),
('Salvatore', 'Sanna', '1981-05-06', 'SS06NM', '3334000017', 'sanna.salvatore@gmail.com', 183),
('Rosanna', 'Mele', '2008-09-13', 'RM13LK', '3334000018', 'rosanna.mele@gmail.com', 159),
('Angelo', 'Gatti', '1979-02-28', 'AG28QW', '3334000019', 'angelo.gatti@gmail.com', 177),
('Paola', 'Piras', '1962-12-21', 'PP21ER', '3334000020', 'paola.piras62@gmail.com', 163),
('Massimo', 'Sala', '1970-04-17', 'MS17TY', '3334000021', 'sala.massimo@gmail.com', 185),
('Cinzia', 'Pace', '1993-08-04', 'CP04UI', '3334000022', 'cinzia.pace@gmail.com', 167),
('Bruno', 'Valente', '1956-10-28', 'BV28OP', '3334000023', 'bruno.valente@gmail.com', 172),
('Donatella', 'Rizzi', '1985-01-10', 'DR10AS', '3334000024', 'donatella.rizzi@gmail.com', 161),
('Pierluigi', 'Tosi', '1969-05-15', 'PT15DF', '3334000025', 'pl.tosi@gmail.com', 181),
('Daniela', 'Mazza', '2012-09-07', 'DM07GH', '3334000026', 'd.mazza@gmail.com', 152),
('Riccardo', 'Basile', '1978-11-23', 'RB23JK', '3334000027', 'riccardo.basile@gmail.com', 190),
('Assunta', 'Palumbo', '1953-02-14', 'AP14LZ', '3334000028', 'assunta.palumbo@gmail.com', 155),
('Eugenio', 'Sanna', '1965-06-01', 'ES01XN', '3334000029', 'eugenio.sanna@gmail.com', 178),
('Monica', 'Battaglia', '1989-04-18', 'MB18CV', '3334000030', 'm.battaglia89@gmail.com', 169),
('Corrado', 'DeRosa', '1973-12-09', 'CD09BN', '3334000031', 'corrado.derosa@gmail.com', 175),
('Lorena', 'Morelli', '1996-07-26', 'LM26MA', '3334000032', 'lorena.morelli@gmail.com', 162),
('Umberto', 'Serra', '1951-09-03', 'US03KS', '3334000033', 'u.serra51@gmail.com', 173),
('Giusy', 'Longo', '2005-03-20', 'GL20JD', '3334000034', 'giusy.longo@gmail.com', 160),
('Alfonso', 'Bruno', '1967-10-31', 'AB31HF', '3334000035', 'alfonso.bruno@gmail.com', 184),
('Sabrina', 'Guerra', '1991-01-27', 'SG27PD', '3334000036', 'sabrina.guerra@gmail.com', 166),
('Valter', 'Manca', '1957-05-06', 'VM06LQ', '3334000037', 'valter.manca@gmail.com', 179),
('Manuela', 'Costantini', '2006-08-12', 'MC12BT', '3334000038', 'm.costantini@gmail.com', 165),
('Enrico', 'Fabbri', '1975-11-19', 'EF19MN', '3334000039', 'enrico.fabbri@gmail.com', 186),
('Nadia', 'DAmico', '1994-02-08', 'ND08ZC', '3334000040', 'nadia.damico@gmail.com', 161),
('Cesare', 'Rinaldi', '1964-04-24', 'CR24PO', '3334000041', 'cesare.rinaldi@gmail.com', 178),
('Gisella', 'Messina', '2009-09-16', 'GM16RV', '3334000042', 'gisella.messina@gmail.com', 156),
('Guido', 'Caruso', '1984-06-02', 'GC02BX', '3334000043', 'guido.caruso@gmail.com', 181),
('Debora', 'Orlando', '2011-12-11', 'DO11NF', '3334000044', 'debora.orlando@gmail.com', 150),
('Filippo', 'Sala', '1976-01-29', 'FS29MK', '3334000045', 'filippo.sala@gmail.com', 185),
('Michela', 'DeSantis', '2007-10-05', 'MD05LQ', '3334000046', 'michela.ds@gmail.com', 163),
('Pasquale', 'Farina', '1961-03-14', 'PF14XW', '3334000047', 'p.farina@gmail.com', 172),
('Erica', 'Pagani', '2013-07-23', 'EP23JH', '3334000048', 'erica.pagani@gmail.com', 148),
('Luciano', 'Gatti', '1950-11-30', 'LG30VB', '3334000049', 'luciano.gatti@gmail.com', 170),
('Teresa', 'Monti', '1987-05-09', 'TM09ER', '3334000050', 'teresa.monti@gmail.com', 164),
('Gennaro', 'Riva', '1972-08-10', 'GR10TY', '3334000051', 'gennaro.riva@gmail.com', 175),
('Lucia', 'Bellini', '2000-03-21', 'LB21UI', '3334000052', 'lucia.bellini@gmail.com', 166),
('Maurizio', 'Piras', '1960-06-05', 'MP05OP', '3334000053', 'maurizio.piras@gmail.com', 178),
('Cristina', 'Fabbri', '2005-07-15', 'CF15AS', '3334000054', 'cristina.fabbri@gmail.com', 162),
('Emanuele', 'Neri', '1983-11-22', 'EN22DF', '3334000055', 'emanuele.neri@gmail.com', 184),
('Paola', 'Moretti', '1979-02-28', 'PM28GH', '3334000056', 'paola.moretti@gmail.com', 160),
('Sandro', 'Barbieri', '1954-05-11', 'SB11JK', '3334000057', 'sandro.barbieri@gmail.com', 171),
('Ivana', 'Fontana', '1998-12-07', 'IF07LZ', '3334000058', 'ivana.fontana@gmail.com', 165),
('Oscar', 'Leone', '1966-01-30', 'OL30XC', '3334000059', 'oscar.leone@gmail.com', 180),
('Simona', 'Palmieri', '2004-09-02', 'SP02VB', '3334000060', 'simona.palmieri@gmail.com', 161),
('Raffaele', 'Martini', '1952-06-18', 'RM18SD', '3334000061', 'raffaele.martini@gmail.com', 174),
('Luisa', 'Villa', '1986-04-10', 'LV10NM', '3334000062', 'luisa.villa@gmail.com', 167),
('Giacomo', 'Longo', '1970-07-25', 'GL25LK', '3334000063', 'giacomo.longo@gmail.com', 187),
('Carla', 'Colombo', '2014-03-19', 'CC19QW', '3334000064', 'carla.colombo@gmail.com', 140),
('Emilio', 'Bernardi', '1957-08-14', 'EB14ER', '3334000065', 'emilio.bernardi@gmail.com', 173),
('Marina', 'Fiore', '1990-02-23', 'MF23TY', '3334000066', 'marina.fiore@gmail.com', 165),
('Adriano', 'Parisi', '1963-11-05', 'AP05UI', '3334000067', 'adriano.parisi@gmail.com', 181),
('Angela', 'Sanna', '1999-10-10', 'AS10OP', '3334000068', 'angela.sanna@gmail.com', 163),
('Dino', 'Amato', '1951-12-01', 'DA01AS', '3334000069', 'dino.amato@gmail.com', 170),
('Bianca', 'Coppola', '2002-01-17', 'BC17DF', '3334000070', 'bianca.coppola@gmail.com', 166),
('Mirko', 'Ferraro', '1980-05-28', 'MF28GH', '3334000071', 'mirko.ferraro@gmail.com', 179),
('Elisabetta', 'Messina', '1993-08-13', 'EM13JK', '3334000072', 'e.messina@gmail.com', 164),
('Vittorio', 'Caruso', '1955-04-04', 'VC04LZ', '3334000073', 'vittorio.caruso@gmail.com', 176),
('Ornella', 'Vitale', '1984-09-22', 'OV22XC', '3334000074', 'ornella.vitale@gmail.com', 162),
('Pino', 'Orlando', '1968-11-16', 'PO16VB', '3334000075', 'pino.orlando@gmail.com', 174),
('Patrizia', 'Sala', '2005-03-09', 'PS09SD', '3334000076', 'p.sala@gmail.com', 160),
('Costantino', 'DeSantis', '1958-10-01', 'CD01NM', '3334000077', 'c.desantis@gmail.com', 180),
('Sonia', 'Farina', '1988-07-07', 'SF07LK', '3334000078', 'sonia.farina@gmail.com', 168),
('Alfio', 'Pagani', '1962-05-19', 'AP19QW', '3334000079', 'alfio.pagani@gmail.com', 177),
('Lia', 'Gatti', '2010-01-05', 'LG05ER', '3334000080', 'lia.gatti@gmail.com', 152),
('Nello', 'Monti', '1953-12-20', 'NM20TY', '3334000081', 'nello.monti@gmail.com', 172),
('Milly', 'Riva', '1995-06-06', 'MR06UI', '3334000082', 'milly.riva@gmail.com', 161),
('Gaetano', 'Bellini', '1965-03-13', 'GB13OP', '3334000083', 'gaetano.bellini@gmail.com', 183),
('Zita', 'Piras', '2012-10-30', 'ZP30AS', '3334000084', 'zita.piras@gmail.com', 148),
('Armando', 'Fabbri', '1959-09-08', 'AF08DF', '3334000085', 'armando.fabbri@gmail.com', 176),
('Lina', 'Neri', '1982-01-01', 'LN01GH', '3334000086', 'lina.neri@gmail.com', 163),
('Felice', 'Moretti', '1954-07-11', 'FM11JK', '3334000087', 'felice.moretti@gmail.com', 188),
('Flora', 'Barbieri', '2008-05-18', 'FB18LZ', '3334000088', 'flora.barbieri@gmail.com', 157),
('Arturo', 'Fontana', '1971-02-02', 'AF02XC', '3334000089', 'arturo.fontana@gmail.com', 174),
('Ada', 'Leone', '2011-08-24', 'AL24VB', '3334000090', 'ada.leone@gmail.com', 151),
('Remo', 'Palmieri', '1967-04-12', 'RP12SD', '3334000091', 'remo.palmieri@gmail.com', 181),
('Ida', 'Martini', '2004-09-06', 'IM06NM', '3334000092', 'ida.martini@gmail.com', 159),
('Tullio', 'Villa', '1956-06-15', 'TV15LK', '3334000093', 'tullio.villa@gmail.com', 175),
('Dora', 'Longo', '1989-12-21', 'DL21QW', '3334000094', 'dora.longo@gmail.com', 166),
('Livio', 'Colombo', '1961-01-03', 'LC03ER', '3334000095', 'livio.colombo@gmail.com', 179),
('Edda', 'Bernardi', '2003-10-19', 'EB19TY', '3334000096', 'edda.bernardi@gmail.com', 161),
('Italo', 'Fiore', '1950-03-28', 'IF28UI', '3334000097', 'italo.fiore@gmail.com', 170),
('Tina', 'Parisi', '1992-07-12', 'TP12OP', '3334000098', 'tina.parisi@gmail.com', 164),
('Elio', 'Sanna', '1969-11-21', 'ES21AS', '3334000099', 'elio.sanna@gmail.com', 182),
('Clelia', 'Amato', '2014-05-14', 'CA14DF', '3334000100', 'clelia.amato@gmail.com', 138),
('Rocco', 'Coppola', '1976-02-08', 'RC08GH', '3334000101', 'rocco.coppola@gmail.com', 178),
('Ambra', 'Ferraro', '2007-06-17', 'AF17JK', '3334000102', 'ambra.ferraro@gmail.com', 162),
('Gino', 'Messina', '1955-09-25', 'GM25LZ', '3334000103', 'gino.messina@gmail.com', 174),
('Marta', 'Caruso', '2012-03-04', 'MC04XC', '3334000104', 'marta.caruso@gmail.com', 147),
('Aldo', 'Vitale', '1964-12-19', 'AV19VB', '3334000105', 'aldo.vitale@gmail.com', 185),
('Lara', 'Orlando', '2000-05-11', 'LO11SD', '3334000106', 'lara.orlando@gmail.com', 165),
('Vito', 'Sala', '1960-08-22', 'VS22NM', '3334000107', 'vito.sala@gmail.com', 177),
('Mara', 'DeSantis', '2006-01-09', 'MD09LK', '3334000108', 'mara.ds@gmail.com', 161),
('Ivan', 'Farina', '1974-10-27', 'IF27QW', '3334000109', 'ivan.farina@gmail.com', 181),
('Olga', 'Pagani', '2013-04-15', 'OP15ER', '3334000110', 'olga.pagani@gmail.com', 142),
('Omar', 'Gatti', '1983-07-03', 'OG03TY', '3334000111', 'omar.gatti@gmail.com', 180),
('Rina', 'Monti', '1952-11-18', 'RM18UI', '3334000112', 'rina.monti@gmail.com', 158),
('Nino', 'Riva', '1968-06-29', 'NR29OP', '3334000113', 'nino.riva@gmail.com', 179),
('Lina', 'Bellini', '2010-02-07', 'LB07AS', '3334000114', 'lina.bellini@gmail.com', 150),
('Ezio', 'Piras', '1959-09-14', 'EP14DF', '3334000115', 'ezio.piras@gmail.com', 176),
('Ilda', 'Fabbri', '1997-12-01', 'IF01GH', '3334000116', 'ilda.fabbri@gmail.com', 164),
('Arno', 'Neri', '1966-05-20', 'AN20JK', '3334000117', 'arno.neri@gmail.com', 184),
('Alba', 'Moretti', '2011-08-30', 'AM30LZ', '3334000118', 'alba.moretti@gmail.com', 149),
('Loris', 'Barbieri', '1972-01-12', 'LB12XC', '3334000119', 'loris.barbieri@gmail.com', 182),
('Aura', 'Fontana', '2015-06-06', 'AF06VB', '3334000120', 'aura.fontana@gmail.com', 135),
('Igor', 'Leone', '1981-11-11', 'IL11SD', '3334000121', 'igor.leone@gmail.com', 187),
('Asia', 'Palmieri', '2002-03-23', 'AP23NM', '3334000122', 'asia.palmieri@gmail.com', 160),
('Ugo', 'Martini', '1953-07-19', 'UM19LK', '3334000123', 'ugo.martini@gmail.com', 173),
('Ines', 'Villa', '2008-09-04', 'IV04QW', '3334000124', 'ines.villa@gmail.com', 156),
('Ivo', 'Longo', '1964-12-28', 'IL28ER', '3334000125', 'ivo.longo@gmail.com', 178),
('Iris', 'Colombo', '1994-02-10', 'IC10TY', '3334000126', 'iris.colombo@gmail.com', 166),
('Orio', 'Bernardi', '1957-06-05', 'OB05UI', '3334000127', 'orio.bernardi@gmail.com', 171),
('Lea', 'Fiore', '2013-01-17', 'LF17OP', '3334000128', 'lea.fiore@gmail.com', 140),
('Otello', 'Parisi', '1961-10-29', 'OP29AS', '3334000129', 'otello.parisi@gmail.com', 175),
('Tea', 'Sanna', '2009-05-09', 'TS09DF', '3334000130', 'tea.sanna@gmail.com', 153),
('Eno', 'Amato', '1950-03-06', 'EA06GH', '3334000131', 'eno.amato@gmail.com', 169),
('Noa', 'Coppola', '2016-08-22', 'NC22JK', '3334000132', 'noa.coppola@gmail.com', 125),
('Ovidio', 'Ferraro', '1965-12-15', 'OF15LZ', '3334000133', 'ovidio.ferraro@gmail.com', 180),
('Mia', 'Messina', '2011-06-03', 'MM03XC', '3334000134', 'mia.messina@gmail.com', 145),
('Osea', 'Caruso', '1954-11-11', 'OC11VB', '3334000135', 'osea.caruso@gmail.com', 172),
('Dea', 'Vitale', '2005-04-19', 'DV19SD', '3334000136', 'dea.vitale@gmail.com', 162),
('Ario', 'Orlando', '1973-09-30', 'AO30NM', '3334000137', 'ario.orlando@gmail.com', 184),
('Lia', 'Sala', '2014-01-21', 'LS21LK', '3334000138', 'lia.sala@gmail.com', 130),
('Ezio', 'DeSantis', '1958-10-05', 'ED05QW', '3334000139', 'ezio.desantis@gmail.com', 177),
('Eva', 'Farina', '2017-04-14', 'EF14ER', '3334000140', 'eva.farina@gmail.com', 115),
('Isa', 'Pagani', '1991-07-07', 'IP07TY', '3334000141', 'isa.pagani@gmail.com', 165),
('Zoe', 'Gatti', '2008-11-22', 'ZG22UI', '3334000142', 'zoe.gatti@gmail.com', 158),
('Leo', 'Monti', '1960-06-17', 'LM17OP', '3334000143', 'leo.monti@gmail.com', 183),
('Ada', 'Riva', '2015-02-09', 'AR09AS', '3334000144', 'ada.riva@gmail.com', 120),
('Teo', 'Bellini', '1977-09-20', 'TB20DF', '3334000145', 'teo.bellini@gmail.com', 179),
('Pia', 'Piras', '2010-12-03', 'PP03GH', '3334000146', 'pia.piras@gmail.com', 148),
('Livio', 'Fabbri', '1952-05-12', 'LF12JK', '3334000147', 'livio.fabbri@gmail.com', 171),
('Bea', 'Neri', '2012-08-28', 'BN28LZ', '3334000148', 'bea.neri@gmail.com', 144),
('Miro', 'Moretti', '1963-01-30', 'MM30XC', '3334000149', 'miro.moretti@gmail.com', 185),
('Clo', 'Barbieri', '2018-04-06', 'CB06VB', '3334000150', 'clo.barbieri@gmail.com', 110),
('Gaspare', 'Melis', '1958-03-22', 'GM22YT', '3334000151', 'g.melis@gmail.com', 172),
('Eufemia', 'Grossi', '1984-11-09', 'EG09RE', '3334000152', 'e.grossi@gmail.com', 161),
('Baldassarre', 'Rizzo', '1967-07-15', 'BR15PL', '3334000153', 'b.rizzo@gmail.com', 178),
('Genoveffa', 'Santi', '1955-01-30', 'GS30MN', '3334000154', 'g.santi@gmail.com', 159),
('Leopoldo', 'Manca', '1974-12-12', 'LM12PO', '3334000155', 'leopoldo.manca@gmail.com', 182),
('Filomena', 'Gallo', '1992-05-04', 'FG04BV', '3334000156', 'f.gallo@gmail.com', 166),
('Tancredi', 'Basso', '1961-09-27', 'TB27CX', '3334000157', 't.basso@gmail.com', 188),
('Adelaide', 'Serra', '1980-02-18', 'AS18DS', '3334000158', 'a.serra@gmail.com', 163),
('Ermenegildo', 'Russo', '1953-06-03', 'ER03KL', '3334000159', 'e.russo@gmail.com', 175),
('Ottavia', 'Morelli', '2001-08-11', 'OM11XZ', '3334000160', 'o.morelli@gmail.com', 168),
('Amedeo', 'Costa', '1979-11-20', 'AC20CV', '3334000161', 'amedeo.costa@gmail.com', 181),
('Palmira', 'Fonti', '1964-03-14', 'PF14FG', '3334000162', 'p.fonti@gmail.com', 162),
('Ludovico', 'Verdi', '1995-07-07', 'LV07BN', '3334000163', 'l.verdi@gmail.com', 186),
('Isotta', 'Pace', '2009-02-28', 'IP28TY', '3334000164', 'i.pace@gmail.com', 155),
('Aristide', 'Neri', '1951-10-05', 'AN05SD', '3334000165', 'a.neri@gmail.com', 170),
('Gertrude', 'Poli', '1987-12-12', 'GP12WE', '3334000166', 'g.poli@gmail.com', 164),
('Evaristo', 'Moro', '1962-04-19', 'EM19XC', '3334000167', 'e.moro@gmail.com', 173),
('Amalia', 'Longo', '1999-01-22', 'AL22RT', '3334000168', 'amalia.longo@gmail.com', 166),
('Sigismondo', 'Sala', '1958-09-01', 'SS01IU', '3334000169', 's.sala@gmail.com', 179),
('Eulalia', 'Villa', '2012-05-15', 'EV15NM', '3334000170', 'e.villa@gmail.com', 148),
('Bonifacio', 'Fabbri', '1966-11-30', 'BF30OP', '3334000171', 'b.fabbri@gmail.com', 183),
('Cunegonda', 'DAmico', '1954-07-07', 'CD07QW', '3334000172', 'c.damico@gmail.com', 157),
('Teodoro', 'Rinaldi', '1975-03-13', 'TR13AS', '3334000173', 't.rinaldi@gmail.com', 177),
('Demetra', 'Messina', '2004-10-24', 'DM24DF', '3334000174', 'd.messina@gmail.com', 165),
('Pancrazio', 'Caruso', '1959-12-11', 'PC11GH', '3334000175', 'p.caruso@gmail.com', 172),
('Priscilla', 'Orlando', '1991-08-19', 'PO19JK', '3334000176', 'p.orlando@gmail.com', 161),
('Goffredo', 'Bellini', '1963-01-29', 'GB29LZ', '3334000177', 'g.bellini@gmail.com', 180),
('Dorotea', 'Piras', '2008-05-09', 'DP09XC', '3334000178', 'd.piras@gmail.com', 159),
('Anselmo', 'Sanna', '1950-10-10', 'AS10VB', '3334000179', 'a.sanna@gmail.com', 171),
('Ursula', 'Amato', '1983-02-23', 'UA23SD', '3334000180', 'u.amato@gmail.com', 167),
('Venceslao', 'Coppola', '1969-11-05', 'VC05NM', '3334000181', 'v.coppola@gmail.com', 185),
('Agata', 'Ferraro', '1996-03-28', 'AF28LK', '3334000182', 'a.ferraro@gmail.com', 163),
('Quirino', 'Moretti', '1957-07-12', 'QM12QW', '3334000183', 'q.moretti@gmail.com', 174),
('Bice', 'Barbieri', '2013-11-21', 'BB21ER', '3334000184', 'b.barbieri@gmail.com', 139),
('Egidio', 'Neri', '1965-06-15', 'EN15TY', '3334000185', 'e.neri@gmail.com', 178),
('Leda', 'Palmieri', '2010-09-06', 'LP06UI', '3334000186', 'l.palmieri@gmail.com', 152),
('Oronzo', 'Martini', '1952-12-01', 'OM01OP', '3334000187', 'o.martini@gmail.com', 170),
('Nives', 'Villa', '1989-05-14', 'NV14AS', '3334000188', 'n.villa@gmail.com', 164),
('Pacifico', 'Longo', '1961-04-12', 'PL12DF', '3334000189', 'p.longo@gmail.com', 176),
('Selvaggia', 'Colombo', '2005-08-13', 'SC13GH', '3334000190', 's.colombo@gmail.com', 168),
('Liborio', 'Bernardi', '1956-02-08', 'LB08JK', '3334000191', 'l.bernardi@gmail.com', 175),
('Speranza', 'Fiore', '1993-10-19', 'SF19LZ', '3334000192', 's.fiore@gmail.com', 162),
('Giacinto', 'Parisi', '1960-03-06', 'GP06XC', '3334000193', 'g.parisi@gmail.com', 179),
('Azzurra', 'Sanna', '2011-06-17', 'AS17VB', '3334000194', 'a.sanna@gmail.com', 150),
('Primo', 'Amato', '1951-09-25', 'PA25SD', '3334000195', 'p.amato@gmail.com', 172),
('Seconda', 'Coppola', '1984-03-04', 'SC04NM', '3334000196', 's.coppola@gmail.com', 160),
('Terzo', 'Ferraro', '1968-12-19', 'TF19LK', '3334000197', 't.ferraro@gmail.com', 181),
('Quarta', 'Messina', '2000-05-11', 'QM11QW', '3334000198', 'q.messina@gmail.com', 166),
('Quinto', 'Caruso', '1955-08-22', 'QC22ER', '3334000199', 'q.caruso@gmail.com', 174),
('Sesta', 'Vitale', '2007-01-09', 'SV09TY', '3334000200', 's.vitale@gmail.com', 159),

-- Gruppo 2016
('Matteo', 'Rinaldi', '2016-03-12', 'MR12GH', NULL, NULL, 134),
('Sofia', 'Gallo', '2016-05-22', 'SG22KL', NULL, NULL, 128),
('Leonardo', 'Festa', '2016-01-15', 'LF15TY', NULL, NULL, 140),
('Aurora', 'Basso', '2016-07-08', 'AB08RE', NULL, NULL, 132),
('Tommaso', 'Santi', '2016-02-29', 'TS29PL', NULL, NULL, 135),
('Giulia', 'Meli', '2016-04-10', 'GM10MN', NULL, NULL, 131),
('Riccardo', 'Costa', '2016-09-03', 'RC03CV', NULL, NULL, 138),
('Emma', 'Neri', '2016-11-18', 'EN18BN', NULL, NULL, 127),
('Gabriele', 'Rizzo', '2016-06-25', 'GR25XC', NULL, NULL, 142),
('Alice', 'Fonti', '2016-08-12', 'AF12FG', NULL, NULL, 129),
('Edoardo', 'Mazza', '2016-10-05', 'EM05OP', NULL, NULL, 136),
('Ginevra', 'Villa', '2016-12-01', 'GV01RT', NULL, NULL, 130),
('Federico', 'Sacco', '2016-03-27', 'FS27QW', NULL, NULL, 137),
('Beatrice', 'Grassi', '2016-05-09', 'BG09AS', NULL, NULL, 133),
('Alessandro', 'Basile', '2016-01-20', 'AB20DF', NULL, NULL, 144),
('Vittoria', 'Longo', '2016-07-14', 'VL14GH', NULL, NULL, 126),
('Diego', 'Pace', '2016-02-11', 'DP11JK', NULL, NULL, 139),
('Ludovica', 'Moro', '2016-09-30', 'LM30LZ', NULL, NULL, 131),
('Francesco', 'Valente', '2016-06-04', 'FV04XN', NULL, NULL, 141),
('Matilde', 'Guerra', '2016-04-17', 'MG17PO', NULL, NULL, 128),
('Lorenzo', 'Della', '2016-08-28', 'LD28MA', NULL, NULL, 143),
('Chiara', 'Piras', '2016-11-06', 'CP06SD', NULL, NULL, 125),
('Samuele', 'Foti', '2016-01-22', 'SF22VB', NULL, NULL, 136),
('Nicole', 'Boschi', '2016-10-15', 'NB15ER', NULL, NULL, 132),
('Christian', 'Poli', '2016-03-08', 'CP08UI', NULL, NULL, 138),

-- Gruppo 2008
('Valerio', 'Dotti', '2008-04-12', 'VD12ZX', NULL, NULL, 172),
('Manuela', 'Serti', '2008-06-25', 'MS25KL', NULL, NULL, 164),
('Kevin', 'Riva', '2008-01-15', 'KR15MN', NULL, NULL, 175),
('Asia', 'Galli', '2008-09-08', 'AG08OP', NULL, NULL, 160),
('Manuel', 'Bini', '2008-03-30', 'MB30QW', NULL, NULL, 170),
('Gaia', 'Neri', '2008-11-10', 'GN10ER', NULL, NULL, 163),
('Christian', 'Fabbri', '2008-05-22', 'CF22TY', NULL, NULL, 178),
('Denise', 'Poli', '2008-07-14', 'DP14UI', NULL, NULL, 159),
('Yuri', 'Costa', '2008-12-05', 'YC05AS', NULL, NULL, 174),
('Sara', 'Villa', '2008-02-19', 'SV19DF', NULL, NULL, 162),
('Igor', 'Mazza', '2008-08-03', 'IM03GH', NULL, NULL, 169),
('Elena', 'Sanna', '2008-10-27', 'ES27JK', NULL, NULL, 161),
('Tiziano', 'Martini', '2008-04-06', 'TM06LZ', NULL, NULL, 176),
('Marta', 'Piras', '2008-12-31', 'MP31XC', NULL, NULL, 158),
('Alex', 'Fontana', '2008-01-20', 'AF20VB', NULL, NULL, 173),

-- Gruppo 2010
('Pietro', 'Guerra', '2010-02-10', 'PG10BN', NULL, NULL, 145),
('Lara', 'Serra', '2010-04-22', 'LS22MK', NULL, NULL, 140),
('Flavio', 'Moretti', '2010-01-05', 'FM05JH', NULL, NULL, 148),
('Anita', 'Barbieri', '2010-07-19', 'AB19RT', NULL, NULL, 138),
('Gioele', 'Palmieri', '2010-03-13', 'GP13WE', NULL, NULL, 144),
('Miriam', 'Colombo', '2010-09-30', 'MC30CV', NULL, NULL, 142),
('Brando', 'Bernardi', '2010-06-08', 'BB08FG', NULL, NULL, 146),
('Viola', 'Fiore', '2010-12-21', 'VF21OP', NULL, NULL, 139),
('Dante', 'Parisi', '2010-05-18', 'DP18SD', NULL, NULL, 147),
('Noa', 'Amato', '2010-11-06', 'NA06VB', NULL, NULL, 135),
('Zeno', 'Coppola', '2010-08-24', 'ZC24LK', NULL, NULL, 143),
('Mia', 'Ferraro', '2010-10-12', 'MF12QW', NULL, NULL, 141),
('Enea', 'Messina', '2010-02-28', 'EM28ER', NULL, NULL, 145),
('Luna', 'Caruso', '2010-04-14', 'LC14TY', NULL, NULL, 137),
('Gino', 'Vitale', '2010-01-03', 'GV03UI', NULL, NULL, 149),
('Rosa', 'Orlando', '2010-07-07', 'RO07AS', NULL, NULL, 136),
('Ivan', 'Sala', '2010-03-28', 'IS28DF', NULL, NULL, 144),
('Ada', 'DeSantis', '2010-09-22', 'AD22GH', NULL, NULL, 138),
('Ugo', 'Farina', '2010-05-19', 'UF19JK', NULL, NULL, 146),
('Ilda', 'Pagani', '2010-11-30', 'IP30LZ', NULL, NULL, 134),
('Omar', 'Gatti', '2010-06-15', 'OG15XC', NULL, NULL, 148),
('Tea', 'Monti', '2010-12-01', 'TM01VB', NULL, NULL, 135),
('Leo', 'Riva', '2010-04-12', 'LR12SD', NULL, NULL, 147),
('Cloe', 'Bellini', '2010-02-09', 'CB09NM', NULL, NULL, 133),
('Ezio', 'Piras', '2010-08-22', 'EP22LK', NULL, NULL, 145),

-- Gruppo 2012
('Rocco', 'Festa', '2012-01-17', 'RF17QW', NULL, NULL, 135),
('Ambra', 'Santi', '2012-05-28', 'AS28ER', NULL, NULL, 130),
('Vito', 'Meli', '2012-04-04', 'VM04TY', NULL, NULL, 138),
('Mara', 'Basso', '2012-09-22', 'MB22UI', NULL, NULL, 128),
('Aldo', 'Mazza', '2012-11-16', 'AM16OP', NULL, NULL, 136),
('Lara', 'Villa', '2012-03-09', 'LV09AS', NULL, NULL, 129),
('Ivan', 'Sacco', '2012-10-01', 'IS01DF', NULL, NULL, 137),
('Olga', 'Grassi', '2012-07-07', 'OG07GH', NULL, NULL, 127),
('Nino', 'Basile', '2012-05-19', 'NB19JK', NULL, NULL, 139),
('Lina', 'Longo', '2012-01-05', 'LL05LZ', NULL, NULL, 126),
('Arno', 'Pace', '2012-12-20', 'AP20XC', NULL, NULL, 134),
('Alba', 'Moro', '2012-06-06', 'AM06VB', NULL, NULL, 125),
('Loris', 'Valente', '2012-03-13', 'LV13SD', NULL, NULL, 138),
('Aura', 'Guerra', '2012-10-30', 'AG30NM', NULL, NULL, 129),
('Igor', 'Della', '2012-09-08', 'ID08LK', NULL, NULL, 137),
('Asia', 'Piras', '2012-01-01', 'AP01QW', NULL, NULL, 128),
('Ugo', 'Foti', '2012-07-11', 'UF11ER', NULL, NULL, 140),
('Ines', 'Boschi', '2012-05-18', 'IB18TY', NULL, NULL, 127),
('Ivo', 'Poli', '2012-02-02', 'IP02UI', NULL, NULL, 136),
('Iris', 'Martini', '2012-08-24', 'IM24OP', NULL, NULL, 126),
('Orio', 'Neri', '2012-04-12', 'ON12AS', NULL, NULL, 135),
('Lea', 'Rossi', '2012-09-06', 'LR06DF', NULL, NULL, 129),

-- Gruppo 2014
('Eno', 'Fiore', '2014-06-15', 'EF15GH', NULL, NULL, 125),
('Noa', 'Parisi', '2014-12-21', 'NP21JK', NULL, NULL, 118),
('Otello', 'Sanna', '2014-01-03', 'OS03LZ', NULL, NULL, 128),
('Tea', 'Amato', '2014-10-19', 'TA19XC', NULL, NULL, 119),
('Noè', 'Coppola', '2014-03-28', 'NC28VB', NULL, NULL, 126),
('Mia', 'Ferraro', '2014-07-12', 'MF12SD', NULL, NULL, 120),
('Ovidio', 'Messina', '2014-11-21', 'OM21NM', NULL, NULL, 127),
('Mila', 'Caruso', '2014-05-14', 'MC14LK', NULL, NULL, 117),
('Osea', 'Vitale', '2014-02-08', 'OV08QW', NULL, NULL, 129),
('Dea', 'Orlando', '2014-06-17', 'DO17ER', NULL, NULL, 121),
('Ario', 'Sala', '2014-09-25', 'AS25TY', NULL, NULL, 124),
('Lia', 'DeSantis', '2014-03-04', 'LD04UI', NULL, NULL, 116),
('Ezio', 'Farina', '2014-12-19', 'EF19OP', NULL, NULL, 128),
('Eva', 'Pagani', '2014-05-11', 'EP11AS', NULL, NULL, 115),
('Isa', 'Gatti', '2014-08-22', 'IG22DF', NULL, NULL, 126),
('Zoe', 'Monti', '2014-01-09', 'ZM09GH', NULL, NULL, 118),
('Leo', 'Riva', '2014-10-27', 'LR27JK', NULL, NULL, 127),
('Ada', 'Bellini', '2014-04-15', 'AB15LZ', NULL, NULL, 119),
('Teo', 'Piras', '2014-07-03', 'TP03XC', NULL, NULL, 125),
('Pia', 'Fabbri', '2014-11-18', 'PF18VB', NULL, NULL, 117),
('Livio', 'Neri', '2014-06-29', 'LN29SD', NULL, NULL, 129),
('Bea', 'Gallo', '2014-02-07', 'BG07NM', NULL, NULL, 116),
('Miro', 'Meli', '2014-09-14', 'MM14LK', NULL, NULL, 126),
('Clo', 'Basso', '2014-12-01', 'CB01QW', NULL, NULL, 115);

/*APPARTENENZA*/
INSERT INTO appartenenza (codiceGruppo, CF) VALUES 
(1, 'MR12GH'), (1, 'SG22KL'), (1, 'LF15TY'), (1, 'AB08RE'), (1, 'TS29PL'), 
(1, 'GM10MN'), (1, 'RC03CV'), (1, 'EN18BN'), (1, 'GR25XC'), (1, 'AF12FG'), 
(1, 'EM05OP'), (1, 'GV01RT'), (1, 'FS27QW'), (1, 'BG09AS'), (1, 'AB20DF'), 
(1, 'VL14GH'), (1, 'DP11JK'), (1, 'LM30LZ'), (1, 'FV04XN'), (1, 'MG17PO'), 
(1, 'LD28MA'), (1, 'CP06SD'), (1, 'SF22VB'), (1, 'NB15ER'), (1, 'CP08UI');

INSERT INTO appartenenza (codiceGruppo, CF) VALUES 
(2, 'VD12ZX'),(2, 'MS25KL'),(2, 'KR15MN'),(2, 'AG08OP'),(2, 'MB30QW'),
(2, 'GN10ER'),(2, 'CF22TY'),(2, 'DP14UI'),(2, 'YC05AS'),(2, 'SV19DF'),
(2, 'IM03GH'),(2, 'ES27JK'),(2, 'TM06LZ'),(2, 'MP31XC'),(2, 'AF20VB');

INSERT INTO appartenenza (codiceGruppo, CF) VALUES 
(4, 'PG10BN'), (4, 'LS22MK'),(4, 'FM05JH'),(4, 'AB19RT'),(4, 'GP13WE'),
(4, 'MC30CV'),(4, 'BB08FG'),(4, 'VF21OP'),(4, 'DP18SD'),(4, 'NA06VB'),
(4, 'ZC24LK'),(4, 'MF12QW'),(4, 'EM28ER'),(4, 'LC14TY'),(4, 'GV03UI'),
(4, 'RO07AS'),(4, 'IS28DF'),(4, 'AD22GH'),(4, 'UF19JK'),(4, 'IP30LZ'),
(4, 'OG15XC'),(4, 'TM01VB'),(4, 'LR12SD'),(4, 'CB09NM'),(4, 'EP22LK');

INSERT INTO appartenenza (codiceGruppo, CF) VALUES 
(6, 'RF17QW'),(6, 'AS28ER'),(6, 'VM04TY'),(6, 'MB22UI'),(6, 'AM16OP'),
(6, 'LV09AS'),(6, 'IS01DF'),(6, 'OG07GH'),(6, 'NB19JK'),(6, 'LL05LZ'),
(6, 'AP20XC'),(6, 'AM06VB'),(6, 'LV13SD'),(6, 'AG30NM'),(6, 'ID08LK'),
(6, 'AP01QW'),(6, 'UF11ER'),(6, 'IB18TY'),(6, 'IP02UI'),(6, 'IM24OP'),
(6, 'ON12AS'),(6, 'LR06DF');

INSERT INTO appartenenza (codiceGruppo, CF) VALUES 
(7, 'EF15GH'),(7, 'NP21JK'),(7, 'OS03LZ'),(7, 'TA19XC'),(7, 'NC28VB'),
(7, 'MF12SD'),(7, 'OM21NM'),(7, 'MC14LK'),(7, 'OV08QW'),(7, 'DO17ER'),
(7, 'AS25TY'),(7, 'LD04UI'),(7, 'EF19OP'),(7, 'EP11AS'),(7, 'IG22DF'),
(7, 'ZM09GH'),(7, 'LR27JK'),(7, 'AB15LZ'),(7, 'TP03XC'),(7, 'PF18VB'),
(7, 'LN29SD'),(7, 'BG07NM'),(7, 'MM14LK'),(7, 'CB01QW');

INSERT INTO appartenenza (codiceGruppo, CF) VALUES 
(3, 'ML19AA'),(3, 'VB25CC'),(3, 'IG21GG'),(3, 'SR10KK'),(3, 'RM23NN'), 
(3, 'AC18QQ'),(3, 'DA31VV'), (3, 'EM12YY'), (3, 'GO24CB'),(3, 'SP29GF');

INSERT INTO appartenenza (codiceGruppo, CF) VALUES 
(5, 'CN22AA'),(5, 'VB03CC'), (5, 'GM05HH'), (5, 'MF22ZZ'), (5, 'TR12UU'), 
(5, 'RC08GH'),(5, 'MC04XC'),(5, 'MD09LK');

/*ATTIVITA COMMERICIALE*/
INSERT INTO ATTIVITA_COMMERCIALE(codiceAttivita, nomeAttivita, orarioApertura, orarioChiusura, disponibilita, numeroDipendenti, tipologiaAttivita) VALUES 
(1, 'Toro In Piedi Saloon', '11:30:00', '22:30:00', 1, 4, 'puntiRistoro'),
(2, 'Paddock Coffee', '11:30:00', '22:30:00', 1, 4, 'puntiRistoro'),
(3, 'Akira Sushi', '11:30:00', '22:30:00', 1, 5, 'puntiRistoro'),
(4, 'Dino''s pizza time', '11:30:00', '22:30:00', 1, 3, 'puntiRistoro'),
(5, 'Katun Grill', '11:30:00', '22:30:00', 1, 10, 'puntiRistoro'),
(6, 'Scrambler BBQ', '11:30:00', '22:30:00', 1, 7, 'puntiRistoro'),
(7, 'Cantina El Tesoro', '11:30:00', '22:30:00', 1, 7, 'puntiRistoro'),
(8, 'McDonald', '11:30:00', '22:30:00', 1, 10, 'puntiRistoro'),
(9, 'Churros & Magia', '11:30:00', '22:30:00', 1, 3, 'puntiRistoro'),
(10, 'Pretzel Planet', '11:30:00', '22:30:00', 1, 3, 'puntiRistoro'),
(11, 'Popcorn Volcano', '11:30:00', '22:30:00', 1, 2, 'puntiRistoro'),
(12, 'Il Saloon dello Sceriffo', '11:30:00', '22:30:00', 1, 7, 'puntiRistoro'),
(13, 'Pizzeria La Piazza Incantata', '11:30:00', '22:30:00', 1, 7, 'puntiRistoro'),
(14, 'Chiosco da Riccardo', '11:30:00', '22:30:00', 1, 2, 'puntiRistoro'),
(15, 'Trattoria da Giovanni', '11:30:00', '22:30:00', 1, 5, 'puntiRistoro'),
(16, 'CandyShop by Francesca', '11:30:00', '22:30:00', 1, 1, 'puntiRistoro');
INSERT INTO ATTIVITA_COMMERCIALE(codiceAttivita, nomeAttivita, orarioApertura, orarioChiusura, disponibilita, numeroDipendenti, tipologiaAttivita) VALUES 
(17, 'Katun Scream Shot', '11:30:00', '22:30:00', 1, 2, 'NegozioFoto'),
(18, 'Desmo Photo Finish', '11:30:00', '22:30:00', 1, 2, 'NegozioFoto'),
(19, 'Gold Digger Click', '11:30:00', '22:30:00', 1, 2, 'NegozioFoto'),
(20, 'Master Thai Photo', '11:30:00', '22:30:00', 1, 2, 'NegozioFoto'),
(21, 'Rexplorer Memories', '11:30:00', '22:30:00', 1, 2, 'NegozioFoto'),
(22, 'Buffalo Bill Snaps', '11:30:00', '22:30:00', 1, 2, 'NegozioFoto'),
(23, 'Diavel Ring Pic', '11:30:00', '22:30:00', 1, 2, 'NegozioFoto'),
(24, 'Vortex Action Photo', '11:30:00', '22:30:00', 1, 2, 'NegozioFoto'),
(25, 'Titan Sky View', '11:30:00', '22:30:00', 1, 2, 'NegozioFoto'),
(26, 'Sky Piercer Shot', '11:30:00', '22:30:00', 1, 2, 'NegozioFoto'),
(27, 'Shadow Racer Flash', '11:30:00', '22:30:00', 1, 2, 'NegozioFoto'),
(28, 'Cobra Photo Point', '11:30:00', '22:30:00', 1, 2, 'NegozioFoto'),
(29, 'Meteorite Space Shot', '11:30:00', '22:30:00', 1, 2, 'NegozioFoto'),
(30, 'Reset Future Cam', '11:30:00', '22:30:00', 1, 2, 'NegozioFoto'),
(31, 'Rio Bravo Splash', '11:30:00', '22:30:00', 1, 2, 'NegozioFoto'),
(32, 'Autosplash Wash', '11:30:00', '22:30:00', 1, 2, 'NegozioFoto'),
(33, 'El Dorado Waterfall', '11:30:00', '22:30:00', 1, 2, 'NegozioFoto'),
(34, 'Raratonga Volcano Pic', '11:30:00', '22:30:00', 1, 2, 'NegozioFoto'),
(35, 'Rubble Rapids Photo', '11:30:00', '22:30:00', 1, 2, 'NegozioFoto'),
(36, 'Adventure Bay Smiles', '11:30:00', '22:30:00', 1, 2, 'NegozioFoto'),
(37, 'Aquila Flight Photo', '11:30:00', '22:30:00', 1, 2, 'NegozioFoto'),
(38, 'Geronimo Jump Shot', '11:30:00', '22:30:00', 1, 2, 'NegozioFoto'),
(39, 'Boots Balloon Pic', '11:30:00', '22:30:00', 1, 2, 'NegozioFoto'),
(40, 'Bicisauro Photo', '11:30:00', '22:30:00', 1, 2, 'NegozioFoto'),
(41, 'Cowabunga Snap', '11:30:00', '22:30:00', 1, 2, 'NegozioFoto'),
(42, 'Jellyfish Memories', '11:30:00', '22:30:00', 1, 2, 'NegozioFoto'),
(43, 'Kiddy Monster Pic', '11:30:00', '22:30:00', 1, 2, 'NegozioFoto'),
(44, 'Monosauro Egg Photo', '11:30:00', '22:30:00', 1, 2, 'NegozioFoto'),
(45, 'Raptotana Cave Pic', '11:30:00', '22:30:00', 1, 2, 'NegozioFoto'),
(46, 'AlgigaWheel View', '11:30:00', '22:30:00', 1, 2, 'NegozioFoto'),
(47, 'Reptilium Photo', '11:30:00', '22:30:00', 1, 2, 'NegozioFoto'),
(48, 'Trenino Rainbow Pic', '11:30:00', '22:30:00', 1, 3, 'NegozioFoto'),
(49, 'Tazze Magiche Spin', '11:30:00', '22:30:00', 1, 3, 'NegozioFoto');

/* --- NEGOZI DI SOUVENIRS e Sala Giochi --- */

INSERT INTO ATTIVITA_COMMERCIALE(codiceAttivita, nomeAttivita, orarioApertura, orarioChiusura, disponibilita, numeroDipendenti, tipologiaAttivita) VALUES 
(50, 'Mirabilia Emporium', '10:00:00', '23:00:00', 1, 3, 'ShopSouvenirs'),
(51, 'Dino Market', '11:30:00', '22:30:00', 1, 3, 'ShopSouvenirs'),
(52, 'Western General Store', '11:30:00', '22:30:00', 1, 3, 'ShopSouvenirs'),
(53, 'Galactic Gadgets', '11:30:00', '22:30:00', 1, 3, 'ShopSouvenirs'),
(54, 'Il Tesoro dei Pirati', '11:30:00', '22:30:00', 1, 3, 'ShopSouvenirs'),
(55, 'La Bottega delle Fate', '11:30:00', '22:30:00', 1, 3, 'ShopSouvenirs'),
(56, 'Speed Shop', '11:30:00', '22:30:00', 1, 3, 'ShopSouvenirs'),
(57, 'Peluche Paradise', '11:30:00', '22:30:00', 1, 3, 'ShopSouvenirs'),
(58, 'Arcade Kingdom', '10:30:00', '22:45:00', 1, 3, 'salaGiochi');

/*Giostra*/
INSERT INTO GIOSTRA(nomeGiostra,capienza, disponibilita, etaMinima, durataGiostra, acquatica, etaMassima, velocita, altezzaMaxVisitatore, tipologiaGiostra)
VALUES ('Katun',32, 1, 12, 145, 1, 80, 110, 200, 'Montagne Russe');

INSERT INTO GIOSTRA(nomeGiostra, capienza, disponibilita, etaMinima, durataGiostra, acquatica, etaMassima, velocita, altezzaMaxVisitatore, tipologiaGiostra)
VALUES ('Desmo Race', 24, 1, 10, 120, FALSE, 80, 100, 200, 'Montagne Russe');

INSERT INTO GIOSTRA(nomeGiostra, capienza, disponibilita, etaMinima, durataGiostra, acquatica, etaMassima, velocita, altezzaMaxVisitatore, tipologiaGiostra)
VALUES ('Gold Digger', 4, 1, 6, 180, FALSE, 99, 45, 200, 'Montagne Russe');

INSERT INTO GIOSTRA(nomeGiostra, capienza, disponibilita, etaMinima, durataGiostra, acquatica, etaMassima, velocita, altezzaMaxVisitatore, tipologiaGiostra)
VALUES ('Master Thai', 20, 1, 6, 110, FALSE, 99, 50, 200, 'Montagne Russe');

INSERT INTO GIOSTRA(nomeGiostra,capienza, disponibilita, etaMinima, durataGiostra, acquatica, etaMassima, velocita, altezzaMaxVisitatore, tipologiaGiostra)
VALUES ('Rexplorer', 20, 1, 5, 90, FALSE, 99, 35, 190, 'Montagne Russe');

INSERT INTO GIOSTRA(nomeGiostra, capienza, disponibilita, etaMinima, durataGiostra, acquatica, etaMassima, velocita, altezzaMaxVisitatore, tipologiaGiostra)
VALUES ('Buffalo Bill Rodeo', 40, 1, 8, 120, FALSE, 99, 50, 200, 'Montagne Russe');

INSERT INTO GIOSTRA(nomeGiostra, capienza, disponibilita, etaMinima, durataGiostra, acquatica, etaMassima, velocita, altezzaMaxVisitatore, tipologiaGiostra)
VALUES ('Diavel Ring', 24, 1, 10, 120, FALSE, 99, 30, 195, 'Montagne Russe');

INSERT INTO GIOSTRA(nomeGiostra, capienza, disponibilita, etaMinima, durataGiostra, acquatica, etaMassima, velocita, altezzaMaxVisitatore, tipologiaGiostra)
VALUES ('Vortex', 28, 1, 14, 130, FALSE, 80, 95, 200, 'Montagne Russe');

INSERT INTO GIOSTRA(nomeGiostra, capienza, disponibilita, etaMinima, durataGiostra, acquatica, etaMassima, velocita, altezzaMaxVisitatore, tipologiaGiostra)
VALUES ('Titan', 32, 1, 14, 160, FALSE, 80, 120, 200, 'Montagne Russe');

INSERT INTO GIOSTRA(nomeGiostra, capienza, disponibilita, etaMinima, durataGiostra, acquatica, etaMassima, velocita, altezzaMaxVisitatore, tipologiaGiostra)
VALUES ('Sky Piercer', 16, 1, 12, 60, FALSE, 80, 130, 200, 'Montagne Russe');

INSERT INTO GIOSTRA(nomeGiostra, capienza, disponibilita, etaMinima, durataGiostra, acquatica, etaMassima, velocita, altezzaMaxVisitatore, tipologiaGiostra)
VALUES ('Shadow Racer', 20, 1, 10, 110, FALSE, 80, 70, 200, 'Montagne Russe');

INSERT INTO GIOSTRA(nomeGiostra, capienza, disponibilita, etaMinima, durataGiostra, acquatica, etaMassima, velocita, altezzaMaxVisitatore, tipologiaGiostra)
VALUES ('Cobra Express', 24, 1, 8, 100, FALSE, 99, 60, 200, 'Montagne Russe');

INSERT INTO GIOSTRA(nomeGiostra, capienza, disponibilita, etaMinima, durataGiostra, acquatica, etaMassima, velocita, altezzaMaxVisitatore, tipologiaGiostra)
VALUES ('Meteorite', 18, 1, 12, 90, FALSE, 80, 85, 200, 'Montagne Russe');

/* Avventura */
INSERT INTO GIOSTRA(nomeGiostra, capienza, disponibilita, etaMinima, durataGiostra, acquatica, etaMassima, velocita, altezzaMaxVisitatore, tipologiaGiostra)
VALUES ('Reset', 10, 1, 4, 240, FALSE, 99, 5, 200, 'Avventura');

INSERT INTO GIOSTRA(nomeGiostra, capienza, disponibilita, etaMinima, durataGiostra, acquatica, etaMassima, velocita, altezzaMaxVisitatore, tipologiaGiostra)
VALUES ('Rio Bravo', 8, 1, 6, 300, TRUE, 99, 20, 200, 'Avventura');

INSERT INTO GIOSTRA(nomeGiostra, capienza, disponibilita, etaMinima, durataGiostra, acquatica, etaMassima, velocita, altezzaMaxVisitatore, tipologiaGiostra)
VALUES ('Autosplash', 4, 1, 5, 240, TRUE, 99, 40, 200, 'Avventura');

INSERT INTO GIOSTRA(nomeGiostra, capienza, disponibilita, etaMinima, durataGiostra, acquatica, etaMassima, velocita, altezzaMaxVisitatore, tipologiaGiostra)
VALUES ('El Dorado Falls', 20, 1, 8, 180, TRUE, 99, 70, 200, 'Avventura');

INSERT INTO GIOSTRA(nomeGiostra, capienza, disponibilita, etaMinima, durataGiostra, acquatica, etaMassima, velocita, altezzaMaxVisitatore, tipologiaGiostra)
VALUES ('Raratonga', 4, 1, 4, 200, TRUE, 99, 5, 200, 'Avventura');

INSERT INTO GIOSTRA(nomeGiostra, capienza, disponibilita, etaMinima, durataGiostra, acquatica, etaMassima, velocita, altezzaMaxVisitatore, tipologiaGiostra)
VALUES ('Rubble''s Rapids', 6, 1, 4, 240, TRUE, 99, 10, 200, 'Avventura');

/* Bambini */
INSERT INTO GIOSTRA(nomeGiostra, capienza, disponibilita, etaMinima, durataGiostra, acquatica, etaMassima, velocita, altezzaMaxVisitatore, tipologiaGiostra)
VALUES ('Adventure Bay Carousel', 30, 1, 3, 180, FALSE, 12, 25, 160, 'Bambini');

INSERT INTO GIOSTRA(nomeGiostra, capienza, disponibilita, etaMinima, durataGiostra, acquatica, etaMassima, velocita, altezzaMaxVisitatore, tipologiaGiostra)
VALUES ('Aquila Tonante', 16, 1, 4, 120, FALSE, 14, 20, 170, 'Bambini');

INSERT INTO GIOSTRA(nomeGiostra, capienza, disponibilita, etaMinima, durataGiostra, acquatica, etaMassima, velocita, altezzaMaxVisitatore, tipologiaGiostra)
VALUES ('Torri Geronimo', 12, 1, 5, 100, FALSE, 14, 25, 180, 'Bambini');

INSERT INTO GIOSTRA(nomeGiostra, capienza, disponibilita, etaMinima, durataGiostra, acquatica, etaMassima, velocita, altezzaMaxVisitatore, tipologiaGiostra)
VALUES ('Boots'' Balloons', 16, 1, 3, 120, FALSE, 12, 15, 160, 'Bambini');

INSERT INTO GIOSTRA(nomeGiostra, capienza, disponibilita, etaMinima, durataGiostra, acquatica, etaMassima, velocita, altezzaMaxVisitatore, tipologiaGiostra)
VALUES ('Bicisauro', 12, 1, 4, 150, FALSE, 12, 18, 160, 'Bambini');

INSERT INTO GIOSTRA(nomeGiostra, capienza, disponibilita, etaMinima, durataGiostra, acquatica, etaMassima, velocita, altezzaMaxVisitatore, tipologiaGiostra)
VALUES ('Cowabunga Carts', 20, 1, 3, 120, FALSE, 10, 16, 150, 'Bambini');

INSERT INTO GIOSTRA(nomeGiostra, capienza, disponibilita, etaMinima, durataGiostra, acquatica, etaMassima, velocita, altezzaMaxVisitatore, tipologiaGiostra)
VALUES ('Jellyfish Jam', 24, 1, 3, 120, FALSE, 12,15, 160, 'Bambini');

INSERT INTO GIOSTRA(nomeGiostra, capienza, disponibilita, etaMinima, durataGiostra, acquatica, etaMassima, velocita, altezzaMaxVisitatore, tipologiaGiostra)
VALUES ('Kiddy Monster', 16, 1, 3, 120, FALSE, 12, 15, 160, 'Bambini');

INSERT INTO GIOSTRA(nomeGiostra, capienza, disponibilita, etaMinima, durataGiostra, acquatica, etaMassima, velocita, altezzaMaxVisitatore, tipologiaGiostra)
VALUES ('Monosauro', 4, 1, 3, 300, FALSE, 99, 25, 200, 'Bambini');

INSERT INTO GIOSTRA(nomeGiostra, capienza, disponibilita, etaMinima, durataGiostra, acquatica, etaMassima, velocita, altezzaMaxVisitatore, tipologiaGiostra)
VALUES ('Raptotana', 6, 1, 3, 180, FALSE, 99, 25, 200, 'Bambini');

INSERT INTO GIOSTRA(nomeGiostra, capienza, disponibilita, etaMinima, durataGiostra, acquatica, etaMassima, velocita, altezzaMaxVisitatore, tipologiaGiostra)
VALUES ('CastoroFalls', 6, 1, 3, 180, TRUE, 99, 35, 200, 'Bambini');

INSERT INTO GIOSTRA(nomeGiostra, capienza, disponibilita, etaMinima, durataGiostra, acquatica, etaMassima, velocita, altezzaMaxVisitatore, tipologiaGiostra)
VALUES ('Reptilium', 40, 1, 4, 150, FALSE, 99, 10, 180, 'Bambini');

INSERT INTO GIOSTRA(nomeGiostra, capienza, disponibilita, etaMinima, durataGiostra, acquatica, etaMassima, velocita, altezzaMaxVisitatore, tipologiaGiostra)
VALUES ('Il Trenino Arcobaleno', 20, 1, 2, 240, FALSE, 10, 15, 150, 'Bambini');

INSERT INTO GIOSTRA(nomeGiostra, capienza, disponibilita, etaMinima, durataGiostra, acquatica, etaMassima, velocita, altezzaMaxVisitatore, tipologiaGiostra)
VALUES ('Le Tazze Magiche', 30, 1, 3, 120, FALSE, 12, 10, 160, 'Bambini');

/*Area Tematica*/
INSERT INTO AREA_TEMATICA(nomeAreaTematica, disponibilita, tema, dataInizio, dataFine) VALUES 
('Adventureland', 1, 'avventura e natura', '2026-04-01', '2026-10-31'),
('Nickelodeon Land', 1, 'cartoni animati Nickelodeon', '2026-04-01', '2026-10-31'), 
('Ducati World', 1, 'Ducati e moto', '2026-04-01', '2026-10-31'),
('FarWest Valley', 1, 'farwest', '2026-04-01', '2026-10-31'),
('Route 66', 0, 'Viaggio e USA', '2025-04-01', '2025-10-31'),
('Racing Track', 0, 'corse e auto', '2024-04-01', '2024-10-31');
/*Attrazioni di Paura*/
INSERT INTO attrazione_di_paura(nomeAttrazionePaura, disponibilita, prezzoAggiuntivo, dataInizio, dataFine)
VALUES ('Phobia', 1, 15, '2026-04-01', '2026-10-31'), ('Mortal Circus', 1, 12, '2026-10-01', '2026-10-31'),
		('Acid Rain', 1, 0, '2026-10-01', '2026-10-31'), ('Llorona', 1, 0, '2026-04-01', '2026-10-31'),
        ('Zombie Tunnel', 1, 5, '2026-9-01', '2026-10-31'), ('Ghost House', 1, 0, '2026-08-01', '2026-10-31'),
        ('Horror Forest', 1, 8, '2026-04-01', '2026-10-31'), ('Red Wall', 0, 0, '2026-04-01', '2026-10-31'),
        ('Booo', 1, 0, '2026-04-01', '2026-10-31'), ('Scary Tunnel', 0, 15, '2025-04-01', '2025-10-31'),
        ('Scream', 0, 7, '2024-09-01', '2024-10-31'), ('Fireball', 0, 0, '2024-04-01', '2024-10-31'),
        ('Escape Room', 1, 12, '2026-04-01', '2026-10-31'), ('Help!', 0, 3, '2022-04-01', '2022-10-31'),
        ('Ahooooo', 0, 5, '2023-09-01', '2023-10-31');
/*Ruota*/
INSERT INTO RUOTA_PANORAMICA(nomeRuota, disponibilita, durataRuotaPanoramica, altezzaRuotaPanoramica) VALUES ('AlgigaWheel', 1, 8, 135);
/*Lavoratore*/
insert into lavoratore(nome, cognome, dataNascita, CF, numeroTelefono, e_mail, mansione, dataInizioContratto, stipendio,
						codiceAttivita_puntoRistoro, codiceAttivita_negozio, nomeGiostra, nomeAreaTematica, nomeRuota,
                        nomeAttrazionePaura)
values
('Mario', 'Rossi', '1985-03-12', 'RSSMRA85C12H501Z', '3331234567', 'm.rossi@email.it', 'RISTORATORE', '2023-01-15', 1320.00, 1, null, null, null, null, null),
('Giulia', 'Bianchi', '1992-07-22', 'BNCHGL92L62F205A', '3479876543', 'g.bianchi@email.it', 'RISTORATORE', '2022-05-10', 1300.00, 2, null, null, null, null, null),
('Luca', 'Verdi', '1980-11-05', 'VRDLCA80S05L219X', '3201122334', 'l.verdi@email.it', 'RISTORATORE', '2021-03-01', 1310.00, 3, null, null, null, null, null),
('Anna', 'Neri', '1995-12-30', 'NREANN95T70H501Q', '3385566778', 'a.neri@email.it', 'RISTORATORE', '2023-06-20', 1330.00, 4, null, null, null, null, null),
('Marco', 'Galli', '1988-02-14', 'GLLMRC88B14F205D', '3293344556', 'm.galli@email.it', 'RISTORATORE', '2022-11-12', 1340.00, 5, null, null, null, null, null),
('Elena', 'Rizzo', '1990-09-08', 'RZZLNE90P48L219W', '3407788990', 'e.rizzo@email.it', 'RISTORATORE', '2020-02-25', 1315.00, 6, null, null, null, null, null),
('Paolo', 'Ferrari', '1975-05-19', 'FRRPLA75E19H501B', '3312233445', 'p.ferrari@email.it', 'RISTORATORE', '2019-09-15', 1325.00, 7, null, null, null, null, null),
('Sofia', 'Russo', '1998-01-25', 'RSSSFO98A65F205C', '3456677889', 's.russo@email.it', 'RISTORATORE', '2023-08-01', 1345.00, 8, null, null, null, null, null),
('Matteo', 'Romano', '1983-04-10', 'RMNMTT83D10L219K', '3281112223', 'm.romano@email.it', 'RISTORATORE', '2021-05-12', 1305.00, 9, null, null, null, null, null),
('Chiara', 'Colombo', '1994-06-15', 'CLMCHR94M55H501Y', '3349900112', 'c.colombo@email.it', 'RISTORATORE', '2022-03-10', 1335.00, 10, null, null, null, null, null),
('Davide', 'Bruno', '1987-10-22', 'BRNDVD87R22F205J', '3471122334', 'd.bruno@email.it', 'RISTORATORE', '2023-02-15', 1315.00, 11, null, null, null, null, null),
('Francesca', 'Ricci', '1991-03-03', 'RCCFNC91C43L219S', '3205566778', 'f.ricci@email.it', 'RISTORATORE', '2022-07-01', 1340.00, 12, null, null, null, null, null),
('Andrea', 'Marino', '1982-08-18', 'MRNNDR82M18H501V', '3398899001', 'a.marino@email.it', 'RISTORATORE', '2021-01-20', 1320.00, 13, null, null, null, null, null),
('Valentina', 'Greco', '1996-11-28', 'GRCVNT96S68F205M', '3462233445', 'v.greco@email.it', 'RISTORATORE', '2023-05-15', 1300.00, 14, null, null, null, null, null),
('Simone', 'Barbieri', '1989-12-12', 'BRBSMN89T12L219O', '3357788990', 's.barbieri@email.it', 'RISTORATORE', '2020-06-10', 1325.00, 15, null, null, null, null, null),
('Alice', 'Lombardi', '1993-02-05', 'LMBALC93B45H501P', '3274455667', 'a.lombardi@email.it', 'RISTORATORE', '2022-09-01', 1330.00, 16, null, null, null, null, null),
('Antonio', 'Moretti', '1978-07-14', 'MRTNTN78L14F205G', '3491122301', 'a.moretti@email.it', 'RISTORATORE', '2018-04-12', 1345.00, 8, null, null, null, null, null),
('Giorgia', 'Ponti', '1997-04-22', 'PNTGRG97D62L219U', '3335544332', 'g.ponti2@email.it', 'RISTORATORE', '2023-10-05', 1310.00, 8, null, null, null, null, null),
('Riccardo', 'Costa', '1984-05-30', 'CSTRCC84E30H501E', '3289988776', 'r.costa@email.it', 'RISTORATORE', '2021-12-01', 1320.00, 3, null, null, null, null, null),
('Marta', 'Fontana', '1990-10-10', 'FNTMRT90R50F205R', '3406677881', 'm.fontana@email.it', 'RISTORATORE', '2022-01-15', 1335.00, 3, null, null, null, null, null),
('Luca', 'Verdi', '1980-11-06', 'VRDLCA80S05L219G', '3201122336', 'l.verdi2@email.it', 'RISTORATORE', '2021-03-01', 1310.00, 1, null, null, null, null, null),
('Anna', 'Neri', '1995-11-20', 'NREANN95T70H501B', '3385566779', 'a.neri2@email.it', 'RISTORATORE', '2023-06-22', 1330.00, 1, null, null, null, null, null),
('Marco', 'Galli', '1988-03-12', 'GLLMRC88B14F202E', '3293344557', 'm.galli2@email.it', 'RISTORATORE', '2022-10-11', 1340.00, 2, null, null, null, null, null),
('Elena', 'Rizzo', '1990-04-03', 'RZZLNE90P48L213W', '3407788991', 'e.rizzo2@email.it', 'RISTORATORE', '2020-03-15', 1315.00, 2, null, null, null, null, null),
('Paolo', 'Ferrari', '1975-04-16', 'FRRPLA75E19H502S', '3312233446', 'p.ferrari2@email.it', 'RISTORATORE', '2019-07-15', 1325.00, 8, null, null, null, null, null),
('Sofia', 'Russo', '1998-02-22', 'RSSSFO98A65F202X', '3456677888', 's.russo2@email.it', 'RISTORATORE', '2023-08-01', 1345.00, 12, null, null, null, null, null),

('Fabio', 'Guerra', '1986-06-18', 'GRRFBA86H18L219T', '3314455660', 'f.guerra@email.it', 'COMMESSO', '2023-04-10', 1530.00, null, 17, null, null, null, null),
('Sara', 'Bernardi', '1995-09-01', 'BRNSRA95P41H501N', '3421122334', 's.bernardi@email.it', 'COMMESSO', '2022-08-20', 1550.00, null, 18, null, null, null, null),
('Roberto', 'Pellegrini', '1981-01-15', 'PLLRRT81A15F205W', '3358877665', 'r.pellegrini@email.it', 'COMMESSO', '2021-04-05', 1510.00, null, 19, null, null, null, null),
('Erika', 'Mazza', '1993-08-28', 'MZZRKE93M68L219B', '3483344556', 'e.mazza@email.it', 'COMMESSO', '2023-01-12', 1540.00, null, 20, null, null, null, null),
('Lorenzo', 'Villa', '1989-11-20', 'VLLLNZ89S20H501C', '3395566778', 'l.villa@email.it', 'COMMESSO', '2022-02-14', 1520.00, null, 21, null, null, null, null),
('Stefania', 'Rinaldi', '1992-04-04', 'RNLSFN92D44F205H', '3209900112', 's.rinaldi@email.it', 'COMMESSO', '2021-06-30', 1560.00, null, 22, null, null, null, null),
('Daniele', 'Serra', '1985-02-25', 'SRRDNL85B25L219G', '3341122334', 'd.serra@email.it', 'COMMESSO', '2020-10-01', 1500.00, null, 23, null, null, null, null),
('Martina', 'Caruso', '1994-03-12', 'CRSMRN94C52H501D', '3474455667', 'm.caruso2@email.it', 'COMMESSO', '2023-03-20', 1535.00, null, 24, null, null, null, null),
('Alessandro', 'Messina', '1979-12-05', 'MSSLSN79T05F205Z', '3338877601', 'a.messina@email.it', 'COMMESSO', '2019-01-15', 1515.00, null, 25, null, null, null, null),
('Alessia', 'Leone', '1996-05-18', 'LNELSS96E58L219F', '3401122302', 'a.leone@email.it', 'COMMESSO', '2022-12-05', 1545.00, null, 26, null, null, null, null),
('Gabriele', 'Gatti', '1988-06-30', 'GTTGRL88H30H501M', '3315566703', 'g.gatti@email.it', 'COMMESSO', '2023-07-10', 1525.00, null, 27, null, null, null, null),
('Federica', 'Piras', '1991-10-15', 'PRSFNC91R55F205S', '3424455604', 'f.piras@email.it', 'COMMESSO', '2021-11-20', 1555.00, null, 28, null, null, null, null),
('Giacomo', 'Sala', '1983-09-08', 'SLAGCM83P08L219J', '3352233405', 'g.sala@email.it', 'COMMESSO', '2020-04-15', 1505.00, null, 29, null, null, null, null),
('Beatrice', 'Farina', '1995-07-12', 'FRNBTR95L52H501L', '3489900106', 'b.farina@email.it', 'COMMESSO', '2023-05-01', 1530.00, null, 30, null, null, null, null),
('Filippo', 'Boni', '1980-02-28', 'BNOFPP80B28F205K', '3206677807', 'f.boni@email.it', 'COMMESSO', '2018-09-01', 1540.00, null, 31, null, null, null, null),
('Veronica', 'Pellegrino', '1992-12-22', 'PLLVNC92T62L219N', '3343344508', 'v.pellegrino@email.it', 'COMMESSO', '2022-04-12', 1510.00, null, 32, null, null, null, null),
('Igor', 'Morelli', '1986-01-10', 'MRLGRI86A10H501O', '3475566709', 'i.morelli@email.it', 'COMMESSO', '2021-10-25', 1550.00, null, 33, null, null, null, null),
('Ludovica', 'D Amico', '1997-08-05', 'DMCLDV97M45F205P', '3331122310', 'l.damico@email.it', 'COMMESSO', '2023-02-01', 1525.00, null, 34, null, null, null, null),
('Riccardo', 'Santi', '1984-11-15', 'SNTRCC84S15L219A', '3471122990', 'r.santi84@email.it', 'COMMESSO', '2022-09-01', 1510.00, null, 35, null, null, null, null),
('Noemi', 'Ravi', '1998-03-30', 'RVINMI98C70H501G', '3205566112', 'n.ravi@email.it', 'COMMESSO', '2023-04-15', 1530.00, null, 36, null, null, null, null),
('Claudio', 'Fabbri', '1982-05-05', 'FBBCLD82E05F205V', '3334455667', 'c.fabbri@email.it', 'COMMESSO', '2021-11-10', 1495.00, null, 37, null, null, null, null),
('Sabrina', 'Danti', '1990-04-18', 'DNTSBN90D58L219R', '3408899223', 's.danti.staff@email.it', 'COMMESSO', '2022-06-15', 1520.00, null, 38, null, null, null, null),
('Emanuele', 'Palumbo', '1987-07-25', 'PLMMNL87L25H501F', '3397788445', 'e.palumbo@email.it', 'COMMESSO', '2020-01-20', 1540.00, null, 39, null, null, null, null),
('Rachele', 'Fiori', '1993-10-12', 'FRIRCL93R52F205E', '3281122311', 'r.fiori93@email.it', 'COMMESSO', '2023-01-05', 1505.00, null, 40, null, null, null, null),
('Mirko', 'Lupi', '1985-11-20', 'LPUMRK85S20L219H', '3456677812', 'm.lupi@email.it', 'COMMESSO', '2021-05-12', 1515.00, null, 41, null, null, null, null),
('Ilaria', 'Vitali', '1994-02-28', 'VTLRLI94B68H501I', '3319988713', 'i.vitali@email.it', 'COMMESSO', '2022-03-22', 1525.00, null, 42, null, null, null, null),
('Valerio', 'Marini', '1981-06-08', 'MRNVLR81H08F205L', '3275544314', 'v.marini@email.it', 'COMMESSO', '2019-12-01', 1550.00, null, 43, null, null, null, null),
('Camilla', 'Sarti', '1996-09-12', 'SRTCML96P52L219M', '3401122515', 'c.sarti@email.it', 'COMMESSO', '2023-07-10', 1490.00, null, 44, null, null, null, null),
('Gianluca', 'Guerri', '1979-09-30', 'GRRGLC79D30H501B', '3338877616', 'g.guerra2@email.it', 'COMMESSO', '2018-02-15', 1580.00, null, 45, null, null, null, null),
('Lara', 'Ferrari', '1991-01-10', 'FRRPLA91A50F205N', '3294433217', 'l.ferrari91@email.it', 'COMMESSO', '2022-10-01', 1535.00, null, 46, null, null, null, null),
('Mattia', 'Gatti', '1984-08-22', 'GTTMRA84M22L219P', '3475566718', 'm.gatti84@email.it', 'COMMESSO', '2021-08-20', 1520.00, null, 47, null, null, null, null),
('Elisa', 'Pellegrini', '1995-11-05', 'PLLELS95S45H501S', '3312233619', 'e.pellegrini@email.it', 'COMMESSO', '2023-03-12', 1510.00, null, 48, null, null, null, null),
('Renato', 'Carling', '1978-11-08', 'CRLRNT76T18F205T', '3209988120', 'r.carli@email.it', 'COMMESSO', '2017-06-01', 1600.00, null, 49, null, null, null, null),
('Vanessa', 'Bosi', '1992-05-30', 'BSLVNS92E70L219V', '3487766521', 'v.bosi2@email.it', 'COMMESSO', '2022-01-15', 1525.00, null, 50, null, null, null, null),
('Tommaso', 'Rinaldi', '1988-02-14', 'RLNTMS88B14H501Q', '3332211422', 't.rinaldi@email.it', 'COMMESSO', '2020-05-10', 1545.00, null, 51, null, null, null, null),
('Cinzia', 'Neri', '1990-03-12', 'NRRCNZ90C52F205R', '3296655423', 'c.neri90@email.it', 'COMMESSO', '2021-04-20', 1530.00, null, 52, null, null, null, null),
('Enrico', 'Sanna', '1983-11-25', 'SNNNRC83S25L219Z', '3405544824', 'e.sanna2@email.it', 'COMMESSO', '2019-03-15', 1560.00, null, 53, null, null, null, null),
('Silvia', 'Grandi', '1994-04-04', 'GRDSLV94D44H501X', '3318899725', 's.grandi@email.it', 'COMMESSO', '2023-05-01', 1515.00, null, 54, null, null, null, null),
('Orlando', 'Villa', '1989-10-10', 'VLLLND89R10F205W', '3271122326', 'o.villa@email.it', 'COMMESSO', '2020-11-20', 1540.00, null, 55, null, null, null, null),
('Pietro', 'Mancini', '1977-01-15', 'MNCPTR77A55L219D', '3335566027', 'p.mancini@email.it', 'COMMESSO', '2016-12-01', 1620.00, null, 56, null, null, null, null),
('Stefania', 'Loris', '1986-07-08', 'LRSSFN86L08H501C', '3490011228', 's.loris@email.it', 'COMMESSO', '2021-02-10', 1535.00, null, 57, null, null, null, null),

('Christian', 'Parisi', '1984-11-15', 'PRSCRS84S15L219A', '3402233429', 'c.parisi@email.it', 'ADDETTO PARCO', '2022-06-15', 1420.00, null, null, 'Katun', null, null, null),
('Noemi', 'Riva', '1998-03-30', 'RVINMI98C70H502R', '3318899030', 'n.riva@email.it', 'ADDETTO PARCO', '2023-09-12', 1400.00, null, null, 'Desmo Race', null, null, null),
('Claudio', 'Fabbri', '1982-05-05', 'FBBCLD82E05F207C', '3426677831', 'c.fabbri2@email.it', 'ADDETTO PARCO', '2021-02-20', 1410.00, null, null, 'Gold Digger', null, null, null),
('Sabrina', 'Donati', '1990-04-18', 'DNTSBN90D58L218R', '3354455632', 's.donati@email.it', 'ADDETTO PARCO', '2020-05-15', 1430.00, null, null, 'Master Thai', null, null, null),
('Emanuele', 'Palmieri', '1987-07-25', 'PLMMNL87L25H506F', '3481122333', 'e.palmieri@email.it', 'ADDETTO PARCO', '2023-01-05', 1440.00, null, null, 'Rexplorer', null, null, null),
('Rachele', 'Fiori', '1993-10-12', 'FRIRCL93R52F208E', '3203344534', 'r.fiori@email.it', 'ADDETTO PARCO', '2022-08-10', 1415.00, null, null, 'Buffalo Bill Rodeo', null, null, null),
('Mirko', 'Lupi', '1985-11-20', 'LPUMRK85S20L211H', '3345566735', 'm.lupi2@email.it', 'ADDETTO PARCO', '2021-03-12', 1425.00, null, null, 'Diavel Ring', null, null, null),
('Ilaria', 'Vitali', '1994-02-28', 'VTLRLI94B68H501P', '3478899036', 'i.vitali2@email.it', 'ADDETTO PARCO', '2023-04-15', 1405.00, null, null, 'Vortex', null, null, null),
('Valerio', 'Mariani', '1981-06-08', 'MRNVLR81H08F203L', '3332233437', 'v.mariani@email.it', 'ADDETTO PARCO', '2020-11-01', 1435.00, null, null, 'Titan', null, null, null),
('Camilla', 'Sartori', '1996-09-12', 'SRTCML96P52L218M', '3404455638', 'c.sartori@email.it', 'ADDETTO PARCO', '2022-02-20', 1410.00, null, null, 'Sky Piercer', null, null, null),
('Gianluca', 'Guerra', '1979-04-30', 'GRRGLC79D30H509B', '3316677839', 'g.guerra@email.it', 'ADDETTO PARCO', '2017-06-01', 1445.00, null, null, 'Shadow Racer', null, null, null),
('Paola', 'Ferri', '1991-01-10', 'FRRPLA91A50F207N', '3428899040', 'p.ferri@email.it', 'ADDETTO PARCO', '2021-12-15', 1400.00, null, null, 'Cobra Express', null, null, null),
('Mauro', 'Gatti', '1984-08-22', 'GTTMRA84M22L217P', '3351122341', 'm.gatti@email.it', 'ADDETTO PARCO', '2022-05-01', 1430.00, null, null, 'Meteorite', null, null, null),
('Elisa', 'Pellegrini', '1995-11-05', 'PLLELS95S45H503S', '3484455642', 'e.pellegrini2@email.it', 'ADDETTO PARCO', '2023-07-20', 1415.00, null, null, 'Reset', null, null, null),
('Renato', 'Carli', '1976-12-18', 'CRLRNT76T18F201T', '3209988743', 'r.carli2@email.it', 'ADDETTO PARCO', '2019-03-10', 1420.00, null, null, 'Rio Bravo', null, null, null),
('Vanessa', 'Basile', '1992-05-30', 'BSLVNS92E70L218V', '3347788944', 'v.basile@email.it', 'ADDETTO PARCO', '2021-10-01', 1440.00, null, null, 'Autosplash', null, null, null),
('Alberto', 'Genovese', '1983-05-14', 'GNVLBR83E14F205H', '3331122345', 'a.genovese@email.it', 'ADDETTO PARCO', '2020-02-15', 1450.00, null, null, 'El Dorado Falls', null, null, null),
('Simona', 'Mastri', '1992-08-22', 'MSTRMN92M62L219P', '3475566746', 's.mastri@email.it', 'ADDETTO PARCO', '2021-06-10', 1410.00, null, null, 'Raratonga', null, null, null),
('Filippo', 'Neri', '1987-11-30', 'NREFPP87S30H501Z', '3209988147', 'f.neri.staff@email.it', 'ADDETTO PARCO', '2019-12-05', 1435.00, null, null, 'Rubble''s Rapids', null, null, null),
('Beatrice', 'Valli', '1995-04-12', 'VLLBTR95D52F205K', '3314455648', 'b.valli@email.it', 'ADDETTO PARCO', '2022-03-20', 1405.00, null, null, 'Adventure Bay Carousel', null, null, null),
('Daniele', 'Grisolia', '1980-09-01', 'GRSDNL80P01L219Y', '3382233449', 'd.grisolia@email.it', 'ADDETTO PARCO', '2018-05-14', 1460.00, null, null, 'Aquila Tonante', null, null, null),
('Elena', 'Bernardi', '1994-01-25', 'BRNLNE94A65H501J', '3406677850', 'e.bernardi@email.it', 'ADDETTO PARCO', '2023-01-12', 1415.00, null, null, 'Torri Geronimo', null, null, null),
('Paolo', 'Rizzo', '1988-06-18', 'RZZPLA88H18F205W', '3351122951', 'p.rizzo88@email.it', 'ADDETTO PARCO', '2020-11-01', 1425.00, null, null, 'Boots'' Balloons', null, null, null),
('Marta', 'Fontana', '1991-03-03', 'FNTMRT91C43L219G', '3427788952', 'm.fontana2@email.it', 'ADDETTO PARCO', '2021-08-15', 1440.00, null, null, 'Bicisauro', null, null, null),
('Stefano', 'Moretti', '1985-07-28', 'MRTSFN85L28H501R', '3318899053', 's.moretti@email.it', 'ADDETTO PARCO', '2019-05-30', 1430.00, null, null, 'Cowabunga Carts', null, null, null),
('Chiara', 'Longo', '1997-12-05', 'LNGCHR97T45F205L', '3483344554', 'c.longo97@email.it', 'ADDETTO PARCO', '2023-05-20', 1400.00, null, null, 'Jellyfish Jam', null, null, null),
('Giacomo', 'Pellegrino', '1982-10-15', 'PLLGCM82R15L219X', '3291122355', 'g.pellegrino@email.it', 'ADDETTO PARCO', '2020-04-12', 1445.00, null, null, 'Kiddy Monster', null, null, null),
('Ilaria', 'Costa', '1990-02-14', 'CSTRLI90B54H501B', '3345566756', 'i.costa@email.it', 'ADDETTO PARCO', '2022-09-01', 1415.00, null, null, 'Monosauro', null, null, null),
('Valerio', 'Serra', '1984-05-30', 'SRRVLR84E30F205Q', '3339900157', 'v.serra@email.it', 'ADDETTO PARCO', '2021-12-10', 1425.00, null, null, 'Raptotana', null, null, null),
('Ludovica', 'Mazza', '1996-11-20', 'MZZLDV96S60L219V', '3402233458', 'l.mazza@email.it', 'ADDETTO PARCO', '2023-02-01', 1405.00, null, null, 'Reptilium', null, null, null),
('Matteo', 'Rinaldi', '1981-04-10', 'RNLMTT81D10H501U', '3358877659', 'm.rinaldi@email.it', 'ADDETTO PARCO', '2019-07-15', 1455.00, null, null, 'Il Trenino Arcobaleno', null, null, null),
('Sara', 'Basile', '1993-09-12', 'BSLSRA93P52F205Z', '3426655460', 's.basile@email.it', 'ADDETTO PARCO', '2022-10-05', 1410.00, null, null, 'Le Tazze Magiche', null, null, null),
('Gisella', 'Ponti', '1989-06-25', 'PNTGSL89H65L219I', '3334455861', 'g.ponti@email.it', 'ADDETTO PARCO', '2021-03-15', 1430.00, null, null, null, 'Adventureland', null, null),
('Ruggero', 'Mori', '1982-01-14', 'MRORGR82A14H501K', '3471122062', 'r.mori.staff@email.it', 'ADDETTO PARCO', '2020-05-20', 1445.00, null, null, null, 'Nickelodeon Land', null, null),
('Tiziana', 'Galli', '1995-10-05', 'GLLTZN95R45F205C', '3209988463', 't.galli@email.it', 'ADDETTO PARCO', '2022-11-01', 1410.00, null, null, null, 'Ducati World', null, null),
('Pasquale', 'Esposito', '1978-02-28', 'SPSPSQ78B28L219W', '3405566764', 'p.esposito@email.it', 'ADDETTO PARCO', '2018-09-12', 1465.00, null, null, null, 'FarWest Valley', null, null),
('Lorena', 'Santi', '1993-04-18', 'SNTLRN93D58H501D', '3312233965', 'l.santi@email.it', 'ADDETTO PARCO', '2023-06-10', 1420.00, null, null, null, null, 'AlgigaWheel', null),
('Edoardo', 'Lucci', '1986-12-05', 'LCCDRD86T05F205S', '3331122466', 'e.lucci@email.it', 'ADDETTO PARCO', '2020-09-12', 1440.00, null, null, null, null, null, 'Phobia'),
('Sabina', 'Riva', '1994-07-14', 'RVISBN94L54L219E', '3475566167', 's.riva@email.it', 'ADDETTO PARCO', '2022-04-20', 1415.00, null, null, null, null, null, 'Mortal Circus'),
('Valter', 'Gatti', '1981-03-22', 'GTTVTR81C22H501M', '3209988368', 'v.gatti.staff@email.it', 'ADDETTO PARCO', '2019-10-05', 1455.00, null, null, null, null, null, 'Llorona'),
('Nadia', 'Berti', '1997-10-30', 'BRTNDA97R70F205N', '3314455269', 'n.berti@email.it', 'ADDETTO PARCO', '2023-08-15', 1405.00, null, null, null, null, null, 'Acid Rain'),
('Cristian', 'Mori', '1984-05-18', 'MRICRS84E18L219B', '3382233970', 'c.mori@email.it', 'ADDETTO PARCO', '2021-01-12', 1435.00, null, null, null, null, null, 'Zombie Tunnel'),
('Monica', 'Leone', '1990-11-02', 'LNEMNC90S42H501V', '3406677471', 'm.leone90@email.it', 'ADDETTO PARCO', '2022-12-01', 1420.00, null, null, null, null, null, 'Horror Forest'),
('Fabrizio', 'Santi', '1988-02-14', 'SNTFBZ88B14F205T', '3351122672', 'f.santi88@email.it', 'ADDETTO PARCO', '2020-03-30', 1445.00, null, null, null, null, null, 'Ghost House'),
('Raffaella', 'Dosi', '1992-06-25', 'DSORFL92H65L219K', '3427788173', 'r.dosi@email.it', 'ADDETTO PARCO', '2021-07-10', 1410.00, null, null, null, null, null, 'Booo'),
('Giovanni', 'Mele', '1979-08-08', 'MLEGNN79M08H501Q', '3318899574', 'g.mele@email.it', 'ADDETTO PARCO', '2018-05-20', 1460.00, null, null, null, null, null, 'Escape Room'),
('Ilaria', 'Zamboni', '1991-05-22', 'ZMBLRI91E62H501K', '3381122975', 'i.zamboni@email.it', 'ADDETTO PARCO', '2023-01-15', 1410.00, null, null, 'Katun', null, null, null),
('Giacomo', 'Galli', '1988-11-04', 'GLLGCM88S04F205P', '3294455676', 'g.galli.staff@email.it', 'ADDETTO PARCO', '2022-03-12', 1435.00, null, null, 'Rexplorer', null, null, null),
('Elena', 'Morelli', '1995-02-14', 'MRLLNE95B54L219H', '3407788177', 'e.morelli@email.it', 'ADDETTO PARCO', '2021-11-20', 1400.00, null, null, 'Rio Bravo', null, null, null),
('Daniele', 'Fabbri', '1982-08-30', 'FBBDNL82M30H501T', '3315566778', 'd.fabbri82@email.it', 'ADDETTO PARCO', '2020-05-10', 1445.00, null, null, null, null, 'AlgigaWheel', null),
('Sofia', 'Neri', '1993-06-25', 'NRESFO93H65F205J', '3472233479', 's.neri.park@email.it', 'ADDETTO PARCO', '2023-09-01', 1425.00, null, null, null, 'Adventureland', null, null),

('Tommaso', 'Orlando', '1988-02-14', 'RLNTMS88B14H503Q', '3472233480', 't.orlando@email.it', 'ADDETTO SICUREZZA', '2022-09-15', 1620.00, null, null, 'Katun', null, null, null),
('Cinzia', 'Neri', '1990-03-12', 'NRRCNZ90C52F207R', '3335566781', 'c.negri@email.it', 'ADDETTO SICUREZZA', '2023-01-30', 1650.00, null, null, 'Desmo Race', null, null, null),
('Enrico', 'Sanna', '1983-11-25', 'SNNNRC83S25L215Z', '3401122382', 'e.sanna@email.it', 'ADDETTO SICUREZZA', '2020-07-12', 1610.00, null, null, 'Gold Digger', null, null, null),
('Silvia', 'Giraudo', '1994-04-04', 'GRDSLV94D44H508X', '3313344583', 's.giraudo@email.it', 'ADDETTO SICUREZZA', '2022-06-20', 1640.00, null, null, 'Master Thai', null, null, null),
('Leonardo', 'Valli', '1989-10-10', 'VLLLND89R10F203W', '3425566784', 'l.valli@email.it', 'ADDETTO SICUREZZA', '2021-11-05', 1630.00, null, null, 'Rexplorer', null, null, null),
('Patrizia', 'Manca', '1977-01-15', 'MNCPTR77A55L213D', '3358899085', 'p.manca@email.it', 'ADDETTO SICUREZZA', '2018-02-14', 1655.00, null, null, 'Buffalo Bill Rodeo', null, null, null),
('Stefano', 'Lorusso', '1986-07-08', 'LRSSFN86L08H503C', '3482233486', 's.lorusso@email.it', 'ADDETTO SICUREZZA', '2023-03-01', 1625.00, null, null, 'Diavel Ring', null, null, null),
('Debora', 'Basso', '1993-09-22', 'BSSDBR93P62F205F', '3205544387', 'd.basso@email.it', 'ADDETTO SICUREZZA', '2022-11-10', 1645.00, null, null, 'Vortex', null, null, null),
('Omar', 'Mancini', '1985-05-19', 'MNCMRO85E19L219G', '3349988788', 'o.mancini@email.it', 'ADDETTO SICUREZZA', '2021-01-15', 1600.00, null, null, 'Titan', null, null, null),
('Giuliana', 'Monti', '1991-12-30', 'MNTGLN91T70H501E', '3476677889', 'g.monti@email.it', 'ADDETTO SICUREZZA', '2023-05-12', 1635.00, null, null, 'Sky Piercer', null, null, null),
('Manuel', 'Pellegrino', '1997-02-05', 'PLLMNL97B05F205L', '3334455690', 'm.pellegrino@email.it', 'ADDETTO SICUREZZA', '2022-08-01', 1615.00, null, null, 'Shadow Racer', null, null, null),
('Cristina', 'Valenti', '1982-06-15', 'VLNCST82H55L219K', '3408877691', 'c.valenti@email.it', 'ADDETTO SICUREZZA', '2021-04-20', 1645.00, null, null, 'Cobra Express', null, null, null),
('Luigi', 'Esposito', '1980-03-03', 'SPTLGU80C03H501M', '3311122392', 'l.esposito@email.it', 'ADDETTO SICUREZZA', '2019-10-15', 1660.00, null, null, 'Meteorite', null, null, null),
('Teresa', 'Romano', '1995-10-22', 'RMNTRE95R62F205H', '3423344593', 't.romano@email.it', 'ADDETTO SICUREZZA', '2023-09-01', 1620.00, null, null, 'Reset', null, null, null),
('Paolo', 'Ricci', '1984-04-12', 'RCCPLA84D12F205S', '3391122494', 'p.ricci@email.it', 'ADDETTO SICUREZZA', '2021-03-10', 1625.00, null, null, 'Rio Bravo', null, null, null),
('Simona', 'Gallo', '1992-08-19', 'GLLSMN92M59L219J', '3456677995', 's.gallo@email.it', 'ADDETTO SICUREZZA', '2022-12-05', 1640.00, null, null, 'Autosplash', null, null, null),
('Matteo', 'Riva', '1987-05-25', 'RVAMTT87E25H501K', '3384455796', 'm.riva@email.it', 'ADDETTO SICUREZZA', '2020-05-14', 1615.00, null, null, 'El Dorado Falls', null, null, null),
('Valentina', 'Dotti', '1996-01-30', 'DTTVNT96A70F205P', '3490011397', 'v.dotti@email.it', 'ADDETTO SICUREZZA', '2023-04-15', 1630.00, null, null, 'Raratonga', null, null, null),
('Fabio', 'Moretti', '1981-11-14', 'MRTFBA81S14L219Q', '3317788098', 'f.moretti@email.it', 'ADDETTO SICUREZZA', '2019-06-20', 1655.00, null, null, 'Rubble''s Rapids', null, null, null),
('Elena', 'Parodi', '1994-09-02', 'PRDLNE94P42H501B', '3426677199', 'e.parodi@email.it', 'ADDETTO SICUREZZA', '2022-02-10', 1620.00, null, null, 'Adventure Bay Carousel', null, null, null),
('Daniele', 'Bruno', '1988-07-28', 'BRNDNL88L28F205M', '3354455800', 'd.bruno2@email.it', 'ADDETTO SICUREZZA', '2021-09-01', 1645.00, null, null, 'Aquila Tonante', null, null, null),
('Chiara', 'Serra', '1993-02-15', 'SRRCHR93B55L219Y', '3481122601', 'c.serra@email.it', 'ADDETTO SICUREZZA', '2023-02-28', 1635.00, null, null, 'Torri Geronimo', null, null, null),
('Alessio', 'De Luca', '1985-10-10', 'DLCLSS85R10H501W', '3203344802', 'a.deluca@email.it', 'ADDETTO SICUREZZA', '2020-11-12', 1650.00, null, null, 'Boots'' Balloons', null, null, null),
('Federica', 'Costa', '1990-12-04', 'CSTFRC90T44F205G', '3345566103', 'f.costa@email.it', 'ADDETTO SICUREZZA', '2021-07-20', 1625.00, null, null, 'Bicisauro', null, null, null),
('Marco', 'Lombardi', '1983-06-22', 'LMBMRC83H22L219R', '3339988104', 'm.lombardi@email.it', 'ADDETTO SICUREZZA', '2018-09-15', 1665.00, null, null, 'Cowabunga Carts', null, null, null),
('Sara', 'Fontana', '1997-03-08', 'FNTSRA97C48H501Z', '3471122905', 's.fontana@email.it', 'ADDETTO SICUREZZA', '2023-06-01', 1610.00, null, null, 'Jellyfish Jam', null, null, null),
('Giacomo', 'Grasso', '1989-01-25', 'GRSGCM89A25F205T', '3205566106', 'g.grasso@email.it', 'ADDETTO SICUREZZA', '2022-05-12', 1635.00, null, null, 'Kiddy Monster', null, null, null),
('Marta', 'Piras', '1982-11-11', 'PRSMRT82S51L219X', '3407788307', 'm.piras@email.it', 'ADDETTO SICUREZZA', '2019-12-01', 1645.00, null, null, 'Monosauro', null, null, null),
('Riccardo', 'Ferri', '1995-07-14', 'FRRRCR95L14H501V', '3314455208', 'r.ferri@email.it', 'ADDETTO SICUREZZA', '2023-01-10', 1620.00, null, null, 'Raptotana', null, null, null),
('Ilaria', 'Mariani', '1986-08-30', 'MRNLRI86M70F205A', '3429988409', 'i.mariani@email.it', 'ADDETTO SICUREZZA', '2020-03-25', 1650.00, null, null, 'Reptilium', null, null, null),
('Davide', 'Guerra', '1991-04-05', 'GRRDVD91D05L219O', '3341122710', 'd.guerra@email.it', 'ADDETTO SICUREZZA', '2022-10-18', 1630.00, null, null, 'Il Trenino Arcobaleno', null, null, null),
('Barbara', 'Russo', '1979-05-20', 'RSSBBR79E60H501N', '3487766511', 'b.russo@email.it', 'ADDETTO SICUREZZA', '2017-08-14', 1670.00, null, null, 'Le Tazze Magiche', null, null, null),
('Anna', 'Bianchi', '1992-05-20', 'BNCNNA92E60F205D', '3479876512', 'a.bianchi@email.it', 'ADDETTO SICUREZZA', '2022-04-10', 1650.00, null, null, null, 'Adventureland', null, null),
('Luca', 'Verdi', '1988-11-04', 'VRDLUC88S04L219P', '3204455613', 'l.verdi7@email.it', 'ADDETTO SICUREZZA', '2021-06-15', 1635.00, null, null, null, 'Nickelodeon Land', null, null),
('Elena', 'Rizzo', '1995-07-28', 'RZZLNE95L68H501Q', '3381122314', 'e.rizzo3@email.it', 'ADDETTO SICUREZZA', '2023-03-01', 1610.00, null, null, null, 'Ducati World', null, null),
('Roberto', 'Neri', '1980-09-14', 'NRRRRT80P14F205W', '3495566715', 'r.neri@email.it', 'ADDETTO SICUREZZA', '2020-02-20', 1680.00, null, null, null, 'FarWest Valley', null, null),
('Federico', 'Russo', '1984-08-22', 'RSSFDR84M22H501U', '3351239816', 'f.russo@email.it', 'ADDETTO SICUREZZA', '2019-11-10', 1645.00, null, null, null, null, 'AlgigaWheel', null),
('Giorgio', 'Moretti', '1987-04-18', 'MRTGRG87D18L219V', '3312233417', 'g.moretti@email.it', 'ADDETTO SICUREZZA', '2021-02-10', 1625.00, null, null, null, null, null, 'Phobia'),
('Francesca', 'Pellegrini', '1993-11-22', 'PLLFNC93S62H501Y', '3405566718', 'f.pellegrini@email.it', 'ADDETTO SICUREZZA', '2022-08-15', 1640.00, null, null, null, null, null, 'Mortal Circus'),
('Claudio', 'Serra', '1982-01-30', 'SRRCLD82A30F205T', '3389988719', 'c.serra.sic@email.it', 'ADDETTO SICUREZZA', '2019-05-20', 1665.00, null, null, null, null, null, 'Acid Rain'),
('Martina', 'Caruso', '1996-06-05', 'CRSMTN96H45L219K', '3471122320', 'm.caruso@email.it', 'ADDETTO SICUREZZA', '2023-03-12', 1615.00, null, null, null, null, null, 'Llorona'),
('Andrea', 'Fontana', '1989-09-14', 'FNTNDR89P14H501X', '3354455621', 'a.fontana@email.it', 'ADDETTO SICUREZZA', '2020-11-01', 1650.00, null, null, null, null, null, 'Zombie Tunnel'),
('Simona', 'Longhi', '1991-03-27', 'LNGSMN91C67F205W', '3427788922', 's.longhi@email.it', 'ADDETTO SICUREZZA', '2021-07-25', 1630.00, null, null, null, null, null, 'Ghost House'),
('Davide', 'Villa', '1984-12-10', 'VLLDVD84T10L219O', '3336677823', 'd.villa@email.it', 'ADDETTO SICUREZZA', '2018-04-14', 1675.00, null, null, null, null, null, 'Horror Forest'),
('Paola', 'Marini', '1995-02-28', 'MRNPLA95B68H501E', '3490011224', 'p.marini@email.it', 'ADDETTO SICUREZZA', '2022-10-05', 1620.00, null, null, null, null, null, 'Booo'),
('Enzo', 'Gatti', '1980-07-19', 'GTTNZE80L19F205B', '3318899025', 'e.gatti@email.it', 'ADDETTO SICUREZZA', '2017-09-30', 1685.00, null, null, null, null, null, 'Escape Room'),

('Giorgio', 'Battaglia', '1984-01-25', 'BTTGRG84A25L219S', '3355566726', 'g.battaglia@email.it', 'ARTISTA', '2022-02-14', 2150.00, null, null, null, null, null, null),
('Angela', 'Gallo', '1990-07-14', 'GLLNGL90L54H501A', '3487788927', 'a.gallo@email.it', 'ARTISTA', '2020-12-05', 2200.00, null, null, null, null, null, null),
('Nicola', 'Sanna', '1987-04-10', 'SNNNCL87D10F205O', '3201122328', 'n.sanna@email.it', 'ARTISTA', '2021-06-10', 2100.00, null, null, null, null, null, null),
('Rosa', 'Marchetti', '1993-11-28', 'MRCHRS93S68L219U', '3345544329', 'r.rosa@email.it', 'ARTISTA', '2022-03-30', 2180.00, null, null, null, null, null, null),
('Salvatore', 'Conti', '1981-12-12', 'CNTSVT81T12H501I', '3479900130', 's.conti@email.it', 'ARTISTA', '2019-05-15', 2250.00, null, null, null, null, null, null),
('Barbara', 'De Luca', '1994-08-18', 'DLCBBR94M58F205P', '3336677831', 'b.deluca@email.it', 'ARTISTA', '2023-02-20', 2120.00, null, null, null, null, null, null),
('Massimo', 'Giordano', '1986-09-08', 'GRDMSM86P08L219T', '3402233432', 'm.giordano@email.it', 'ARTISTA', '2020-09-01', 2160.00, null, null, null, null, null, null),
('Simona', 'Rizzi', '1996-03-03', 'RZZSMN96C43H501R', '3318877633', 's.rizzi@email.it', 'ARTISTA', '2022-07-10', 2140.00, null, null, null, null, null, null),
('Fabrizio', 'Mancini', '1982-10-15', 'MNCFBZ82R15F205B', '3421122335', 'f.mancini@email.it', 'ARTISTA', '2021-05-12', 2110.00, null, null, null, null, null, null),
('Daniela', 'Moretti', '1992-02-05', 'MRTDNL92B45L219M', '3354455635', 'd.moretti@email.it', 'ARTISTA', '2023-11-01', 2190.00, null, null, null, null, null, null),
('Claudio', 'Leone', '1978-11-20', 'LNECLD78S20H501N', '3489900136', 'c.leone@email.it', 'ARTISTA', '2018-08-20', 2050.00, null, null, null, null, null, null),
('Beatrice', 'Sanna', '1998-04-22', 'SNNBTR98D62F205V', '3206677837', 'b.sanna@email.it', 'ARTISTA', '2023-10-15', 2130.00, null, null, null, null, null, null),

('Emanuele', 'Fabbri', '1985-05-30', 'FBBMNL85E30L219Q', '3343344538', 'e.fabbri@email.it', 'PULITORE', '2021-04-12', 1260.00, null, null, null, null, null, null),
('Sabrina', 'Vitali', '1991-06-18', 'VTLSBR91H58H501F', '3475566739', 's.vitali@email.it', 'PULITORE', '2022-12-01', 1280.00, null, null, null, null, null, null),
('Valerio', 'Mariani', '1988-09-01', 'MRNVLR88P01F205W', '3331122340', 'v.mariani2@email.it', 'PULITORE', '2020-02-14', 1250.00, null, null, null, null, null, null),
('Elisa', 'Marchetti', '1997-12-12', 'MRCHLS97T52L219K', '3402233441', 'e.marchetti@email.it', 'PULITORE', '2023-06-15', 1290.00, null, null, null, null, null, null),
('Mauro', 'Caruso', '1983-08-28', 'CRSMRA83M28H501X', '3318899042', 'm.caruso3@email.it', 'PULITORE', '2021-08-10', 1270.00, null, null, null, null, null, null),
('Vanessa', 'Bernardi', '1994-11-20', 'BRNVNS94S60F205C', '3426677843', 'v.bernardi@email.it', 'PULITORE', '2022-09-20', 1255.00, null, null, null, null, null, null),
('Tommaso', 'Giraudo', '1981-04-04', 'GRDTMS81D04L219D', '3354455644', 't.giraudo@email.it', 'PULITORE', '2020-03-12', 1285.00, null, null, null, null, null, null),
('Cinzia', 'Donati', '1996-10-10', 'DNTCNZ96R50H501H', '3481122345', 'c.donati@email.it', 'PULITORE', '2023-04-05', 1275.00, null, null, null, null, null, null),
('Silvia', 'Sartori', '1979-01-15', 'SRTSLV79A55F205E', '3203344546', 's.sartori@email.it', 'PULITORE', '2019-11-20', 1265.00, null, null, null, null, null, null),
('Leonardo', 'Vitali', '1992-07-08', 'VTLLND92L08L219B', '3345566747', 'l.vitali@email.it', 'PULITORE', '2021-07-15', 1295.00, null, null, null, null, null, null),
('Gisella', 'Neri', '1991-05-14', 'NREGSL91E54H501T', '3339988748', 'g.neri.pul@email.it', 'PULITORE', '2023-02-10', 1275.00, 1, 50, null, null, null, null),
('Ruggero', 'Santi', '1984-11-22', 'SNTRGR84S22L219W', '3471122549', 'r.santi@email.it', 'PULITORE', '2022-09-01', 1290.00, 5, 52, null, null, null, null),
('Tiziana', 'Bosi', '1996-03-30', 'BSOTZN96C70F205K', '3205566350', 't.bosi@email.it', 'PULITORE', '2023-06-15', 1265.00, 3, 55, null, null, null, null),
('Pasquale', 'D Amico', '1980-08-08', 'DMCPSQ80M08L219Y', '3407788151', 'p.damico.staff@email.it', 'PULITORE', '2021-04-20', 1285.00, 9, 56, null, null, null, null),
('Marco', 'Rizzo', '1987-03-12', 'RZZMRC87C12F205G', '3391122352', 'm.rizzo@email.it', 'PULITORE', '2021-05-10', 1260.00, 10, 57, null, null, null, null),
('Giulia', 'Ferrari', '1995-11-04', 'FRRGLI95S44L219H', '3456677853', 'g.ferrari@email.it', 'PULITORE', '2023-01-15', 1275.00, 8, 53, null, null, null, null),
('Stefano', 'Bianchi', '1982-02-25', 'BNCSTF82B25H501J', '3384455654', 's.bianchi@email.it', 'PULITORE', '2020-09-01', 1290.00, 4, 51, null, null, null, null),
('Alessia', 'Romano', '1990-06-30', 'RMNLSS90H70L219Z', '3490011255', 'a.romano@email.it', 'PULITORE', '2022-03-20', 1265.00, 6, 54, null, null, null, null),
('Roberto', 'Gallo', '1989-12-14', 'GLLRRT89T14F205K', '3317788956', 'r.gallo@email.it', 'PULITORE', '2021-11-12', 1280.00, 16, 58, null, null, null, null),

('Sandro', 'Pini', '1995-02-14', 'PNISND95B14H501F', '3334455657', 's.pini@email.it', 'CASSIERE', '2023-03-01', 1370.00, null, null, null, null, null, null),
('Monica', 'Lori', '1990-05-22', 'LROMNC90E62F205L', '3471122358', 'm.lori@email.it', 'CASSIERE', '2022-06-15', 1380.00, null, null, null, null, null, null),
('Davide', 'Mori', '1988-09-08', 'MRIDVD88P08L219M', '3209988759', 'd.mori@email.it', 'CASSIERE', '2021-10-10', 1360.00, null, null, null, null, null, null),
('Paola', 'Berti', '1996-12-12', 'BRTPLA96T52H501P', '3346677860', 'p.berti@email.it', 'CASSIERE', '2023-01-20', 1390.00, null, null, null, null, null, null),
('Luca', 'Fante', '1993-04-04', 'FNTLCA93D04F205D', '3405566761', 'l.fante@email.it', 'CASSIERE', '2022-04-12', 1375.00, null, null, null, null, null, null),
('Sara', 'Villa', '1997-07-15', 'VLLSRA97L55L219V', '3312233462', 's.villa@email.it', 'CASSIERE', '2023-05-05', 1385.00, null, null, null, null, null, null),
('Fabio', 'Longo', '1991-08-14', 'LNGFBA91M14F205K', '3334455163', 'f.longo@email.it', 'CASSIERE', '2023-02-10', 1375.00, null, null, null, null, null, null),
('Elena', 'Santi', '1994-03-25', 'SNTLNE94C65L219J', '3471122964', 'e.santi@email.it', 'CASSIERE', '2022-11-05', 1380.00, null, null, null, null, null, null),
('Roberto', 'Mele', '1989-10-02', 'MLERRT89R02H501G', '3209988465', 'r.mele@email.it', 'CASSIERE', '2021-06-20', 1365.00, null, null, null, null, null, null),
('Chiara', 'Riva', '1997-12-30', 'RVIMCH97T70F205D', '3346677266', 'c.riva@email.it', 'CASSIERE', '2023-01-15', 1395.00, null, null, null, null, null, null),
('Marco', 'Dosi', '1992-05-18', 'DSOMRC92E18L219S', '3405566167', 'm.dosi@email.it', 'CASSIERE', '2022-04-01', 1370.00, null, null, null, null, null, null),
('Sonia', 'Grassi', '1995-07-07', 'GRSSNO95L47H501W', '3312233968', 's.grassi@email.it', 'CASSIERE', '2023-08-12', 1390.00, null, null, null, null, null, null),

('Enzo', 'Raggi', '1982-10-10', 'RGGNZO82R10H501A', '3481122369', 'e.raggi@email.it', 'MANUTENTORE', '2020-05-12', 1950.00, null, null, null, null, null, null),
('Marta', 'Bini', '1989-01-25', 'BNIMRT89A65F205C', '3203344570', 'm.bini@email.it', 'MANUTENTORE', '2022-02-14', 1900.00, null, null, null, null, null, null),
('Stefano', 'Dore', '1985-06-30', 'DRESFN85H30L219L', '3345566771', 's.dore@email.it', 'MANUTENTORE', '2021-09-01', 1880.00, null, null, null, null, null, null),
('Ilaria', 'Pace', '1994-11-20', 'PCALRI94S60H501M', '3478899072', 'i.pace@email.it', 'MANUTENTORE', '2023-04-15', 1920.00, null, null, null, null, null, null),
('Giacomo', 'Riva', '1983-04-12', 'RVIGCM83D12L219H', '3381122373', 'g.riva@email.it', 'MANUTENTORE', '2021-02-15', 1980.00, null, null, null, null, null, null),
('Simona', 'Lenti', '1991-09-05', 'LNTSMN91P45H501F', '3459988774', 's.lenti@email.it', 'MANUTENTORE', '2022-10-10', 1850.00, null, null, null, null, null, null),
('Andrea', 'Zanni', '1987-11-22', 'ZNNDRA87S22F205C', '3294455675', 'a.zanni@email.it', 'MANUTENTORE', '2020-03-01', 1930.00, null, null, null, null, null, null),
('Valeria', 'Bosi', '1995-01-18', 'BSOVLR95A58L219Z', '3317766576', 'v.bosi@email.it', 'MANUTENTORE', '2023-06-20', 1890.00, null, null, null, null, null, null),
('Daniele', 'Rizzo', '1986-02-12', 'RZZDNL86B12F205X', '3298877677', 'd.rizzo@email.it', 'MANUTENTORE', '2020-07-01', 1915.00, null, null, null, null, null, null);

/*Cassa*/
INSERT INTO cassa(numeroCassa, CF, orarioApertura, orarioChiusura, stato)
VALUES  ('1', 'PNISND95B14H501F', '10:00:00', '19:00:00', true), ('2', 'LROMNC90E62F205L', '10:00:00', '19:00:00', true),
('3', 'MRIDVD88P08L219M', '10:00:00', '19:00:00', true), ('4', 'BRTPLA96T52H501P', '10:00:00', '19:00:00', true),
('5', 'FNTLCA93D04F205D', '10:00:00', '19:00:00', false), ('6', 'VLLSRA97L55L219V', '10:00:00', '19:00:00', true),
('7', 'LNGFBA91M14F205K', '10:00:00', '19:00:00', false), ('8', 'SNTLNE94C65L219J', '10:00:00', '19:00:00', true),
('9', 'MLERRT89R02H501G', '10:00:00', '19:00:00', true), ('10', 'RVIMCH97T70F205D', '10:00:00', '19:00:00', true),
('11', 'DSOMRC92E18L219S', '10:00:00', '19:00:00', false), ('12', 'GRSSNO95L47H501W', '10:00:00', '19:00:00', false);

/*BIGLIETTI*/
insert into biglietto(codiceBiglietto, nomeBiglietto)
values (1, 'Pomeridiano'), (2, 'Flash Pass'), (3, 'Pomeridiano'), (4, '2 giorni con pernottamento'),
		(5, 'Giornaliero'), (6, 'Pomeridiano'), (7, 'Pomeridiano'), (8, 'Flash Pass'),
        (9, 'Giornaliero'), (10, 'Flash Pass'), (11, 'Pomeridiano'), (12, 'Flash Pass'),
        (13, 'Pomeridiano'), (14, 'Pomeridiano'), (15, 'Giornaliero'), (16, '2 giorni con pernottamento'),
        (17, 'Pomeridiano'), (18, '2 giorni con pernottamento'), (19, 'Pomeridiano'), (20, 'Giornaliero'),
        (21, 'Pomeridiano'), (22, 'Pomeridiano'), (23, 'Giornaliero'), (24, 'Giornaliero'),
        (25, 'Pomeridiano'), (26, '2 giorni con pernottamento'), (27, 'Flash Pass'), (28, 'Pomeridiano'),
        (29, 'Pomeridiano'), (30, 'Giornaliero'), (31, '2 giorni con pernottamento'), (32, 'Pomeridiano'),
        (33, 'Flash Pass'), (34, 'Giornaliero'), (35, 'Giornaliero'), (36, 'Pomeridiano'),
        (37, 'Flash Pass'), (38, 'Giornaliero'), (39, 'Pomeridiano'), (40, 'Flash Pass'),
        (41, 'Giornaliero'), (42, 'Pomeridiano'), (43, '2 giorni con pernottamento'), (44, 'Giornaliero'),
        (45, '2 giorni con pernottamento'), (46, 'Pomeridiano'), (47, 'Flash Pass'), (48, 'Giornaliero'),
        (49, 'Flash Pass'), (50, 'Pomeridiano'), (51, 'Giornaliero'), (52, '2 giorni con pernottamento'),
        (53, 'Giornaliero'), (54, 'Pomeridiano'), (55, 'Giornaliero'), (56, 'Giornaliero'),
        (57, 'Flash Pass'), (58, 'Pomeridiano'), (59, 'Giornaliero'), (60, 'Pomeridiano'),
        (61, '2 giorni con pernottamento'), (62, 'Flash Pass'), (63, 'Giornaliero'), (64, 'Giornaliero'),
        (65, 'Pomeridiano'), (66, 'Flash Pass'), (67, 'Giornaliero'), (68, 'Flash Pass'), (69, 'Flash Pass'),
        (70, '2 giorni con pernottamento'), (71, 'Flash Pass'), (72, 'Pomeridiano'), (73, '2 giorni con pernottamento'),
        (74, 'Flash Pass'), (75, 'Giornaliero'), (76, 'Flash Pass'), (77, 'Flash Pass'), (78, 'Giornaliero'),
        (79, 'Flash Pass'), (80, 'Pomeridiano'), (81, 'Flash Pass'), (82, '2 giorni con pernottamento'), (83, 'Giornaliero'),
        (84, 'Flash Pass'), (85, 'Flash Pass'), (86, 'Giornaliero'), (87, 'Giornaliero'), (88, 'Flash Pass'),
        (89, 'Flash Pass'), (90, 'Giornaliero'), (91, 'Flash Pass'), (92, 'Pomeridiano'), (93, 'Flash Pass'),
        (94, 'Giornaliero'), (95, 'Flash Pass'), (96, 'Pomeridiano'), (97, 'Flash Pass'),
        (98, '2 giorni con pernottamento'), (99, 'Giornaliero'), (100, 'Pomeridiano'), (101, 'Giornaliero'),
		(102, 'Pomeridiano'), (103, '2 giorni con pernottamento'), (104, 'Giornaliero'), (105, 'Pomeridiano'),
		(106, '2 giorni con pernottamento'), (107, 'Giornaliero'), (108, 'Pomeridiano'), (109, '2 giorni con pernottamento'),
		(110, 'Giornaliero'), (111, 'Pomeridiano'), (112, '2 giorni con pernottamento'), (113, 'Giornaliero'), (114, 'Pomeridiano'),
		(115, '2 giorni con pernottamento'), (116, 'Giornaliero'), (117, 'Pomeridiano'), (118, '2 giorni con pernottamento'),
		(119, 'Giornaliero'), (120, 'Pomeridiano'), (121, '2 giorni con pernottamento'), (122, 'Giornaliero'), (123, 'Pomeridiano'),
		(124, '2 giorni con pernottamento'), (125, 'Giornaliero'), (126, 'Pomeridiano'), (127, '2 giorni con pernottamento'),
		(128, 'Giornaliero'), (129, 'Pomeridiano'), (130, '2 giorni con pernottamento'), (131, 'Giornaliero'), (132, 'Giornaliero'),
        (133, 'Giornaliero'), (134, 'Giornaliero'), (135, 'Giornaliero'),
		(136, 'Giornaliero'), (137, 'Giornaliero'), (138, 'Giornaliero'), (139, 'Giornaliero'), (140, 'Giornaliero'),
		(141, 'Giornaliero'), (142, 'Giornaliero'), (143, 'Giornaliero'), (144, 'Giornaliero'), (145, 'Giornaliero'),
		(146, 'Giornaliero'), (147, 'Giornaliero'), (148, 'Giornaliero'), (149, 'Giornaliero'), (150, 'Giornaliero'),
		(151, 'Giornaliero'), (152, 'Giornaliero'), (153, 'Giornaliero'), (154, 'Giornaliero'), (155, 'Giornaliero'),
		(156, 'Giornaliero'), (157, 'Giornaliero'), (158, 'Giornaliero'), (159, 'Giornaliero'), (160, 'Giornaliero'),
		(161, 'Giornaliero'), (162, 'Giornaliero'), (163, 'Giornaliero'), (164, 'Giornaliero'), (165, 'Giornaliero'),
		(166, 'Giornaliero'), (167, 'Giornaliero'), (168, 'Giornaliero'), (169, 'Giornaliero'), (170, 'Giornaliero'),
		(171, 'Giornaliero'), (172, 'Giornaliero'), (173, 'Giornaliero'), (174, 'Giornaliero'), (175, 'Giornaliero'),
		(176, 'Giornaliero'), (177, 'Giornaliero'), (178, 'Giornaliero'), (179, 'Giornaliero'), (180, 'Giornaliero'),
		(181, 'Giornaliero'), (182, 'Giornaliero'), (183, 'Giornaliero'), (184, 'Giornaliero'), (185, 'Giornaliero'),
		(186, 'Giornaliero'), (187, 'Giornaliero'), (188, 'Giornaliero'), (189, 'Giornaliero'), (190, 'Giornaliero'),
		(191, 'Giornaliero'), (192, 'Giornaliero'), (193, 'Giornaliero'), (194, 'Giornaliero'), (195, 'Giornaliero'),
		(196, 'Giornaliero'), (197, 'Giornaliero'), (198, 'Giornaliero'), (199, 'Giornaliero'), (200, 'Giornaliero'),
		(201, 'Giornaliero'), (202, 'Giornaliero'), (203, 'Giornaliero'), (204, 'Giornaliero'), (205, 'Giornaliero'),
		(206, 'Giornaliero'), (207, 'Giornaliero'), (208, 'Giornaliero'), (209, 'Giornaliero'), (210, 'Giornaliero'),
		(211, 'Giornaliero'), (212, 'Giornaliero'), (213, 'Giornaliero'), (214, 'Giornaliero'), (215, 'Giornaliero'),
		(216, 'Giornaliero'), (217, 'Giornaliero'), (218, 'Giornaliero'), (219, 'Giornaliero'), (220, 'Giornaliero'),
		(221, 'Giornaliero'), (222, 'Giornaliero'), (223, 'Giornaliero'), (224, 'Giornaliero'), (225, 'Giornaliero'),
		(226, 'Giornaliero'), (227, 'Giornaliero'), (228, 'Giornaliero'), (229, 'Giornaliero'), (230, 'Giornaliero'),
		(231, 'Giornaliero'), (232, 'Giornaliero'), (233, 'Giornaliero'), (234, 'Giornaliero'), (235, 'Giornaliero'),
		(236, 'Giornaliero'), (237, 'Giornaliero'), (238, 'Giornaliero'), (239, 'Giornaliero'), (240, 'Giornaliero'),
		(241, 'Giornaliero'), (242, 'Pomeridiano'), (244, 'Giornaliero'), (255, 'Giornaliero'), (243, 'Pomeridiano'), 
        (246, 'Giornaliero'), (247, 'Giornaliero'), (248, 'Pomeridiano'), (249, 'Pomeridiano'), (250, 'Pomeridiano'), 
        (251, 'Giornaliero'), (252, 'Giornaliero'), (253, 'Giornaliero'), (254, 'Giornaliero'), (256, 'Giornaliero'), 
        (257, 'Giornaliero'), (258, 'Pomeridiano'), (259, 'Pomeridiano'), (260, 'Pomeridiano'); 

/*Acquisto A*/
-- 20 persone: data 2023-07-16
INSERT INTO acquisto_a (CF, codAbbonamento, data, orario) VALUES
('MR12AB', 1, '2023-07-16', '10:12:45'), ('LB05CD', 2, '2023-07-16', '10:45:12'),
('AV22EF', 3, '2023-07-16', '11:05:33'), ('GN09GH', 4, '2023-07-16', '11:30:10'),
('MG18IJ', 5, '2023-07-16', '12:15:22'), ('SF30KL', 6, '2023-07-16', '12:50:00'),
('PR14MN', 7, '2023-07-16', '13:20:45'), ('ER03OP', 8, '2023-07-16', '13:55:12'),
('DC27QR', 9, '2023-07-16', '14:10:30'), ('FM16ST', 10, '2023-07-16', '14:40:55'),
('AC11UV', 11, '2023-07-16', '15:05:18'), ('CG24WX', 12, '2023-07-16', '15:30:40'),
('SR02YZ', 13, '2023-07-16', '16:00:25'), ('ML19AA', 14, '2023-07-16', '16:25:50'),
('FM08BB', 15, '2023-07-16', '16:50:12'), ('VB25CC', 16, '2023-07-16', '17:10:05'),
('SF06DD', 17, '2023-07-16', '17:25:33'), ('LD13EE', 18, '2023-07-16', '17:40:11'),
('MS29FF', 19, '2023-07-16', '17:52:40'), ('IG21GG', 20, '2023-07-16', '17:58:15');

-- 30 persone: data 2024-06-18
INSERT INTO acquisto_a (CF, codAbbonamento, data, orario) VALUES
('NT17HH', 21, '2024-06-18', '10:05:10'), ('BP04II', 22, '2024-06-18', '10:25:30'),
('GF28JJ', 23, '2024-06-18', '10:45:00'), ('SR10KK', 24, '2024-06-18', '11:00:15'),
('AL15LL', 25, '2024-06-18', '11:20:40'), ('MP07MM', 26, '2024-06-18', '11:45:55'),
('RM23NN', 27, '2024-06-18', '12:05:12'), ('CV14OO', 28, '2024-06-18', '12:30:30'),
('FL01PP', 29, '2024-06-18', '12:55:00'), ('AC18QQ', 30, '2024-06-18', '13:10:45'),
('TB09RR', 31, '2024-06-18', '13:35:20'), ('SF26SS', 32, '2024-06-18', '13:50:10'),
('EP03TT', 33, '2024-06-18', '14:15:33'), ('GS20UU', 34, '2024-06-18', '14:40:50'),
('DA31VV', 35, '2024-06-18', '15:00:15'), ('VC27WW', 36, '2024-06-18', '15:22:40'),
('RF06XX', 37, '2024-06-18', '15:45:05'), ('EM12YY', 38, '2024-06-18', '16:05:12'),
('PC19AZ', 39, '2024-06-18', '16:20:30'), ('NV08BA', 40, '2024-06-18', '16:40:55'),
('GO24CB', 41, '2024-06-18', '16:55:10'), ('FS16DC', 42, '2024-06-18', '17:10:33'),
('ED02ED', 43, '2024-06-18', '17:25:00'), ('CF11FE', 44, '2024-06-18', '17:35:12'),
('SP29GF', 45, '2024-06-18', '17:45:25'), ('IG05HG', 46, '2024-06-18', '17:50:10'),
('CM14IH', 47, '2024-06-18', '17:53:40'), ('AR23JI', 48, '2024-06-18', '17:55:55'),
('LB30KJ', 49, '2024-06-18', '17:57:12'), ('SP09LK', 50, '2024-06-18', '17:59:00');

-- 40 persone: data 2025-08-07
INSERT INTO acquisto_a (CF, codAbbonamento, data, orario) VALUES
('GF10ML', 51, '2025-08-07', '10:05:00'), ('RN21NM', 52, '2025-08-07', '10:15:00'),
('LM05OP', 53, '2025-08-07', '10:30:00'), ('AB15PQ', 54, '2025-08-07', '10:45:00'),
('MF22QR', 55, '2025-08-07', '11:00:00'), ('EL28RS', 56, '2025-08-07', '11:15:00'),
('DP11ST', 57, '2025-08-07', '11:30:00'), ('GM07TU', 58, '2025-08-07', '11:45:00'),
('FV30UV', 59, '2025-08-07', '12:00:00'), ('SL02VW', 60, '2025-08-07', '12:15:00'),
('TC18WX', 61, '2025-08-07', '12:30:00'), ('MB10XY', 62, '2025-08-07', '12:45:00'),
('AF25YZ', 63, '2025-08-07', '13:00:00'), ('CP19ZA', 64, '2025-08-07', '13:15:00'),
('AS14AB', 65, '2025-08-07', '13:30:00'), ('VA23BC', 66, '2025-08-07', '13:45:00'),
('SC05CD', 67, '2025-08-07', '14:00:00'), ('IF10DE', 68, '2025-08-07', '14:15:00'),
('MM01EF', 69, '2025-08-07', '14:30:00'), ('EC17FG', 70, '2025-08-07', '14:45:00'),
('NV28GH', 71, '2025-08-07', '15:00:00'), ('BO13HI', 72, '2025-08-07', '15:15:00'),
('GS04IJ', 73, '2025-08-07', '15:30:00'), ('SD22JK', 74, '2025-08-07', '15:45:00'),
('AF16KL', 75, '2025-08-07', '16:00:00'), ('MP09LM', 76, '2025-08-07', '16:15:00'),
('RG01MN', 77, '2025-08-07', '16:30:00'), ('CM07NO', 78, '2025-08-07', '16:45:00'),
('FR19OP', 79, '2025-08-07', '17:00:00'), ('AB05PQ', 80, '2025-08-07', '17:10:00'),
('TP20QR', 81, '2025-08-07', '17:20:00'), ('SF06RS', 82, '2025-08-07', '17:30:00'),
('EN13ST', 83, '2025-08-07', '17:35:00'), ('GM30TU', 84, '2025-08-07', '17:40:00'),
('DB08UV', 85, '2025-08-07', '17:45:00'), ('VF01VW', 86, '2025-08-07', '17:50:00'),
('RL11WX', 87, '2025-08-07', '17:52:00'), ('EP18XY', 88, '2025-08-07', '17:55:00'),
('PM02YZ', 89, '2025-08-07', '17:57:00'), ('NV24ZA', 90, '2025-08-07', '17:59:00');

-- 30 persone: data 2026-06-04
INSERT INTO acquisto_a (CF, codAbbonamento, data, orario) VALUES
('AG12XY', 91, '2026-06-04', '10:10:00'), ('MP05QR', 92, '2026-06-04', '10:30:00'),
('GS22BT', 93, '2026-06-04', '10:50:00'), ('PB09LZ', 94, '2026-06-04', '11:15:00'),
('EG18KF', 95, '2026-06-04', '11:40:00'), ('RF30JD', 96, '2026-06-04', '12:05:00'),
('CB14MN', 97, '2026-06-04', '12:30:00'), ('LM03OP', 98, '2026-06-04', '12:55:00'),
('RC27WE', 99, '2026-06-04', '13:20:00'), ('SV16RT', 100, '2026-06-04', '13:45:00'),
('MD11YU', 101, '2026-06-04', '14:05:00'), ('TG24PL', 102, '2026-06-04', '14:25:00'),
('DF02KJ', 103, '2026-06-04', '14:45:00'), ('AN19XC', 104, '2026-06-04', '15:05:00'),
('VP08VB', 105, '2026-06-04', '15:25:00'), ('GR25SD', 106, '2026-06-04', '15:45:00'),
('SS06NM', 107, '2026-06-04', '16:05:00'), ('RM13LK', 108, '2026-06-04', '16:25:00'),
('AG28QW', 109, '2026-06-04', '16:45:00'), ('PP21ER', 110, '2026-06-04', '17:05:00'),
('MS17TY', 111, '2026-06-04', '17:15:00'), ('CP04UI', 112, '2026-06-04', '17:25:00'),
('BV28OP', 113, '2026-06-04', '17:35:00'), ('DR10AS', 114, '2026-06-04', '17:45:00'),
('PT15DF', 115, '2026-06-04', '17:50:00'), ('DM07GH', 116, '2026-06-04', '17:52:00'),
('RB23JK', 117, '2026-06-04', '17:54:00'), ('AP14LZ', 118, '2026-06-04', '17:56:00'),
('ES01XN', 119, '2026-06-04', '17:58:00'), ('MB18CV', 120, '2026-06-04', '17:59:30');


INSERT INTO acquisto_a (CF, codAbbonamento, data, orario) VALUES 
('MR12AB', 121, '2024-06-18', '10:14:22'),
('MR12AB', 122, '2026-06-04', '10:45:09'),
('VB25CC', 123, '2025-08-07', '11:22:37'),
('NT17HH', 124, '2026-06-04', '12:05:14'),
('AG12XY', 125, '2025-08-07', '12:48:51'), 
('GF10ML', 126, '2026-06-04', '13:15:20'), 
('MM01EF', 127, '2024-06-18', '14:02:44'), 
('AG12XY', 128, '2024-06-18', '14:33:12'), 
('VB25CC', 129, '2026-06-04', '15:10:55'), 
('PR14MN', 130, '2026-06-04', '15:54:03'),
('MB18CV', 131, '2025-08-07', '16:12:28'),
('MD11YU', 132, '2025-08-07', '16:40:19'), 
('AG12XY', 133, '2023-07-16', '17:05:36'), 
('MM01EF', 134, '2023-07-16', '17:35:50'), 
('GF10ML', 135, '2023-07-16', '17:58:11');

/*Acquisto B*/
INSERT INTO acquisto_b (CF, codiceBiglietto, data, orario) VALUES
('ML19AA', 1, '2024-06-18', '10:15:00'), ('FM08BB', 2, '2024-06-18', '10:30:00'),
('VB25CC', 3, '2024-06-18', '10:45:00'), ('SF06DD', 4, '2024-06-18', '11:00:00'),
('LD13EE', 5, '2024-06-18', '11:15:00'), ('MS29FF', 6, '2024-06-18', '11:30:00'),
('IG21GG', 7, '2024-06-18', '11:45:00'), ('NT17HH', 8, '2023-07-16', '12:00:00'),
('BP04II', 9, '2023-07-16', '12:15:00'), ('GF28JJ', 10, '2023-07-16', '12:30:00'),
('SR10KK', 11, '2023-07-16', '12:45:00'), ('AL15LL', 12, '2023-07-16', '13:00:00'),
('MP07MM', 13, '2023-07-16', '13:15:00'), ('RM23NN', 14, '2023-07-16', '13:30:00'),
('CV14OO', 15, '2023-07-16', '13:45:00'), ('FL01PP', 16, '2023-07-16', '14:00:00'),
('AC18QQ', 17, '2023-07-16', '14:15:00'), ('TB09RR', 18, '2023-07-16', '14:30:00'),
('SF26SS', 19, '2023-07-16', '14:45:00'), ('EP03TT', 20, '2023-07-16', '15:00:00'),
('GS20UU', 21, '2023-07-16', '15:15:00'), ('DA31VV', 22, '2023-07-16', '15:30:00'),
('VC27WW', 23, '2023-07-16', '15:45:00'), ('RF06XX', 24, '2023-07-16', '16:00:00'),
('EM12YY', 25, '2023-07-16', '16:15:00'), ('PC19AZ', 26, '2023-07-16', '16:30:00'),
('NV08BA', 27, '2023-07-16', '16:45:00'), ('GO24CB', 28, '2023-07-16', '17:00:00'),
('FS16DC', 29, '2023-07-16', '17:15:00'), ('ED02ED', 30, '2023-07-16', '17:30:00'),
('CF11FE', 31, '2023-07-16', '17:45:00'), ('SP29GF', 32, '2023-07-16', '17:55:00'),
('IG05HG', 33, '2023-07-16', '17:59:00');

-- 33 persone: data 2024-06-18
INSERT INTO acquisto_b (CF, codiceBiglietto, data, orario) VALUES
('CM14IH', 34, '2024-06-18', '10:10:00'), ('AR23JI', 35, '2024-06-18', '10:20:00'),
('LB30KJ', 36, '2024-06-18', '10:40:00'), ('SP09LK', 37, '2023-07-16', '11:00:00'),
('MD08KL', 38, '2024-06-18', '11:20:00'), ('CR17LM', 39, '2024-06-18', '11:40:00'),
('LP25MN', 40, '2024-06-18', '12:00:00'), ('VS04NO', 41, '2024-06-18', '12:20:00'),
('AM19OP', 42, '2024-06-18', '12:40:00'), ('FG11PQ', 43, '2024-06-18', '13:00:00'),
('DS22QR', 44, '2024-06-18', '13:20:00'), ('EV09RS', 45, '2024-06-18', '13:40:00'),
('GM27ST', 46, '2024-06-18', '14:00:00'), ('IP15TU', 47, '2024-06-18', '14:20:00'),
('SR03UV', 48, '2024-06-18', '14:40:00'), ('MD18VW', 49, '2024-06-18', '15:00:00'),
('RB29WX', 50, '2024-06-18', '15:20:00'), ('SF07XY', 51, '2024-06-18', '15:40:00'),
('AL14YZ', 52, '2024-06-18', '16:00:00'), ('BR01ZA', 53, '2024-06-18', '16:20:00'),
('TP20ZZ', 54, '2024-06-18', '16:40:00'), ('EB30XX', 55, '2024-06-18', '17:00:00'),
('LF12YY', 56, '2024-06-18', '17:15:00'), ('SM06WW', 57, '2024-06-18', '17:30:00'),
('GR11KK', 58, '2024-06-18', '17:40:00'), ('FB23JJ', 59, '2024-06-18', '17:45:00'),
('ES19MM', 60, '2024-06-18', '17:50:00'), ('CM04LL', 61, '2024-06-18', '17:52:00'),
('SR28PP', 62, '2024-06-18', '17:54:00'), ('IM10QQ', 63, '2024-06-18', '17:56:00'),
('CV05RR', 64, '2024-06-18', '17:57:00'), ('AL17SS', 65, '2024-06-18', '17:58:00'),
('LC29TT', 66, '2024-06-18', '17:59:00');

-- 32 persone: data 2025-08-07
INSERT INTO acquisto_b (CF, codiceBiglietto, data, orario) VALUES
('SB09UU', 67, '2025-08-07', '10:10:00'), ('MF06VV', 68, '2025-08-07', '10:30:00'),
('CN22AA', 69, '2025-08-07', '10:50:00'), ('LM15BB', 70, '2025-08-07', '11:10:00'),
('VB03CC', 71, '2025-08-07', '11:30:00'), ('AF11DD', 72, '2025-08-07', '11:50:00'),
('FR19EE', 73, '2025-08-07', '12:10:00'), ('DL30FF', 74, '2025-08-07', '12:30:00'),
('EP21GG', 75, '2025-08-07', '12:50:00'), ('GM05HH', 76, '2025-08-07', '13:10:00'),
('IV14II', 77, '2025-08-07', '13:30:00'), ('SB07OO', 78, '2025-08-07', '13:50:00'),
('MF22ZZ', 79, '2025-08-07', '14:10:00'), ('RN17YY', 80, '2025-08-07', '14:30:00'),
('SM09XX', 81, '2025-08-07', '14:50:00'), ('AB20WW', 82, '2025-08-07', '15:10:00'),
('BF03VV', 83, '2025-08-07', '15:30:00'), ('TR12UU', 84, '2025-08-07', '15:50:00'),
('EL28TT', 85, '2025-08-07', '16:10:00'), ('LP30SS', 86, '2025-08-07', '16:30:00'),
('SL06RR', 87, '2025-08-07', '16:50:00'), ('RC08GH', 88, '2025-08-07', '17:10:00'),
('AF17JK', 89, '2025-08-07', '17:25:00'), ('GM25LZ', 90, '2025-08-07', '17:35:00'),
('MC04XC', 91, '2025-08-07', '17:45:00'), ('AV19VB', 92, '2025-08-07', '17:50:00'),
('LO11SD', 93, '2025-08-07', '17:52:00'), ('VS22NM', 94, '2025-08-07', '17:54:00'),
('MD09LK', 95, '2025-08-07', '17:56:00'), ('IF27QW', 96, '2025-08-07', '17:57:00'),
('OP15ER', 97, '2025-08-07', '17:58:00'), ('OG03TY', 98, '2025-08-07', '17:59:00');

-- 32 persone: data 2026-06-04
INSERT INTO acquisto_b (CF, codiceBiglietto, data, orario) VALUES
('RM18UI', 99, '2026-06-04', '10:05:00'), ('NR29OP', 100, '2026-06-04', '10:25:00'),
('LB07AS', 101, '2026-06-04', '10:45:00'), ('EP14DF', 102, '2026-06-04', '11:05:00'),
('IF01GH', 103, '2026-06-04', '11:25:00'), ('AN20JK', 104, '2026-06-04', '11:45:00'),
('AM30LZ', 105, '2026-06-04', '12:05:00'), ('LB12XC', 106, '2026-06-04', '12:25:00'),
('AF06VB', 107, '2026-06-04', '12:45:00'), ('IL11SD', 108, '2026-06-04', '13:05:00'),
('AP23NM', 109, '2026-06-04', '13:25:00'), ('UM19LK', 110, '2026-06-04', '13:45:00'),
('IV04QW', 111, '2026-06-04', '14:05:00'), ('IL28ER', 112, '2026-06-04', '14:25:00'),
('IC10TY', 113, '2026-06-04', '14:45:00'), ('OB05UI', 114, '2026-06-04', '15:05:00'),
('LF17OP', 115, '2026-06-04', '15:25:00'), ('OP29AS', 116, '2026-06-04', '15:45:00'),
('TS09DF', 117, '2026-06-04', '16:05:00'), ('EA06GH', 118, '2026-06-04', '16:25:00'),
('NC22JK', 119, '2026-06-04', '16:45:00'), ('OF15LZ', 120, '2026-06-04', '17:05:00'),
('MM03XC', 121, '2026-06-04', '17:15:00'), ('OC11VB', 122, '2026-06-04', '17:25:00'),
('DV19SD', 123, '2026-06-04', '17:35:00'), ('AO30NM', 124, '2026-06-04', '17:45:00'),
('LS21LK', 125, '2026-06-04', '17:50:00'), ('ED05QW', 126, '2026-06-04', '17:52:00'),
('EF14ER', 127, '2026-06-04', '17:54:00'), ('IP07TY', 128, '2026-06-04', '17:56:00'),
('ZG22UI', 129, '2026-06-04', '17:58:00'), ('LM17OP', 130, '2026-06-04', '17:59:00');

/* ACQUISTI GRUPPI SCOLASTICI (codiceBiglietto da 131 a 249)
   Fascia oraria: 10:00 - 11:00
*/

-- DATA: 2023-05-30 | Gruppo Scuola Annata 2016 (25 bambini)
INSERT INTO acquisto_b (CF, codiceBiglietto, data, orario) VALUES
('MR12GH', 131, '2023-05-30', '10:02:00'), ('SG22KL', 132, '2023-05-30', '10:04:00'),
('LF15TY', 133, '2023-05-30', '10:06:00'), ('AB08RE', 134, '2023-05-30', '10:08:00'),
('TS29PL', 135, '2023-05-30', '10:10:00'), ('GM10MN', 136, '2023-05-30', '10:12:00'),
('RC03CV', 137, '2023-05-30', '10:14:00'), ('EN18BN', 138, '2023-05-30', '10:16:00'),
('GR25XC', 139, '2023-05-30', '10:18:00'), ('AF12FG', 140, '2023-05-30', '10:20:00'),
('EM05OP', 141, '2023-05-30', '10:22:00'), ('GV01RT', 142, '2023-05-30', '10:24:00'),
('FS27QW', 143, '2023-05-30', '10:26:00'), ('BG09AS', 144, '2023-05-30', '10:28:00'),
('AB20DF', 145, '2023-05-30', '10:30:00'), ('VL14GH', 146, '2023-05-30', '10:32:00'),
('DP11JK', 147, '2023-05-30', '10:34:00'), ('LM30LZ', 148, '2023-05-30', '10:36:00'),
('FV04XN', 149, '2023-05-30', '10:38:00'), ('MG17PO', 150, '2023-05-30', '10:40:00'),
('LD28MA', 151, '2023-05-30', '10:42:00'), ('CP06SD', 152, '2023-05-30', '10:44:00'),
('SF22VB', 153, '2023-05-30', '10:46:00'), ('NB15ER', 154, '2023-05-30', '10:48:00'),
('CP08UI', 155, '2023-05-30', '10:50:00');

-- DATA: 2024-05-28 | Gruppo 1 Annata 2008 (15 ragazzi)
INSERT INTO acquisto_b (CF, codiceBiglietto, data, orario) VALUES
('VD12ZX', 156, '2024-05-28', '10:05:00'), ('MS25KL', 157, '2024-05-28', '10:08:00'),
('KR15MN', 158, '2024-05-28', '10:11:00'), ('AG08OP', 159, '2024-05-28', '10:14:00'),
('MB30QW', 160, '2024-05-28', '10:17:00'), ('GN10ER', 161, '2024-05-28', '10:20:00'),
('CF22TY', 162, '2024-05-28', '10:23:00'), ('DP14UI', 163, '2024-05-28', '10:26:00'),
('YC05AS', 164, '2024-05-28', '10:29:00'), ('SV19DF', 165, '2024-05-28', '10:32:00'),
('IM03GH', 166, '2024-05-28', '10:35:00'), ('ES27JK', 167, '2024-05-28', '10:38:00'),
('TM06LZ', 168, '2024-05-28', '10:41:00'), ('MP31XC', 169, '2024-05-28', '10:44:00'),
('AF20VB', 170, '2024-05-28', '10:47:00');

-- DATA: 2024-05-23 | Gruppo 2 Annata 2010 (25 bambini)
INSERT INTO acquisto_b (CF, codiceBiglietto, data, orario) VALUES
('PG10BN', 171, '2024-05-23', '10:02:00'), ('LS22MK', 172, '2024-05-23', '10:04:00'),
('FM05JH', 173, '2024-05-23', '10:06:00'), ('AB19RT', 174, '2024-05-23', '10:08:00'),
('GP13WE', 175, '2024-05-23', '10:10:00'), ('MC30CV', 176, '2024-05-23', '10:12:00'),
('BB08FG', 177, '2024-05-23', '10:14:00'), ('VF21OP', 178, '2024-05-23', '10:16:00'),
('DP18SD', 179, '2024-05-23', '10:18:00'), ('NA06VB', 180, '2024-05-23', '10:20:00'),
('ZC24LK', 181, '2024-05-23', '10:22:00'), ('MF12QW', 182, '2024-05-23', '10:24:00'),
('EM28ER', 183, '2024-05-23', '10:26:00'), ('LC14TY', 184, '2024-05-23', '10:28:00'),
('GV03UI', 185, '2024-05-23', '10:30:00'), ('RO07AS', 186, '2024-05-23', '10:32:00'),
('IS28DF', 187, '2024-05-23', '10:34:00'), ('AD22GH', 188, '2024-05-23', '10:36:00'),
('UF19JK', 189, '2024-05-23', '10:38:00'), ('IP30LZ', 190, '2024-05-23', '10:40:00'),
('OG15XC', 191, '2024-05-23', '10:42:00'), ('TM01VB', 192, '2024-05-23', '10:44:00'),
('LR12SD', 193, '2024-05-23', '10:46:00'), ('CB09NM', 194, '2024-05-23', '10:48:00'),
('EP22LK', 195, '2024-05-23', '10:50:00');

-- DATA: 2025-05-25 | Gruppo 3 Annata 2012 (22 bambini)
INSERT INTO acquisto_b (CF, codiceBiglietto, data, orario) VALUES
('RF17QW', 196, '2025-05-25', '10:10:00'), ('AS28ER', 197, '2025-05-25', '10:12:00'),
('VM04TY', 198, '2025-05-25', '10:14:00'), ('MB22UI', 199, '2025-05-25', '10:16:00'),
('AM16OP', 200, '2025-05-25', '10:18:00'), ('LV09AS', 201, '2025-05-25', '10:20:00'),
('IS01DF', 202, '2025-05-25', '10:22:00'), ('OG07GH', 203, '2025-05-25', '10:24:00'),
('NB19JK', 204, '2025-05-25', '10:26:00'), ('LL05LZ', 205, '2025-05-25', '10:28:00'),
('AP20XC', 206, '2025-05-25', '10:30:00'), ('AM06VB', 207, '2025-05-25', '10:32:00'),
('LV13SD', 208, '2025-05-25', '10:34:00'), ('AG30NM', 209, '2025-05-25', '10:36:00'),
('ID08LK', 210, '2025-05-25', '10:38:00'), ('AP01QW', 211, '2025-05-25', '10:40:00'),
('UF11ER', 212, '2025-05-25', '10:42:00'), ('IB18TY', 213, '2025-05-25', '10:44:00'),
('IP02UI', 214, '2025-05-25', '10:46:00'), ('IM24OP', 215, '2025-05-25', '10:48:00'),
('ON12AS', 216, '2025-05-25', '10:50:00'), ('LR06DF', 217, '2025-05-25', '10:52:00');

-- DATA: 2026-06-03 | Gruppo 4 Annata 2014 (24 bambini)
INSERT INTO acquisto_b (CF, codiceBiglietto, data, orario) VALUES
('EF15GH', 218, '2026-06-03', '10:02:00'), ('NP21JK', 219, '2026-06-03', '10:04:00'),
('OS03LZ', 220, '2026-06-03', '10:06:00'), ('TA19XC', 221, '2026-06-03', '10:08:00'),
('NC28VB', 222, '2026-06-03', '10:10:00'), ('MF12SD', 223, '2026-06-03', '10:12:00'),
('OM21NM', 224, '2026-06-03', '10:14:00'), ('MC14LK', 225, '2026-06-03', '10:16:00'),
('OV08QW', 226, '2026-06-03', '10:18:00'), ('DO17ER', 227, '2026-06-03', '10:20:00'),
('AS25TY', 228, '2026-06-03', '10:22:00'), ('LD04UI', 229, '2026-06-03', '10:24:00'),
('EF19OP', 230, '2026-06-03', '10:26:00'), ('EP11AS', 231, '2026-06-03', '10:28:00'),
('IG22DF', 232, '2026-06-03', '10:30:00'), ('ZM09GH', 233, '2026-06-03', '10:32:00'),
('LR27JK', 234, '2026-06-03', '10:34:00'), ('AB15LZ', 235, '2026-06-03', '10:36:00'),
('TP03XC', 236, '2026-06-03', '10:38:00'), ('PF18VB', 237, '2026-06-03', '10:40:00'),
('LN29SD', 238, '2026-06-03', '10:42:00'), ('BG07NM', 239, '2026-06-03', '10:44:00'),
('MM14LK', 240, '2026-06-03', '10:46:00'), ('CB01QW', 241, '2026-06-03', '10:48:00');

--  ACQUISTI BIGLIETTI DA VISITATORI CHE AVEVANO GIA' ACQUISTATO
INSERT INTO acquisto_b (CF, codiceBiglietto, data, orario) VALUES 
('ML19AA', 242, '2026-06-04', '12:33:14'), 
('ML19AA', 244, '2025-08-07', '13:12:44'),
('ML19AA', 255, '2024-06-18', '10:23:12'),
('SP09LK', 243, '2025-08-07', '11:22:09'),
('SP09LK', 246, '2026-06-04', '14:56:28'),
('RM18UI', 247, '2023-07-16', '16:43:02'),
('RM18UI', 248, '2024-06-18', '17:08:52'), 
('ZG22UI', 249, '2025-08-07', '15:10:22'), 
('AO30NM', 250, '2023-07-16', '11:37:23');

-- ACQUISTI BIGLIETTI DA VISITATORI CHE AVEVANO GIA' ACQUISTATO (DATE CHE NON ESISTEVANO PRIMA!!!)
INSERT INTO acquisto_b (CF, codiceBiglietto, data, orario) VALUES 
('FM08BB', 251, '2025-08-12', '11:55:08'),
('FM08BB', 252, '2026-07-11', '10:24:19'), 
('LD13EE', 253, '2025-06-16', '13:33:33'), 
('AR23JI', 254, '2024-05-12', '17:20:33'),
('AR23JI', 256, '2026-05-18', '10:17:22'), 
('FG11PQ', 257, '2023-09-13', '16:23:00'),
('ML19AA', 258, '2025-05-14', '10:19:23'), 
('ML19AA', 259, '2026-04-23', '10:45:56'), 
('CN22AA', 260, '2026-04-23', '14:09:12');

/*Vendita A*/
INSERT INTO vendita_a (codAbbonamento, data, orario, numeroCassa) VALUES
(1, '2023-07-16', '10:12:45', 4), (2, '2023-07-16', '10:45:12', 11), (3, '2023-07-16', '11:05:33', 7),
(4, '2023-07-16', '11:30:10', 2), (5, '2023-07-16', '12:15:22', 9), (6, '2023-07-16', '12:50:00', 12),
(7, '2023-07-16', '13:20:45', 1), (8, '2023-07-16', '13:55:12', 8), (9, '2023-07-16', '14:10:30', 5),
(10, '2023-07-16', '14:40:55', 3), (11, '2023-07-16', '15:05:18', 10), (12, '2023-07-16', '15:30:40', 6),
(13, '2023-07-16', '16:00:25', 11), (14, '2023-07-16', '16:25:50', 4), (15, '2023-07-16', '16:50:12', 8),
(16, '2023-07-16', '17:10:05', 12), (17, '2023-07-16', '17:25:33', 1), (18, '2023-07-16', '17:40:11', 7),
(19, '2023-07-16', '17:52:40', 9), (20, '2023-07-16', '17:58:15', 2), (21, '2024-06-18', '10:05:10', 10),
(22, '2024-06-18', '10:25:30', 5), (23, '2024-06-18', '10:45:00', 3), (24, '2024-06-18', '11:00:15', 11),
(25, '2024-06-18', '11:20:40', 6), (26, '2024-06-18', '11:45:55', 12), (27, '2024-06-18', '12:05:12', 1),
(28, '2024-06-18', '12:30:30', 8), (29, '2024-06-18', '12:55:00', 4), (30, '2024-06-18', '13:10:45', 7),
(31, '2024-06-18', '13:35:20', 2), (32, '2024-06-18', '13:50:10', 9), (33, '2024-06-18', '14:15:33', 10),
(34, '2024-06-18', '14:40:50', 5), (35, '2024-06-18', '15:00:15', 12), (36, '2024-06-18', '15:22:40', 1),
(37, '2024-06-18', '15:45:05', 3), (38, '2024-06-18', '16:05:12', 11), (39, '2024-06-18', '16:20:30', 6),
(40, '2024-06-18', '16:40:55', 8), (41, '2024-06-18', '16:55:10', 4), (42, '2024-06-18', '17:10:33', 7),
(43, '2024-06-18', '17:25:00', 12), (44, '2024-06-18', '17:35:12', 2), (45, '2024-06-18', '17:45:25', 9),
(46, '2024-06-18', '17:50:10', 5), (47, '2024-06-18', '17:53:40', 10), (48, '2024-06-18', '17:55:55', 1),
(49, '2024-06-18', '17:57:12', 3), (50, '2024-06-18', '17:59:00', 8);

INSERT INTO vendita_a (codAbbonamento, data, orario, numeroCassa) VALUES
(51, '2025-08-07', '10:05:00', 4), (52, '2025-08-07', '10:15:00', 11),
(53, '2025-08-07', '10:30:00', 7), (54, '2025-08-07', '10:45:00', 2),
(55, '2025-08-07', '11:00:00', 9), (56, '2025-08-07', '11:15:00', 12),
(57, '2025-08-07', '11:30:00', 1), (58, '2025-08-07', '11:45:00', 8),
(59, '2025-08-07', '12:00:00', 5), (60, '2025-08-07', '12:15:00', 3),
(61, '2025-08-07', '12:30:00', 10), (62, '2025-08-07', '12:45:00', 6),
(63, '2025-08-07', '13:00:00', 11), (64, '2025-08-07', '13:15:00', 4),
(65, '2025-08-07', '13:30:00', 8), (66, '2025-08-07', '13:45:00', 12),
(67, '2025-08-07', '14:00:00', 1), (68, '2025-08-07', '14:15:00', 7),
(69, '2025-08-07', '14:30:00', 9), (70, '2025-08-07', '14:45:00', 2),
(71, '2025-08-07', '15:00:00', 10), (72, '2025-08-07', '15:15:00', 5),
(73, '2025-08-07', '15:30:00', 12), (74, '2025-08-07', '15:45:00', 1),
(75, '2025-08-07', '16:00:00', 3), (76, '2025-08-07', '16:15:00', 11),
(77, '2025-08-07', '16:30:00', 6), (78, '2025-08-07', '16:45:00', 8),
(79, '2025-08-07', '17:00:00', 4), (80, '2025-08-07', '17:10:00', 7),
(81, '2025-08-07', '17:20:00', 12), (82, '2025-08-07', '17:30:00', 2),
(83, '2025-08-07', '17:35:00', 9), (84, '2025-08-07', '17:40:00', 5),
(85, '2025-08-07', '17:45:00', 10), (86, '2025-08-07', '17:50:00', 1),
(87, '2025-08-07', '17:52:00', 3), (88, '2025-08-07', '17:55:00', 8),
(89, '2025-08-07', '17:57:00', 6), (90, '2025-08-07', '17:59:00', 11);

INSERT INTO vendita_a (codAbbonamento, data, orario, numeroCassa) VALUES 
(121, '2024-06-18', '10:14:22', 4), (122, '2026-06-04', '10:45:09', 11),
(123, '2025-08-07', '11:22:37', 7), (124, '2026-06-04', '12:05:14', 2),
(125, '2025-08-07', '12:48:51', 9), (126, '2026-06-04', '13:15:20', 12),
(127, '2024-06-18', '14:02:44', 1), (128, '2024-06-18', '14:33:12', 8),
(129, '2026-06-04', '15:10:55', 5), (130, '2026-06-04', '15:54:03', 3),
(131, '2025-08-07', '16:12:28', 10), (132, '2025-08-07', '16:40:19', 6),
(133, '2023-07-16', '17:05:36', 11), (134, '2023-07-16', '17:35:50', 4),
(135, '2023-07-16', '17:58:11', 8);

INSERT INTO vendita_a (codAbbonamento, data, orario, numeroCassa) VALUES
(91, '2026-06-04', '10:10:00', 1), (92, '2026-06-04', '10:30:00', 4),
(93, '2026-06-04', '10:50:00', 8), (94, '2026-06-04', '11:15:00', 12),
(95, '2026-06-04', '11:40:00', 3), (96, '2026-06-04', '12:05:00', 7),
(97, '2026-06-04', '12:30:00', 2), (98, '2026-06-04', '12:55:00', 10),
(99, '2026-06-04', '13:20:00', 5), (100, '2026-06-04', '13:45:00', 9),
(101, '2026-06-04', '14:05:00', 6), (102, '2026-06-04', '14:25:00', 11),
(103, '2026-06-04', '14:45:00', 1), (104, '2026-06-04', '15:05:00', 4),
(105, '2026-06-04', '15:25:00', 8), (106, '2026-06-04', '15:45:00', 12),
(107, '2026-06-04', '16:05:00', 3), (108, '2026-06-04', '16:25:00', 7),
(109, '2026-06-04', '16:45:00', 2), (110, '2026-06-04', '17:05:00', 10),
(111, '2026-06-04', '17:15:00', 5), (112, '2026-06-04', '17:25:00', 9),
(113, '2026-06-04', '17:35:00', 6), (114, '2026-06-04', '17:45:00', 11),
(115, '2026-06-04', '17:50:00', 1), (116, '2026-06-04', '17:52:00', 4),
(117, '2026-06-04', '17:54:00', 8), (118, '2026-06-04', '17:56:00', 12),
(119, '2026-06-04', '17:58:00', 3), (120, '2026-06-04', '17:59:30', 7);

/*Vendita B*/
-- Vendite Blocco 1 (Biglietti 1-33)
INSERT INTO vendita_b (codiceBiglietto, data, orario, numeroCassa) VALUES
(1, '2024-06-18', '10:15:00', 5), (2, '2024-06-18', '10:30:00', 12),
(3, '2024-06-18', '10:45:00', 2), (4, '2024-06-18', '11:00:00', 8),
(5, '2024-06-18', '11:15:00', 1), (6, '2024-06-18', '11:30:00', 10),
(7, '2024-06-18', '11:45:00', 4), (8, '2023-07-16', '12:00:00', 7),
(9, '2023-07-16', '12:15:00', 11), (10, '2023-07-16', '12:30:00', 3),
(11, '2023-07-16', '12:45:00', 6), (12, '2023-07-16', '13:00:00', 9),
(13, '2023-07-16', '13:15:00', 12), (14, '2023-07-16', '13:30:00', 2),
(15, '2023-07-16', '13:45:00', 5), (16, '2023-07-16', '14:00:00', 8),
(17, '2023-07-16', '14:15:00', 1), (18, '2023-07-16', '14:30:00', 10),
(19, '2023-07-16', '14:45:00', 4), (20, '2023-07-16', '15:00:00', 7),
(21, '2023-07-16', '15:15:00', 11), (22, '2023-07-16', '15:30:00', 3),
(23, '2023-07-16', '15:45:00', 6), (24, '2023-07-16', '16:00:00', 9),
(25, '2023-07-16', '16:15:00', 1), (26, '2023-07-16', '16:30:00', 12),
(27, '2023-07-16', '16:45:00', 4), (28, '2023-07-16', '17:00:00', 8),
(29, '2023-07-16', '17:15:00', 2), (30, '2023-07-16', '17:30:00', 10),
(31, '2023-07-16', '17:45:00', 5), (32, '2023-07-16', '17:55:00', 11),
(33, '2023-07-16', '17:59:00', 3);

-- Vendite Blocco 2 (Biglietti 34-66)
INSERT INTO vendita_b (codiceBiglietto, data, orario, numeroCassa) VALUES
(34, '2024-06-18', '10:10:00', 6), (35, '2024-06-18', '10:20:00', 9),
(36, '2024-06-18', '10:40:00', 1), (37, '2023-07-16', '11:00:00', 12),
(38, '2024-06-18', '11:20:00', 4), (39, '2024-06-18', '11:40:00', 8),
(40, '2024-06-18', '12:00:00', 2), (41, '2024-06-18', '12:20:00', 10),
(42, '2024-06-18', '12:40:00', 5), (43, '2024-06-18', '13:00:00', 11),
(44, '2024-06-18', '13:20:00', 3), (45, '2024-06-18', '13:40:00', 7),
(46, '2024-06-18', '14:00:00', 1), (47, '2024-06-18', '14:20:00', 12),
(48, '2024-06-18', '14:40:00', 4), (49, '2024-06-18', '15:00:00', 8),
(50, '2024-06-18', '15:20:00', 2), (51, '2024-06-18', '15:40:00', 10),
(52, '2024-06-18', '16:00:00', 5), (53, '2024-06-18', '16:20:00', 11),
(54, '2024-06-18', '16:40:00', 3), (55, '2024-06-18', '17:00:00', 6),
(56, '2024-06-18', '17:15:00', 9), (57, '2024-06-18', '17:30:00', 1),
(58, '2024-06-18', '17:40:00', 12), (59, '2024-06-18', '17:45:00', 4),
(60, '2024-06-18', '17:50:00', 8), (61, '2024-06-18', '17:52:00', 2),
(62, '2024-06-18', '17:54:00', 10), (63, '2024-06-18', '17:56:00', 5),
(64, '2024-06-18', '17:57:00', 11), (65, '2024-06-18', '17:58:00', 3),
(66, '2024-06-18', '17:59:00', 7);

-- Vendite Blocco 3 (Biglietti 67-98)
INSERT INTO vendita_b (codiceBiglietto, data, orario, numeroCassa) VALUES
(67, '2025-08-07', '10:10:00', 1), (68, '2025-08-07', '10:30:00', 12),
(69, '2025-08-07', '10:50:00', 4), (70, '2025-08-07', '11:10:00', 8),
(71, '2025-08-07', '11:30:00', 2), (72, '2025-08-07', '11:50:00', 10),
(73, '2025-08-07', '12:10:00', 5), (74, '2025-08-07', '12:30:00', 11),
(75, '2025-08-07', '12:50:00', 3), (76, '2025-08-07', '13:10:00', 6),
(77, '2025-08-07', '13:30:00', 9), (78, '2025-08-07', '13:50:00', 1),
(79, '2025-08-07', '14:10:00', 12), (80, '2025-08-07', '14:30:00', 4),
(81, '2025-08-07', '14:50:00', 8), (82, '2025-08-07', '15:10:00', 2),
(83, '2025-08-07', '15:30:00', 10), (84, '2025-08-07', '15:50:00', 5),
(85, '2025-08-07', '16:10:00', 11), (86, '2025-08-07', '16:30:00', 3),
(87, '2025-08-07', '16:50:00', 7), (88, '2025-08-07', '17:10:00', 1),
(89, '2025-08-07', '17:25:00', 12), (90, '2025-08-07', '17:35:00', 4),
(91, '2025-08-07', '17:45:00', 8), (92, '2025-08-07', '17:50:00', 2),
(93, '2025-08-07', '17:52:00', 10), (94, '2025-08-07', '17:54:00', 5),
(95, '2025-08-07', '17:56:00', 11), (96, '2025-08-07', '17:57:00', 3),
(97, '2025-08-07', '17:58:00', 6), (98, '2025-08-07', '17:59:00', 9);

-- Vendite Blocco 4 (Biglietti 99-130)
INSERT INTO vendita_b (codiceBiglietto, data, orario, numeroCassa) VALUES
(99, '2026-06-04', '10:05:00', 2), (100, '2026-06-04', '10:25:00', 11),
(101, '2026-06-04', '10:45:00', 5), (102, '2026-06-04', '11:05:00', 1),
(103, '2026-06-04', '11:25:00', 12), (104, '2026-06-04', '11:45:00', 4),
(105, '2026-06-04', '12:05:00', 8), (106, '2026-06-04', '12:25:00', 3),
(107, '2026-06-04', '12:45:00', 6), (108, '2026-06-04', '13:05:00', 9),
(109, '2026-06-04', '13:25:00', 12), (110, '2026-06-04', '13:45:00', 2),
(111, '2026-06-04', '14:05:00', 5), (112, '2026-06-04', '14:25:00', 8),
(113, '2026-06-04', '14:45:00', 1), (114, '2026-06-04', '15:05:00', 10),
(115, '2026-06-04', '15:25:00', 4), (116, '2026-06-04', '15:45:00', 7),
(117, '2026-06-04', '16:05:00', 11), (118, '2026-06-04', '16:25:00', 3),
(119, '2026-06-04', '16:45:00', 6), (120, '2026-06-04', '17:05:00', 9),
(121, '2026-06-04', '17:15:00', 1), (122, '2026-06-04', '17:25:00', 12),
(123, '2026-06-04', '17:35:00', 4), (124, '2026-06-04', '17:45:00', 8),
(125, '2026-06-04', '17:50:00', 2), (126, '2026-06-04', '17:52:00', 10),
(127, '2026-06-04', '17:54:00', 5), (128, '2026-06-04', '17:56:00', 11),
(129, '2026-06-04', '17:58:00', 3), (130, '2026-06-04', '17:59:00', 7);

-- Vendite Gruppi Scolastici (Biglietti 131-241)
INSERT INTO vendita_b (codiceBiglietto, data, orario, numeroCassa) VALUES
(131, '2023-05-30', '10:02:00', 1), (132, '2023-05-30', '10:04:00', 2), (133, '2023-05-30', '10:06:00', 3),
(134, '2023-05-30', '10:08:00', 4), (135, '2023-05-30', '10:10:00', 5), (136, '2023-05-30', '10:12:00', 6),
(137, '2023-05-30', '10:14:00', 7), (138, '2023-05-30', '10:16:00', 8), (139, '2023-05-30', '10:18:00', 9),
(140, '2023-05-30', '10:20:00', 10), (141, '2023-05-30', '10:22:00', 11), (142, '2023-05-30', '10:24:00', 12),
(143, '2023-05-30', '10:26:00', 1), (144, '2023-05-30', '10:28:00', 2), (145, '2023-05-30', '10:30:00', 3),
(146, '2023-05-30', '10:32:00', 4), (147, '2023-05-30', '10:34:00', 5), (148, '2023-05-30', '10:36:00', 6),
(149, '2023-05-30', '10:38:00', 7), (150, '2023-05-30', '10:40:00', 8), (151, '2023-05-30', '10:42:00', 9),
(152, '2023-05-30', '10:44:00', 10), (153, '2023-05-30', '10:46:00', 11), (154, '2023-05-30', '10:48:00', 12),
(155, '2023-05-30', '10:50:00', 1), (156, '2024-05-28', '10:05:00', 5), (157, '2024-05-28', '10:08:00', 3),
(158, '2024-05-28', '10:11:00', 7), (159, '2024-05-28', '10:14:00', 11), (160, '2024-05-28', '10:17:00', 2),
(161, '2024-05-28', '10:20:00', 9), (162, '2024-05-28', '10:23:00', 4), (163, '2024-05-28', '10:26:00', 12),
(164, '2024-05-28', '10:29:00', 1), (165, '2024-05-28', '10:32:00', 6), (166, '2024-05-28', '10:35:00', 10),
(167, '2024-05-28', '10:38:00', 8), (168, '2024-05-28', '10:41:00', 3), (169, '2024-05-28', '10:44:00', 5),
(170, '2024-05-28', '10:47:00', 11), (171, '2024-05-23', '10:02:00', 4), (172, '2024-05-23', '10:04:00', 9),
(173, '2024-05-23', '10:06:00', 2), (174, '2024-05-23', '10:08:00', 6), (175, '2024-05-23', '10:10:00', 10),
(176, '2024-05-23', '10:12:00', 1), (177, '2024-05-23', '10:14:00', 12), (178, '2024-05-23', '10:16:00', 5),
(179, '2024-05-23', '10:18:00', 8), (180, '2024-05-23', '10:20:00', 3), (181, '2024-05-23', '10:22:00', 7),
(182, '2024-05-23', '10:24:00', 11), (183, '2024-05-23', '10:26:00', 4), (184, '2024-05-23', '10:28:00', 1),
(185, '2024-05-23', '10:30:00', 12), (186, '2024-05-23', '10:32:00', 6), (187, '2024-05-23', '10:34:00', 10),
(188, '2024-05-23', '10:36:00', 2), (189, '2024-05-23', '10:38:00', 9), (190, '2024-05-23', '10:40:00', 5),
(191, '2024-05-23', '10:42:00', 8), (192, '2024-05-23', '10:44:00', 3), (193, '2024-05-23', '10:46:00', 7),
(194, '2024-05-23', '10:48:00', 11), (195, '2024-05-23', '10:50:00', 4), (196, '2025-05-25', '10:10:00', 8),
(197, '2025-05-25', '10:12:00', 2), (198, '2025-05-25', '10:14:00', 12), (199, '2025-05-25', '10:16:00', 5),
(200, '2025-05-25', '10:18:00', 1), (201, '2025-05-25', '10:20:00', 9), (202, '2025-05-25', '10:22:00', 4),
(203, '2025-05-25', '10:24:00', 10), (204, '2025-05-25', '10:26:00', 6), (205, '2025-05-25', '10:28:00', 3),
(206, '2025-05-25', '10:30:00', 11), (207, '2025-05-25', '10:32:00', 7), (208, '2025-05-25', '10:34:00', 12),
(209, '2025-05-25', '10:36:00', 2), (210, '2025-05-25', '10:38:00', 8), (211, '2025-05-25', '10:40:00', 5),
(212, '2025-05-25', '10:42:00', 1), (213, '2025-05-25', '10:44:00', 9), (214, '2025-05-25', '10:46:00', 4),
(215, '2025-05-25', '10:48:00', 10), (216, '2025-05-25', '10:50:00', 6), (217, '2025-05-25', '10:52:00', 3),
(218, '2026-06-03', '10:02:00', 11), (219, '2026-06-03', '10:04:00', 7), (220, '2026-06-03', '10:06:00', 12),
(221, '2026-06-03', '10:08:00', 2), (222, '2026-06-03', '10:10:00', 8), (223, '2026-06-03', '10:12:00', 5),
(224, '2026-06-03', '10:14:00', 1), (225, '2026-06-03', '10:16:00', 9), (226, '2026-06-03', '10:18:00', 4),
(227, '2026-06-03', '10:20:00', 10), (228, '2026-06-03', '10:22:00', 6), (229, '2026-06-03', '10:24:00', 3),
(230, '2026-06-03', '10:26:00', 11), (231, '2026-06-03', '10:28:00', 7), (232, '2026-06-03', '10:30:00', 12),
(233, '2026-06-03', '10:32:00', 2), (234, '2026-06-03', '10:34:00', 8), (235, '2026-06-03', '10:36:00', 5),
(236, '2026-06-03', '10:38:00', 1), (237, '2026-06-03', '10:40:00', 9), (238, '2026-06-03', '10:42:00', 4),
(239, '2026-06-03', '10:44:00', 10), (240, '2026-06-03', '10:46:00', 6), (241, '2026-06-03', '10:48:00', 3);

-- Vendite Blocco Misto (Biglietti 242-259)
INSERT INTO vendita_b (codiceBiglietto, data, orario, numeroCassa) VALUES
(242, '2026-06-04', '12:33:14', 8), (244, '2025-08-07', '13:12:44', 11),
(255, '2024-06-18', '10:23:12', 4), (243, '2025-08-07', '11:22:09', 2),
(246, '2026-06-04', '14:56:28', 12), (247, '2023-07-16', '16:43:02', 1),
(248, '2024-06-18', '17:08:52', 9), (249, '2025-08-07', '15:10:22', 5),
(250, '2023-07-16', '11:37:23', 7), (251, '2025-08-12', '11:55:08', 3),
(252, '2026-07-11', '10:24:19', 10), (253, '2025-06-16', '13:33:33', 6),
(254, '2024-05-12', '17:20:33', 12), (256, '2026-05-18', '10:17:22', 1),
(257, '2023-09-13', '16:23:00', 8), (258, '2025-05-14', '10:19:23', 4),
(259, '2026-04-23', '10:45:56', 11), (260, '2026-04-23', '14:09:12', 2);


/*Sconto*/
INSERT INTO sconto (nomeBiglietto, motivazione, percentuale) VALUES 
('Pomeridiano', 'Disabilità', 60),
('Pomeridiano', 'Over 65', 40),
('Pomeridiano', 'Bambino', 50),
('Pomeridiano', 'Sponsor', 50),
('Pomeridiano', 'Gruppo', 10),
('2 giorni con pernottamento', 'Disabilità', 30),
('2 giorni con pernottamento', 'Over 65', 20),
('2 giorni con pernottamento', 'Bambino', 20),
('Giornaliero', 'Disabilità', 60),
('Giornaliero', 'Over 65', 40),
('Giornaliero', 'Bambino', 50),
('Giornaliero', 'Sponsor', 50),
('Giornaliero', 'Gruppo', 10),
('Flash Pass', 'Disabilità', 10),
('Flash Pass', 'Bambino', 10),
('Flash Pass', 'Over 65', 10);

/*Bagni*/
insert into bagno(disponibilita, codiceBagno)
values (1, 1), (1, 2), (0, 3), (1, 4), (1, 5), (1, 6), (1, 7), (1, 8), (1, 9), (0, 10), (1, 11), (1, 12);

-- 600 utilizzi dei bagni (almeno 1 volta a persona e alcuni più di una volta)
INSERT INTO utilizzo (codiceBagno, CF) VALUES
(1, 'MR12AB'), (2, 'LB05CD'), (3, 'AV22EF'), (4, 'GN09GH'), (5, 'MG18IJ'), (6, 'SF30KL'),
(7, 'PR14MN'), (8, 'ER03OP'), (9, 'DC27QR'), (10, 'FM16ST'), (11, 'AC11UV'), (12, 'CG24WX'),
(1, 'SR02YZ'), (2, 'ML19AA'), (3, 'FM08BB'), (4, 'VB25CC'), (5, 'SF06DD'), (6, 'LD13EE'),
(7, 'MS29FF'), (8, 'IG21GG'), (9, 'NT17HH'), (10, 'BP04II'), (11, 'GF28JJ'), (12, 'SR10KK'),
(1, 'AL15LL'), (2, 'MP07MM'), (3, 'RM23NN'), (4, 'CV14OO'), (5, 'FL01PP'), (6, 'AC18QQ'),
(7, 'TB09RR'), (8, 'SF26SS'), (9, 'EP03TT'), (10, 'GS20UU'), (11, 'DA31VV'), (12, 'VC27WW'),
(1, 'RF06XX'), (2, 'EM12YY'), (3, 'PC19AZ'), (4, 'NV08BA'), (5, 'GO24CB'), (6, 'FS16DC'),
(7, 'ED02ED'), (8, 'CF11FE'), (9, 'SP29GF'), (10, 'IG05HG'), (11, 'CM14IH'), (12, 'AR23JI'),
(1, 'LB30KJ'), (2, 'SP09LK'), (3, 'GF10ML'), (4, 'RN21NM'), (5, 'LM05OP'), (6, 'AB15PQ'),
(7, 'MF22ZZ'), (8, 'EL28RS'), (9, 'DP11ST'), (10, 'GM07TU'), (11, 'FV30UV'), (12, 'SL02VW'),
(1, 'TC18WX'), (2, 'MB10XY'), (3, 'AF25YZ'), (4, 'CP19ZA'), (5, 'AS14AB'), (6, 'VA23BC'),
(7, 'SC05CD'), (8, 'IF10DE'), (9, 'MM01EF'), (10, 'EC17FG'), (11, 'NV28GH'), (12, 'BO13HI'),
(1, 'GS04IJ'), (2, 'SD22JK'), (3, 'AF16KL'), (4, 'MP09LM'), (5, 'RG01MN'), (6, 'CM07NO'),
(7, 'FR19OP'), (8, 'AB05PQ'), (9, 'TP20QR'), (10, 'SF06RS'), (11, 'EN13ST'), (12, 'GM30TU'),
(1, 'DB08UV'), (2, 'VF01VW'), (3, 'RL11WX'), (4, 'EP18XY'), (5, 'PM02YZ'), (6, 'NV24ZA'),
(7, 'GL12AB'), (8, 'FC06BC'), (9, 'EB15CD'), (10, 'CF21DE'), (11, 'SP03EF'), (12, 'IS19FG'),
(1, 'CA28GH'), (2, 'AC12HI'), (3, 'LF21IJ'), (4, 'SM14JK'), (5, 'MD08KL'), (6, 'CR17LM'),
(7, 'LP25MN'), (8, 'VS04NO'), (9, 'AM19OP'), (10, 'FG11PQ'), (11, 'DS22QR'), (12, 'EV09RS'),
(1, 'GM27ST'), (2, 'IP15TU'), (3, 'SR03UV'), (4, 'MD18VW'), (5, 'RB29WX'), (6, 'SF07XY'),
(7, 'AL14YZ'), (8, 'BR01ZA'), (9, 'TP20ZZ'), (10, 'EB30XX'), (11, 'LF12YY'), (12, 'SM06WW'),
(1, 'GR11KK'), (2, 'FB23JJ'), (3, 'ES19MM'), (4, 'CM04LL'), (5, 'SR28PP'), (6, 'IM10QQ'),
(7, 'CV05RR'), (8, 'AL17SS'), (9, 'LC29TT'), (10, 'SB09UU'), (11, 'MF06VV'), (12, 'CN22AA'),
(1, 'LM15BB'), (2, 'VB03CC'), (3, 'AF11DD'), (4, 'FR19EE'), (5, 'DL30FF'), (6, 'EP21GG'),
(7, 'GM05HH'), (8, 'IV14II'), (9, 'SB07OO'), (10, 'MF22ZZ'), (11, 'RN17YY'), (12, 'SM09XX'),
(1, 'AB20WW'), (2, 'BF03VV'), (3, 'TR12UU'), (4, 'EL28TT'), (5, 'LP30SS'), (6, 'SL06RR'),
(7, 'AG12XY'), (8, 'MP05QR'), (9, 'GS22BT'), (10, 'PB09LZ'), (11, 'EG18KF'), (12, 'RF30JD'),
(1, 'CB14MN'), (2, 'LM03OP'), (3, 'RC27WE'), (4, 'SV16RT'), (5, 'MD11YU'), (6, 'TG24PL'),
(7, 'DF02KJ'), (8, 'AN19XC'), (9, 'VP08VB'), (10, 'GR25SD'), (11, 'SS06NM'), (12, 'RM13LK'),
(1, 'AG28QW'), (2, 'PP21ER'), (3, 'MS17TY'), (4, 'CP04UI'), (5, 'BV28OP'), (6, 'DR10AS'),
(7, 'PT15DF'), (8, 'DM07GH'), (9, 'RB23JK'), (10, 'AP14LZ'), (11, 'ES01XN'), (12, 'MB18CV'),
(1, 'CD09BN'), (2, 'LM26MA'), (3, 'US03KS'), (4, 'GL20JD'), (5, 'AB31HF'), (6, 'SG27PD'),
(7, 'VM06LQ'), (8, 'MC12BT'), (9, 'EF19MN'), (10, 'ND08ZC'), (11, 'CR24PO'), (12, 'GM16RV'),
(1, 'GC02BX'), (2, 'DO11NF'), (3, 'FS29MK'), (4, 'MD05LQ'), (5, 'PF14XW'), (6, 'EP23JH'),
(7, 'LG30VB'), (8, 'TM09ER'), (9, 'GR10TY'), (10, 'LB21UI'), (11, 'MP05OP'), (12, 'CF15AS'),
(1, 'EN22DF'), (2, 'PM28GH'), (3, 'SB11JK'), (4, 'IF07LZ'), (5, 'OL30XC'), (6, 'SP02VB'),
(7, 'RM18SD'), (8, 'LV10NM'), (9, 'GL25LK'), (10, 'CC19QW'), (11, 'EB14ER'), (12, 'MF23TY'),
(1, 'AP05UI'), (2, 'AS10OP'), (3, 'DA01AS'), (4, 'BC17DF'), (5, 'MF28GH'), (6, 'EM13JK'),
(7, 'VC04LZ'), (8, 'OV22XC'), (9, 'PO16VB'), (10, 'PS09SD'), (11, 'CD01NM'), (12, 'SF07LK'),
(1, 'AP19QW'), (2, 'LG05ER'), (3, 'NM20TY'), (4, 'MR06UI'), (5, 'GB13OP'), (6, 'ZP30AS'),
(7, 'AF08DF'), (8, 'LN01GH'), (9, 'FM11JK'), (10, 'FB18LZ'), (11, 'AF02XC'), (12, 'AL24VB'),
(1, 'RP12SD'), (2, 'IM06NM'), (3, 'TV15LK'), (4, 'DL21QW'), (5, 'LC03ER'), (6, 'EB19TY'),
(7, 'IF28UI'), (8, 'TP12OP'), (9, 'ES21AS'), (10, 'CA14DF'), (11, 'RC08GH'), (12, 'AF17JK'),
(1, 'GM25LZ'), (2, 'MC04XC'), (3, 'AV19VB'), (4, 'LO11SD'), (5, 'VS22NM'), (6, 'MD09LK'),
(7, 'IF27QW'), (8, 'OP15ER'), (9, 'OG03TY'), (10, 'RM18UI'), (11, 'NR29OP'), (12, 'LB07AS'),
(1, 'EP14DF'), (2, 'IF01GH'), (3, 'AN20JK'), (4, 'AM30LZ'), (5, 'LB12XC'), (6, 'AF06VB'),
(7, 'IL11SD'), (8, 'AP23NM'), (9, 'UM19LK'), (10, 'IV04QW'), (11, 'IL28ER'), (12, 'IC10TY'),
(1, 'OB05UI'), (2, 'LF17OP'), (3, 'OP29AS'), (4, 'TS09DF'), (5, 'EA06GH'), (6, 'NC22JK'),
(7, 'OF15LZ'), (8, 'MM03XC'), (9, 'OC11VB'), (10, 'DV19SD'), (11, 'AO30NM'), (12, 'LS21LK'),
(1, 'ED05QW'), (2, 'EF14ER'), (3, 'IP07TY'), (4, 'ZG22UI'), (5, 'LM17OP'), (6, 'AR09AS'),
(7, 'TB20DF'), (8, 'PP03GH'), (9, 'LF12JK'), (10, 'BN28LZ'), (11, 'MM30XC'), (12, 'CB06VB'),
(1, 'GM22YT'), (2, 'EG09RE'), (3, 'BR15PL'), (4, 'GS30MN'), (5, 'LM12PO'), (6, 'FG04BV'),
(7, 'TB27CX'), (8, 'AS18DS'), (9, 'ER03KL'), (10, 'OM11XZ'), (11, 'AC20CV'), (12, 'PF14FG'),
(1, 'LV07BN'), (2, 'IP28TY'), (3, 'AN05SD'), (4, 'GP12WE'), (5, 'EM19XC'), (6, 'AL22RT'),
(7, 'SS01IU'), (8, 'EV15NM'), (9, 'BF30OP'), (10, 'CD07QW'), (11, 'TR13AS'), (12, 'DM24DF'),
(1, 'PC11GH'), (2, 'PO19JK'), (3, 'GB29LZ'), (4, 'DP09XC'), (5, 'AS10VB'), (6, 'UA23SD'),
(7, 'VC05NM'), (8, 'AF28LK'), (9, 'QM12QW'), (10, 'BB21ER'), (11, 'EN15TY'), (12, 'LP06UI'),
(1, 'OM01OP'), (2, 'NV14AS'), (3, 'PL12DF'), (4, 'SC13GH'), (5, 'LB08JK'), (6, 'SF19LZ'),
(7, 'GP06XC'), (8, 'AS17VB'), (9, 'PA25SD'), (10, 'SC04NM'), (11, 'TF19LK'), (12, 'QM11QW'),
(1, 'QC22ER'), (2, 'SV09TY'), (3, 'MR12GH'), (4, 'SG22KL'), (5, 'LF15TY'), (6, 'AB08RE'),
(7, 'TS29PL'), (8, 'GM10MN'), (9, 'RC03CV'), (10, 'EN18BN'), (11, 'GR25XC'), (12, 'AF12FG'),
(1, 'EM05OP'), (2, 'GV01RT'), (3, 'FS27QW'), (4, 'BG09AS'), (5, 'AB20DF'), (6, 'VL14GH'),
(7, 'DP11JK'), (8, 'LM30LZ'), (9, 'FV04XN'), (10, 'MG17PO'), (11, 'LD28MA'), (12, 'CP06SD'),
(1, 'SF22VB'), (2, 'NB15ER'), (3, 'CP08UI'), (4, 'VD12ZX'), (5, 'MS25KL'), (6, 'KR15MN'),
(7, 'AG08OP'), (8, 'MB30QW'), (9, 'GN10ER'), (10, 'CF22TY'), (11, 'DP14UI'), (12, 'YC05AS'),
(1, 'SV19DF'), (2, 'IM03GH'), (3, 'ES27JK'), (4, 'TM06LZ'), (5, 'MP31XC'), (6, 'AF20VB'),
(7, 'PG10BN'), (8, 'LS22MK'), (9, 'FM05JH'), (10, 'AB19RT'), (11, 'GP13WE'), (12, 'MC30CV'),
(1, 'BB08FG'), (2, 'VF21OP'), (3, 'DP18SD'), (4, 'NA06VB'), (5, 'ZC24LK'), (6, 'MF12QW'),
(7, 'EM28ER'), (8, 'LC14TY'), (9, 'GV03UI'), (10, 'RO07AS'), (11, 'IS28DF'), (12, 'AD22GH'),
(1, 'UF19JK'), (2, 'IP30LZ'), (3, 'OG15XC'), (4, 'TM01VB'), (5, 'LR12SD'), (6, 'CB09NM'),
(7, 'EP22LK'), (8, 'RF17QW'), (9, 'AS28ER'), (10, 'VM04TY'), (11, 'MB22UI'), (12, 'AM16OP'),
(1, 'LV09AS'), (2, 'IS01DF'), (3, 'OG07GH'), (4, 'NB19JK'), (5, 'LL05LZ'), (6, 'AP20XC'),
(7, 'AM06VB'), (8, 'LV13SD'), (9, 'AG30NM'), (10, 'ID08LK'), (11, 'AP01QW'), (12, 'UF11ER'),
(1, 'IB18TY'), (2, 'IP02UI'), (3, 'IM24OP'), (4, 'ON12AS'), (5, 'LR06DF'), (6, 'EF15GH'),
(7, 'NP21JK'), (8, 'OS03LZ'), (9, 'TA19XC'), (10, 'NC28VB'), (11, 'MF12SD'), (12, 'OM21NM'),
(1, 'MC14LK'), (2, 'OV08QW'), (3, 'DO17ER'), (4, 'AS25TY'), (5, 'LD04UI'), (6, 'EF19OP'),
(7, 'EP11AS'), (8, 'IG22DF'), (9, 'ZM09GH'), (10, 'LR27JK'), (11, 'AB15LZ'), (12, 'TP03XC'),
(1, 'PF18VB'), (2, 'LN29SD'), (3, 'BG07NM'), (4, 'MM14LK'), (5, 'CB01QW'), (6, 'MR12AB'),
(7, 'LB05CD'), (8, 'AV22EF'), (9, 'GN09GH'), (10, 'MG18IJ'), (11, 'SF30KL'), (12, 'PR14MN'),
(1, 'ER03OP'), (2, 'DC27QR'), (3, 'FM16ST'), (4, 'AC11UV'), (5, 'CG24WX'), (6, 'SR02YZ'),
(7, 'ML19AA'), (8, 'FM08BB'), (9, 'VB25CC'), (10, 'SF06DD'), (11, 'LD13EE'), (12, 'MS29FF'),
(1, 'IG21GG'), (2, 'NT17HH'), (3, 'BP04II'), (4, 'GF28JJ'), (5, 'SR10KK'), (6, 'AL15LL'),
(7, 'MP07MM'), (8, 'RM23NN'), (9, 'CV14OO'), (10, 'FL01PP'), (11, 'AC18QQ'), (12, 'TB09RR'),
(1, 'SF26SS'), (2, 'EP03TT'), (3, 'GS20UU'), (4, 'DA31VV'), (5, 'VC27WW'), (6, 'RF06XX'),
(7, 'EM12YY'), (8, 'PC19AZ'), (9, 'NV08BA'), (10, 'GO24CB'), (11, 'FS16DC'), (12, 'ED02ED'),
(1, 'CF11FE'), (2, 'SP29GF'), (3, 'IG05HG'), (4, 'CM14IH'), (5, 'AR23JI'), (6, 'LB30KJ'),
(7, 'SP09LK'), (8, 'GF10ML'), (9, 'RN21NM'), (10, 'LM05OP'), (11, 'AB15PQ'), (12, 'MF22ZZ'),
(1, 'EL28RS'), (2, 'DP11ST'), (3, 'GM07TU'), (4, 'FV30UV'), (5, 'SL02VW'), (6, 'TC18WX'),
(7, 'MB10XY'), (8, 'AF25YZ'), (9, 'CP19ZA'), (10, 'AS14AB'), (11, 'VA23BC'), (12, 'SC05CD'),
(1, 'IF10DE'), (2, 'MM01EF'), (3, 'EC17FG'), (4, 'NV28GH'), (5, 'BO13HI'), (6, 'GS04IJ'),
(7, 'SD22JK'), (8, 'AF16KL'), (9, 'MP09LM'), (10, 'RG01MN'), (11, 'CM07NO'), (12, 'FR19OP'),
(1, 'AB05PQ'), (2, 'TP20QR'), (3, 'SF06RS'), (4, 'EN13ST'), (5, 'GM30TU'), (6, 'DB08UV'),
(7, 'VF01VW'), (8, 'RL11WX'), (9, 'EP18XY'), (10, 'PM02YZ'), (11, 'NV24ZA'), (12, 'GL12AB'),
(1, 'FC06BC'), (2, 'EB15CD'), (3, 'CF21DE'), (4, 'SP03EF'), (5, 'IS19FG'), (6, 'CA28GH'),
(7, 'AC12HI'), (8, 'LF21IJ'), (9, 'SM14JK'), (10, 'MD08KL'), (11, 'CR17LM'), (12, 'LP25MN'),
(1, 'VS04NO'), (2, 'AM19OP'), (3, 'FG11PQ'), (4, 'DS22QR'), (5, 'EV09RS'), (6, 'GM27ST'),
(7, 'IP15TU'), (8, 'SR03UV'), (9, 'MD18VW'), (10, 'RB29WX'), (11, 'SF07XY'), (12, 'AL14YZ'),
(1, 'BR01ZA'), (2, 'TP20ZZ'), (3, 'EB30XX'), (4, 'LF12YY'), (5, 'SM06WW'), (6, 'GR11KK'),
(7, 'FB23JJ'), (8, 'ES19MM'), (9, 'CM04LL'), (10, 'SR28PP'), (11, 'IM10QQ'), (12, 'CV05RR'),
(1, 'AL17SS'), (2, 'LC29TT'), (3, 'SB09UU'), (4, 'MF06VV'), (5, 'CN22AA'), (6, 'LM15BB'),
(7, 'VB03CC'), (8, 'AF11DD'), (9, 'FR19EE'), (10, 'DL30FF'), (11, 'EP21GG'), (12, 'GM05HH'),
(1, 'IV14II'), (2, 'SB07OO'), (3, 'MF22ZZ'), (4, 'RN17YY'), (5, 'SM09XX'), (6, 'AB20WW'),
(7, 'BF03VV'), (8, 'TR12UU'), (9, 'EL28TT'), (10, 'LP30SS'), (11, 'SL06RR'), (12, 'AG12XY');
/*Eventi*/
INSERT INTO EVENTO(codiceEvento, nomeEvento, tematica, oraInizio, oraFine, data) VALUES
(1, 'Summer Beach Party', 'estate e musica', '17:30:00', '22:30:00', '2024-06-18'),
(2, 'Schiuma Party', 'schiuma e musica', '16:30:00', '20:30:00', '2026-06-04'),
(3, 'Cosplay Wonder', 'travestimento, anime', '11:30:00', '15:30:00', '2023-07-16'),
(4, 'La Grande Caccia alle Uova', 'pasqua e uova', '14:00:00', '18:00:00', '2026-04-06'),
(5, 'Ducati Red Weekend', 'moto', '11:00:00', '16:30:00', '2025-08-07'),
(6, 'Spring Street Art Festival', 'primavera e arte', '11:00:00', '16:30:00', '2026-04-11'),
(7, 'Nickelodeon Slime Fest', 'slime', '11:00:00', '16:30:00', '2026-07-17'),
(8, 'Me Contro Te Matrimonio', 'star del web', '16:00:00', '16:45:00', '2026-04-25'),
(9, 'Stunt City Night Show', 'macchine e stunt', '19:00:00', '22:30:00', '2026-07-07'),
(10, 'Ferragosto Beach Party', 'estate e acqua', '16:00:00', '20:30:00', '2026-08-15'),
(11, 'Oktoberfest Romagnolo', 'birra e germania', '18:00:00', '22:30:00', '2026-07-25'),
(12, 'School''s Out - Water War', 'fine della scuola', '15:00:00', '18:30:00', '2026-06-19'),
(13, 'Mira-Run', 'corsa', '11:30:00', '14:30:00', '2026-05-01'),
(14, 'International Street Food', 'cibo da strada', '11:00:00', '17:30:00', '2026-08-27'),
(15, 'Choco-Mania', 'cioccolato', '11:00:00', '13:30:00', '2026-05-16');

INSERT INTO presenza (codiceEvento, CF) VALUES 
(1, 'CM14IH'), (1, 'SP09LK'), (1, 'AM19OP'), (1, 'IP15TU'), (1, 'SF07XY'), (1, 'LF12YY'), (1, 'ES19MM'), (1, 'LC29TT');

INSERT INTO presenza (codiceEvento, CF) VALUES
(2, 'RM18UI'), (2, 'EP14DF'), (2, 'AM30LZ'), (2, 'IL11SD'), (2, 'UM19LK'), (2, 'IC10TY'), (2, 'LF17OP'), (2, 'TS09DF'), 
(2, 'NC22JK'), (2, 'OC11VB'), (2, 'AO30NM'), (2, 'LM17OP');

INSERT INTO presenza (codiceEvento, CF) VALUES
(3, 'ML19AA'), (3, 'SF06DD'), (3, 'IG21GG'), (3, 'GF28JJ'), (3, 'RM23NN'), (3, 'TB09RR'), (3, 'DA31VV'), (3, 'NV08BA'), (3, 'IG05HG');

INSERT INTO presenza (codiceEvento, CF) VALUES 
(5, 'SB09UU'), (5, 'LM15BB'), (5, 'EP21GG'), (5, 'RN17YY'), (5, 'EL28TT'), (5, 'OG03TY');

/*Spettacoli*/
INSERT INTO SPETTACOLO(durataSpettacolo, nomeSpettacolo, disponibilita) VALUES (35,'Scuola di Polizia',1);
INSERT INTO SPETTACOLO(durataSpettacolo, nomeSpettacolo, disponibilita) VALUES (25,'Ultimo Pan',1);
INSERT INTO SPETTACOLO(durataSpettacolo, nomeSpettacolo, disponibilita) VALUES (30,'Hot Wheels City',1);
INSERT INTO SPETTACOLO(durataSpettacolo, nomeSpettacolo, disponibilita) VALUES (15,'Otto Party',1);
INSERT INTO SPETTACOLO(durataSpettacolo, nomeSpettacolo, disponibilita) VALUES (25,'Hall of Fame',1);

/**Replica Spettacolo*/

INSERT INTO REPLICA_SPETTACOLO(data, codiceReplica, oraInizio, oraFine, nomeSpettacolo) VALUES 
('2026-06-01', 1, '11:30:00', '12:05:00', 'Scuola di Polizia'),
('2026-06-01', 2, '14:30:00', '15:05:00', 'Scuola di Polizia'),
('2026-06-01', 3, '12:30:00', '12:45:00', 'Otto Party'),
('2026-06-01', 4, '17:00:00', '17:15:00', 'Otto Party'),
('2026-06-01', 5, '11:00:00', '11:30:00', 'Hot Wheels City'),
('2026-06-01', 6, '18:00:00', '18:30:00', 'Hot Wheels City'),
('2026-06-01', 7, '16:05:00', '16:30:00', 'Hall of Fame'),
('2026-06-01', 8, '15:00:00', '15:25:00', 'Ultimo Pan');

INSERT INTO REPLICA_SPETTACOLO(data, codiceReplica, oraInizio, oraFine, nomeSpettacolo) VALUES 
('2026-06-02', 9, '11:30:00', '12:05:00', 'Scuola di Polizia'),
('2026-06-02', 10, '14:30:00', '15:05:00', 'Scuola di Polizia'),
('2026-06-02', 11, '12:30:00', '12:45:00', 'Otto Party'),
('2026-06-02', 12, '17:00:00', '17:15:00', 'Otto Party'),
('2026-06-02', 13, '11:00:00', '11:30:00', 'Hot Wheels City'),
('2026-06-02', 14, '18:00:00', '18:30:00', 'Hot Wheels City'),
('2026-06-02', 15, '16:05:00', '16:30:00', 'Hall of Fame'),
('2026-06-02', 16, '15:00:00', '15:25:00', 'Ultimo Pan');

INSERT INTO REPLICA_SPETTACOLO(data, codiceReplica, oraInizio, oraFine, nomeSpettacolo) VALUES 
('2026-06-03', 17, '11:30:00', '12:05:00', 'Scuola di Polizia'),
('2026-06-03', 18, '14:30:00', '15:05:00', 'Scuola di Polizia'),
('2026-06-03', 19, '12:30:00', '12:45:00', 'Otto Party'),
('2026-06-03', 20, '17:00:00', '17:15:00', 'Otto Party'),
('2026-06-03', 21, '11:00:00', '11:30:00', 'Hot Wheels City'),
('2026-06-03', 22, '18:00:00', '18:30:00', 'Hot Wheels City'),
('2026-06-03', 23, '16:05:00', '16:30:00', 'Hall of Fame'),
('2026-06-03', 24, '15:00:00', '15:25:00', 'Ultimo Pan');

INSERT INTO REPLICA_SPETTACOLO(data, codiceReplica, oraInizio, oraFine, nomeSpettacolo) VALUES 
('2026-06-04', 25, '11:30:00', '12:05:00', 'Scuola di Polizia'),
('2026-06-04', 26, '14:30:00', '15:05:00', 'Scuola di Polizia'),
('2026-06-04', 27, '12:30:00', '12:45:00', 'Otto Party'),
('2026-06-04', 28, '17:00:00', '17:15:00', 'Otto Party'),
('2026-06-04', 29, '11:00:00', '11:30:00', 'Hot Wheels City'),
('2026-06-04', 30, '18:00:00', '18:30:00', 'Hot Wheels City'),
('2026-06-04', 31, '16:05:00', '16:30:00', 'Hall of Fame'),
('2026-06-04', 32, '15:00:00', '15:25:00', 'Ultimo Pan');

INSERT INTO REPLICA_SPETTACOLO(data, codiceReplica, oraInizio, oraFine, nomeSpettacolo) VALUES 
('2026-06-05', 33, '11:30:00', '12:05:00', 'Scuola di Polizia'),
('2026-06-05', 34, '14:30:00', '15:05:00', 'Scuola di Polizia'),
('2026-06-05', 35, '12:30:00', '12:45:00', 'Otto Party'),
('2026-06-05', 36, '17:00:00', '17:15:00', 'Otto Party'),
('2026-06-05', 37, '11:00:00', '11:30:00', 'Hot Wheels City'),
('2026-06-05', 38, '18:00:00', '18:30:00', 'Hot Wheels City'),
('2026-06-05', 39, '16:05:00', '16:30:00', 'Hall of Fame'),
('2026-06-05', 40, '15:00:00', '15:25:00', 'Ultimo Pan');

INSERT INTO REPLICA_SPETTACOLO(data, codiceReplica, oraInizio, oraFine, nomeSpettacolo) VALUES 
('2026-06-06', 41, '11:30:00', '12:05:00', 'Scuola di Polizia'),
('2026-06-06', 42, '14:30:00', '15:05:00', 'Scuola di Polizia'),
('2026-06-06', 43, '12:30:00', '12:45:00', 'Otto Party'),
('2026-06-06', 44, '17:00:00', '17:15:00', 'Otto Party'),
('2026-06-06', 45, '11:00:00', '11:30:00', 'Hot Wheels City'),
('2026-06-06', 46, '18:00:00', '18:30:00', 'Hot Wheels City'),
('2026-06-06', 47, '16:05:00', '16:30:00', 'Hall of Fame'),
('2026-06-06', 48, '15:00:00', '15:25:00', 'Ultimo Pan');

INSERT INTO REPLICA_SPETTACOLO(data, codiceReplica, oraInizio, oraFine, nomeSpettacolo) VALUES 
('2026-06-07', 49, '11:30:00', '12:05:00', 'Scuola di Polizia'),
('2026-06-07', 50, '14:30:00', '15:05:00', 'Scuola di Polizia'),
('2026-06-07', 51, '12:30:00', '12:45:00', 'Otto Party'),
('2026-06-07', 52, '17:00:00', '17:15:00', 'Otto Party'),
('2026-06-07', 53, '11:00:00', '11:30:00', 'Hot Wheels City'),
('2026-06-07', 54, '18:00:00', '18:30:00', 'Hot Wheels City'),
('2026-06-07', 55, '16:05:00', '16:30:00', 'Hall of Fame'),
('2026-06-07', 56, '15:00:00', '15:25:00', 'Ultimo Pan');

INSERT INTO REPLICA_SPETTACOLO(data, codiceReplica, oraInizio, oraFine, nomeSpettacolo) VALUES 
('2026-06-08', 57, '11:30:00', '12:05:00', 'Scuola di Polizia'),
('2026-06-08', 58, '14:30:00', '15:05:00', 'Scuola di Polizia'),
('2026-06-08', 59, '12:30:00', '12:45:00', 'Otto Party'),
('2026-06-08', 60, '17:00:00', '17:15:00', 'Otto Party'),
('2026-06-08', 61, '11:00:00', '11:30:00', 'Hot Wheels City'),
('2026-06-08', 62, '18:00:00', '18:30:00', 'Hot Wheels City'),
('2026-06-08', 63, '16:05:00', '16:30:00', 'Hall of Fame'),
('2026-06-08', 64, '15:00:00', '15:25:00', 'Ultimo Pan');

INSERT INTO REPLICA_SPETTACOLO(data, codiceReplica, oraInizio, oraFine, nomeSpettacolo) VALUES 
('2026-06-09', 65, '11:30:00', '12:05:00', 'Scuola di Polizia'),
('2026-06-09', 66, '14:30:00', '15:05:00', 'Scuola di Polizia'),
('2026-06-09', 67, '12:30:00', '12:45:00', 'Otto Party'),
('2026-06-09', 68, '17:00:00', '17:15:00', 'Otto Party'),
('2026-06-09', 69, '11:00:00', '11:30:00', 'Hot Wheels City'),
('2026-06-09', 70, '18:00:00', '18:30:00', 'Hot Wheels City'),
('2026-06-09', 71, '16:05:00', '16:30:00', 'Hall of Fame'),
('2026-06-09', 72, '15:00:00', '15:25:00', 'Ultimo Pan');

INSERT INTO REPLICA_SPETTACOLO(data, codiceReplica, oraInizio, oraFine, nomeSpettacolo) VALUES 
('2026-06-10', 73, '11:30:00', '12:05:00', 'Scuola di Polizia'),
('2026-06-10', 74, '14:30:00', '15:05:00', 'Scuola di Polizia'),
('2026-06-10', 75, '12:30:00', '12:45:00', 'Otto Party'),
('2026-06-10', 76, '17:00:00', '17:15:00', 'Otto Party'),
('2026-06-10', 77, '11:00:00', '11:30:00', 'Hot Wheels City'),
('2026-06-10', 78, '18:00:00', '18:30:00', 'Hot Wheels City'),
('2026-06-10', 79, '16:05:00', '16:30:00', 'Hall of Fame'),
('2026-06-10', 80, '15:00:00', '15:25:00', 'Ultimo Pan');

INSERT INTO REPLICA_SPETTACOLO(data, codiceReplica, oraInizio, oraFine, nomeSpettacolo) VALUES 
('2026-06-11', 81, '11:30:00', '12:05:00', 'Scuola di Polizia'),
('2026-06-11', 82, '14:30:00', '15:05:00', 'Scuola di Polizia'),
('2026-06-11', 83, '12:30:00', '12:45:00', 'Otto Party'),
('2026-06-11', 84, '17:00:00', '17:15:00', 'Otto Party'),
('2026-06-11', 85, '11:00:00', '11:30:00', 'Hot Wheels City'),
('2026-06-11', 86, '18:00:00', '18:30:00', 'Hot Wheels City'),
('2026-06-11', 87, '16:05:00', '16:30:00', 'Hall of Fame'),
('2026-06-11', 88, '15:00:00', '15:25:00', 'Ultimo Pan');

INSERT INTO REPLICA_SPETTACOLO(data, codiceReplica, oraInizio, oraFine, nomeSpettacolo) VALUES 
('2026-06-12', 89, '11:30:00', '12:05:00', 'Scuola di Polizia'),
('2026-06-12', 90, '14:30:00', '15:05:00', 'Scuola di Polizia'),
('2026-06-12', 91, '12:30:00', '12:45:00', 'Otto Party'),
('2026-06-12', 92, '17:00:00', '17:15:00', 'Otto Party'),
('2026-06-12', 93, '11:00:00', '11:30:00', 'Hot Wheels City'),
('2026-06-12', 94, '18:00:00', '18:30:00', 'Hot Wheels City'),
('2026-06-12', 95, '16:05:00', '16:30:00', 'Hall of Fame'),
('2026-06-12', 96, '15:00:00', '15:25:00', 'Ultimo Pan');

INSERT INTO REPLICA_SPETTACOLO(data, codiceReplica, oraInizio, oraFine, nomeSpettacolo) VALUES 
('2026-06-13', 97, '11:30:00', '12:05:00', 'Scuola di Polizia'),
('2026-06-13', 98, '14:30:00', '15:05:00', 'Scuola di Polizia'),
('2026-06-13', 99, '12:30:00', '12:45:00', 'Otto Party'),
('2026-06-13', 100, '17:00:00', '17:15:00', 'Otto Party'),
('2026-06-13', 101, '11:00:00', '11:30:00', 'Hot Wheels City'),
('2026-06-13', 102, '18:00:00', '18:30:00', 'Hot Wheels City'),
('2026-06-13', 103, '16:05:00', '16:30:00', 'Hall of Fame'),
('2026-06-13', 104, '15:00:00', '15:25:00', 'Ultimo Pan');

INSERT INTO REPLICA_SPETTACOLO(data, codiceReplica, oraInizio, oraFine, nomeSpettacolo) VALUES 
('2026-06-14', 105, '11:30:00', '12:05:00', 'Scuola di Polizia'),
('2026-06-14', 106, '14:30:00', '15:05:00', 'Scuola di Polizia'),
('2026-06-14', 107, '12:30:00', '12:45:00', 'Otto Party'),
('2026-06-14', 108, '17:00:00', '17:15:00', 'Otto Party'),
('2026-06-14', 109, '11:00:00', '11:30:00', 'Hot Wheels City'),
('2026-06-14', 110, '18:00:00', '18:30:00', 'Hot Wheels City'),
('2026-06-14', 111, '16:05:00', '16:30:00', 'Hall of Fame'),
('2026-06-14', 112, '15:00:00', '15:25:00', 'Ultimo Pan');

INSERT INTO REPLICA_SPETTACOLO(data, codiceReplica, oraInizio, oraFine, nomeSpettacolo) VALUES 
('2026-06-15', 113, '11:30:00', '12:05:00', 'Scuola di Polizia'),
('2026-06-15', 114, '14:30:00', '15:05:00', 'Scuola di Polizia'),
('2026-06-15', 115, '12:30:00', '12:45:00', 'Otto Party'),
('2026-06-15', 116, '17:00:00', '17:15:00', 'Otto Party'),
('2026-06-15', 117, '11:00:00', '11:30:00', 'Hot Wheels City'),
('2026-06-15', 118, '18:00:00', '18:30:00', 'Hot Wheels City'),
('2026-06-15', 119, '16:05:00', '16:30:00', 'Hall of Fame'),
('2026-06-15', 120, '15:00:00', '15:25:00', 'Ultimo Pan');

INSERT INTO REPLICA_SPETTACOLO(data, codiceReplica, oraInizio, oraFine, nomeSpettacolo) VALUES 
('2026-07-26', 121, '11:30:00', '12:05:00', 'Scuola di Polizia'),
('2026-07-26', 122, '14:30:00', '15:05:00', 'Scuola di Polizia'),
('2026-07-26', 123, '12:30:00', '12:45:00', 'Otto Party'),
('2026-07-26', 124, '17:00:00', '17:15:00', 'Otto Party'),
('2026-07-26', 125, '11:00:00', '11:30:00', 'Hot Wheels City'),
('2026-07-26', 126, '18:00:00', '18:30:00', 'Hot Wheels City'),
('2026-07-26', 127, '16:05:00', '16:30:00', 'Hall of Fame'),
('2026-07-26', 128, '15:00:00', '15:25:00', 'Ultimo Pan');

INSERT INTO REPLICA_SPETTACOLO(data, codiceReplica, oraInizio, oraFine, nomeSpettacolo) VALUES 
('2026-07-27', 129, '11:30:00', '12:05:00', 'Scuola di Polizia'),
('2026-07-27', 130, '14:30:00', '15:05:00', 'Scuola di Polizia'),
('2026-07-27', 131, '12:30:00', '12:45:00', 'Otto Party'),
('2026-07-27', 132, '17:00:00', '17:15:00', 'Otto Party'),
('2026-07-27', 133, '11:00:00', '11:30:00', 'Hot Wheels City'),
('2026-07-27', 134, '18:00:00', '18:30:00', 'Hot Wheels City'),
('2026-07-27', 135, '16:05:00', '16:30:00', 'Hall of Fame'),
('2026-07-27', 136, '15:00:00', '15:25:00', 'Ultimo Pan');

INSERT INTO REPLICA_SPETTACOLO(data, codiceReplica, oraInizio, oraFine, nomeSpettacolo) VALUES 
('2026-07-28', 137, '11:30:00', '12:05:00', 'Scuola di Polizia'),
('2026-07-28', 138, '14:30:00', '15:05:00', 'Scuola di Polizia'),
('2026-07-28', 139, '12:30:00', '12:45:00', 'Otto Party'),
('2026-07-28', 140, '17:00:00', '17:15:00', 'Otto Party'),
('2026-07-28', 141, '11:00:00', '11:30:00', 'Hot Wheels City'),
('2026-07-28', 142, '18:00:00', '18:30:00', 'Hot Wheels City'),
('2026-07-28', 143, '16:05:00', '16:30:00', 'Hall of Fame'),
('2026-07-28', 144, '15:00:00', '15:25:00', 'Ultimo Pan');

INSERT INTO REPLICA_SPETTACOLO(data, codiceReplica, oraInizio, oraFine, nomeSpettacolo) VALUES 
('2026-07-29', 145, '11:30:00', '12:05:00', 'Scuola di Polizia'),
('2026-07-29', 146, '14:30:00', '15:05:00', 'Scuola di Polizia'),
('2026-07-29', 147, '12:30:00', '12:45:00', 'Otto Party'),
('2026-07-29', 148, '17:00:00', '17:15:00', 'Otto Party'),
('2026-07-29', 149, '11:00:00', '11:30:00', 'Hot Wheels City'),
('2026-07-29', 150, '18:00:00', '18:30:00', 'Hot Wheels City'),
('2026-07-29', 151, '16:05:00', '16:30:00', 'Hall of Fame'),
('2026-07-29', 152, '15:00:00', '15:25:00', 'Ultimo Pan');

/*Partecipazioni, fatte di conseguenze dei biglietti generati dalla fra (18/01/26)*/
/* --- 1/5 dei visitatori (20) su Attrazioni di Paura --- */
INSERT INTO PARTECIPAZIONE(codicePartecipazione, orario, data, codiceReplica, CF, nomeRuota, nomeAreaTematica, nomeAttrazionePaura) VALUES
(1, '10:00:00', '2026-06-04', NULL, 'MR12AB', NULL, NULL, 'Phobia'),
(2, '10:04:48', '2026-06-04', NULL, 'AV22EF', NULL, NULL, 'Zombie Tunnel'),
(3, '10:09:36', '2026-06-04', NULL, 'SF30KL', NULL, NULL, 'Acid Rain'),
(4, '10:14:24', '2026-06-04', NULL, 'PR14MN', NULL, NULL, 'Acid Rain'),
(5, '10:19:12', '2026-06-04', NULL, 'ER03OP', NULL, NULL, 'Red Wall'),
(6, '10:24:00', '2026-06-04', NULL, 'DC27QR', NULL, NULL, 'Zombie Tunnel'),
(7, '10:28:48', '2026-06-04', NULL, 'FM16ST', NULL, NULL, 'Llorona'),
(8, '10:33:36', '2026-06-04', NULL, 'AC11UV', NULL, NULL, 'Horror Forest'),
(9, '10:38:24', '2026-06-04', NULL, 'CG24WX', NULL, NULL, 'Phobia'),
(10, '10:43:12', '2026-06-04', NULL, 'SR02YZ', NULL, NULL, 'Llorona'),
(11, '10:48:00', '2026-06-04', NULL, 'ML19AA', NULL, NULL, 'Acid Rain'),
(12, '10:52:48', '2026-06-04', NULL, 'SF06DD', NULL, NULL, 'Phobia'),
(13, '10:57:36', '2026-06-04', NULL, 'LD13EE', NULL, NULL, 'Zombie Tunnel'),
(14, '11:02:24', '2026-06-04', NULL, 'MS29FF', NULL, NULL, 'Mortal Circus'),
(15, '11:07:12', '2026-06-04', NULL, 'IG21GG', NULL, NULL, 'Horror Forest'),
(16, '11:12:00', '2026-06-04', NULL, 'GF28JJ', NULL, NULL, 'Acid Rain'),
(17, '11:16:48', '2026-06-04', NULL, 'RM23NN', NULL, NULL, 'Phobia'),
(18, '11:21:36', '2026-06-04', NULL, 'CV14OO', NULL, NULL, 'Llorona'),
(19, '11:26:24', '2026-06-04', NULL, 'FL01PP', NULL, NULL, 'Acid Rain'),
(20, '11:31:12', '2026-06-04', NULL, 'TB09RR', NULL, NULL, 'Mortal Circus');

/* --- 6/10 dei visitatori (60) sulla Ruota Panoramica --- */
INSERT INTO PARTECIPAZIONE(codicePartecipazione, orario, data, codiceReplica, CF, nomeRuota, nomeAreaTematica, nomeAttrazionePaura) VALUES
(21, '11:36:00', '2026-06-04', NULL, 'SF26SS', 'AlgigaWheel', NULL, NULL),
(22, '11:40:48', '2026-06-04', NULL, 'EM12YY', 'AlgigaWheel', NULL, NULL),
(23, '11:45:36', '2026-06-04', NULL, 'PC19AZ', 'AlgigaWheel', NULL, NULL),
(24, '11:50:24', '2026-06-04', NULL, 'NV08BA', 'AlgigaWheel', NULL, NULL),
(25, '11:55:12', '2026-06-04', NULL, 'GO24CB', 'AlgigaWheel', NULL, NULL),
(26, '12:00:00', '2026-06-04', NULL, 'FS16DC', 'AlgigaWheel', NULL, NULL),
(27, '12:04:48', '2026-06-04', NULL, 'ED02ED', 'AlgigaWheel', NULL, NULL),
(28, '12:09:36', '2026-06-04', NULL, 'CF11FE', 'AlgigaWheel', NULL, NULL),
(29, '12:14:24', '2026-06-04', NULL, 'SP29GF', 'AlgigaWheel', NULL, NULL),
(30, '12:19:12', '2026-06-04', NULL, 'IG05HG', 'AlgigaWheel', NULL, NULL),
(31, '12:24:00', '2026-06-04', NULL, 'AR23JI', 'AlgigaWheel', NULL, NULL),
(32, '12:28:48', '2026-06-04', NULL, 'GF10ML', 'AlgigaWheel', NULL, NULL),
(33, '12:33:36', '2026-06-04', NULL, 'RN21NM', 'AlgigaWheel', NULL, NULL),
(34, '12:38:24', '2026-06-04', NULL, 'LM05OP', 'AlgigaWheel', NULL, NULL),
(35, '12:43:12', '2026-06-04', NULL, 'AB15PQ', 'AlgigaWheel', NULL, NULL),
(36, '12:48:00', '2026-06-04', NULL, 'MF22QR', 'AlgigaWheel', NULL, NULL),
(37, '12:52:48', '2026-06-04', NULL, 'EL28RS', 'AlgigaWheel', NULL, NULL),
(38, '12:57:36', '2026-06-04', NULL, 'DP11ST', 'AlgigaWheel', NULL, NULL),
(39, '13:02:24', '2026-06-04', NULL, 'FV30UV', 'AlgigaWheel', NULL, NULL),
(40, '13:07:12', '2026-06-04', NULL, 'MB10XY', 'AlgigaWheel', NULL, NULL),
(41, '13:12:00', '2026-06-04', NULL, 'AF25YZ', 'AlgigaWheel', NULL, NULL),
(42, '13:16:48', '2026-06-04', NULL, 'CP19ZA', 'AlgigaWheel', NULL, NULL),
(43, '13:21:36', '2026-06-04', NULL, 'AS14AB', 'AlgigaWheel', NULL, NULL),
(44, '13:26:24', '2026-06-04', NULL, 'VA23BC', 'AlgigaWheel', NULL, NULL),
(45, '13:31:12', '2026-06-04', NULL, 'IF10DE', 'AlgigaWheel', NULL, NULL),
(46, '13:36:00', '2026-06-04', NULL, 'MM01EF', 'AlgigaWheel', NULL, NULL),
(47, '13:40:48', '2026-06-04', NULL, 'EC17FG', 'AlgigaWheel', NULL, NULL),
(48, '13:45:36', '2026-06-04', NULL, 'NV28GH', 'AlgigaWheel', NULL, NULL),
(49, '13:50:24', '2026-06-04', NULL, 'BO13HI', 'AlgigaWheel', NULL, NULL),
(50, '13:55:12', '2026-06-04', NULL, 'GS04IJ', 'AlgigaWheel', NULL, NULL),
(51, '14:00:00', '2026-06-04', NULL, 'AF16KL', 'AlgigaWheel', NULL, NULL),
(52, '14:04:48', '2026-06-04', NULL, 'CM07NO', 'AlgigaWheel', NULL, NULL),
(53, '14:09:36', '2026-06-04', NULL, 'AB05PQ', 'AlgigaWheel', NULL, NULL),
(54, '14:14:24', '2026-06-04', NULL, 'TP20QR', 'AlgigaWheel', NULL, NULL),
(55, '14:19:12', '2026-06-04', NULL, 'SF06RS', 'AlgigaWheel', NULL, NULL),
(56, '14:24:00', '2026-06-04', NULL, 'EN13ST', 'AlgigaWheel', NULL, NULL),
(57, '14:28:48', '2026-06-04', NULL, 'GM30TU', 'AlgigaWheel', NULL, NULL),
(58, '14:33:36', '2026-06-04', NULL, 'DB08UV', 'AlgigaWheel', NULL, NULL),
(59, '14:38:24', '2026-06-04', NULL, 'VF01VW', 'AlgigaWheel', NULL, NULL),
(60, '14:43:12', '2026-06-04', NULL, 'RL11WX', 'AlgigaWheel', NULL, NULL),
(61, '14:48:00', '2026-06-04', NULL, 'EP18XY', 'AlgigaWheel', NULL, NULL),
(62, '14:52:48', '2026-06-04', NULL, 'PM02YZ', 'AlgigaWheel', NULL, NULL),
(63, '14:57:36', '2026-06-04', NULL, 'GL12AB', 'AlgigaWheel', NULL, NULL),
(64, '15:02:24', '2026-06-04', NULL, 'FC06BC', 'AlgigaWheel', NULL, NULL),
(65, '15:07:12', '2026-06-04', NULL, 'EB15CD', 'AlgigaWheel', NULL, NULL),
(66, '15:12:00', '2026-06-04', NULL, 'IS19FG', 'AlgigaWheel', NULL, NULL),
(67, '15:16:48', '2026-06-04', NULL, 'CA28GH', 'AlgigaWheel', NULL, NULL),
(68, '15:21:36', '2026-06-04', NULL, 'AC12HI', 'AlgigaWheel', NULL, NULL),
(69, '15:26:24', '2026-06-04', NULL, 'LF21IJ', 'AlgigaWheel', NULL, NULL),
(70, '15:31:12', '2026-06-04', NULL, 'CR17LM', 'AlgigaWheel', NULL, NULL),
(71, '15:36:00', '2026-06-04', NULL, 'LP25MN', 'AlgigaWheel', NULL, NULL),
(72, '15:40:48', '2026-06-04', NULL, 'VS04NO', 'AlgigaWheel', NULL, NULL),
(73, '15:45:36', '2026-06-04', NULL, 'FG11PQ', 'AlgigaWheel', NULL, NULL),
(74, '15:50:24', '2026-06-04', NULL, 'GM27ST', 'AlgigaWheel', NULL, NULL),
(75, '15:55:12', '2026-06-04', NULL, 'IP15TU', 'AlgigaWheel', NULL, NULL),
(76, '16:00:00', '2026-06-04', NULL, 'SR03UV', 'AlgigaWheel', NULL, NULL),
(77, '16:04:48', '2026-06-04', NULL, 'RB29WX', 'AlgigaWheel', NULL, NULL),
(78, '16:09:36', '2026-06-04', NULL, 'AL14YZ', 'AlgigaWheel', NULL, NULL),
(79, '16:14:24', '2026-06-04', NULL, 'TP20ZZ', 'AlgigaWheel', NULL, NULL),
(80, '16:19:12', '2026-06-04', NULL, 'LF12YY', 'AlgigaWheel', NULL, NULL);

/* --- 4/10 dei visitatori (40) in Area Tematica --- */
INSERT INTO PARTECIPAZIONE(codicePartecipazione, orario, data, codiceReplica, CF, nomeRuota, nomeAreaTematica, nomeAttrazionePaura) VALUES
(81, '16:24:00', '2026-06-04', NULL, 'SM06WW', NULL, 'Adventureland', NULL), 
(82, '16:28:48', '2026-06-04', NULL, 'GR11KK', NULL, 'Nickelodeon Land', NULL), 
(83, '16:33:36', '2026-06-04', NULL, 'ES19MM', NULL, 'Ducati World', NULL), 
(84, '16:38:24', '2026-06-04', NULL, 'CM04LL', NULL, 'FarWest Valley', NULL), 
(85, '16:43:12', '2026-06-04', NULL, 'SR28PP', NULL, 'Route 66', NULL),       
(86, '16:48:00', '2026-06-04', NULL, 'CV05RR', NULL, 'Adventureland', NULL),    
(87, '16:52:48', '2026-06-04', NULL, 'AL17SS', NULL, 'Nickelodeon Land', NULL), 
(88, '16:57:36', '2026-06-04', NULL, 'LC29TT', NULL, 'Ducati World', NULL),     
(89, '17:02:24', '2026-06-04', NULL, 'SB09UU', NULL, 'FarWest Valley', NULL),   
(90, '17:07:12', '2026-06-04', NULL, 'MF06VV', NULL, 'FarWest Valley', NULL),   
(91, '17:12:00', '2026-06-04', NULL, 'CN22AA', NULL, 'Adventureland', NULL),    
(92, '17:16:48', '2026-06-04', NULL, 'LM15BB', NULL, 'Nickelodeon Land', NULL), 
(93, '17:21:36', '2026-06-04', NULL, 'VB03CC', NULL, 'Ducati World', NULL),     
(94, '17:26:24', '2026-06-04', NULL, 'AF11DD', NULL, 'FarWest Valley', NULL),   
(95, '17:31:12', '2026-06-04', NULL, 'FR19EE', NULL, 'FarWest Valley', NULL),   
(96, '17:36:00', '2026-06-04', NULL, 'DL30FF', NULL, 'Adventureland', NULL),    
(97, '17:40:48', '2026-06-04', NULL, 'EP21GG', NULL, 'Nickelodeon Land', NULL), 
(98, '17:45:36', '2026-06-04', NULL, 'GM05HH', NULL, 'Ducati World', NULL),     
(99, '17:50:24', '2026-06-04', NULL, 'IV14II', NULL, 'FarWest Valley', NULL),   
(100, '17:55:12', '2026-06-04', NULL, 'SB07OO', NULL, 'FarWest Valley', NULL),  
(101, '10:00:00', '2026-06-04', NULL, 'MR12AB', NULL, 'Adventureland', NULL),
(102, '10:04:48', '2026-06-04', NULL, 'AV22EF', NULL, 'Nickelodeon Land', NULL),
(103, '10:09:36', '2026-06-04', NULL, 'SF30KL', NULL, 'Ducati World', NULL),
(104, '10:14:24', '2026-06-04', NULL, 'PR14MN', NULL, 'FarWest Valley', NULL),
(105, '10:19:12', '2026-06-04', NULL, 'ER03OP', NULL, 'Ducati World', NULL),
(106, '10:24:00', '2026-06-04', NULL, 'DC27QR', NULL, 'Adventureland', NULL),
(107, '10:28:48', '2026-06-04', NULL, 'FM16ST', NULL, 'Nickelodeon Land', NULL),
(108, '10:33:36', '2026-06-04', NULL, 'AC11UV', NULL, 'Ducati World', NULL),
(109, '10:38:24', '2026-06-04', NULL, 'CG24WX', NULL, 'FarWest Valley', NULL),
(110, '10:43:12', '2026-06-04', NULL, 'SR02YZ', NULL, 'Ducati World', NULL),
(111, '10:48:00', '2026-06-04', NULL, 'ML19AA', NULL, 'Adventureland', NULL),
(112, '10:52:48', '2026-06-04', NULL, 'SF06DD', NULL, 'Nickelodeon Land', NULL),
(113, '10:57:36', '2026-06-04', NULL, 'LD13EE', NULL, 'Ducati World', NULL),
(114, '11:02:24', '2026-06-04', NULL, 'MS29FF', NULL, 'FarWest Valley', NULL),
(115, '11:07:12', '2026-06-04', NULL, 'IG21GG', NULL, 'Ducati World', NULL),
(116, '11:12:00', '2026-06-04', NULL, 'GF28JJ', NULL, 'Adventureland', NULL),
(117, '11:16:48', '2026-06-04', NULL, 'RM23NN', NULL, 'Nickelodeon Land', NULL),
(118, '11:21:36', '2026-06-04', NULL, 'CV14OO', NULL, 'Ducati World', NULL),
(119, '11:26:24', '2026-06-04', NULL, 'FL01PP', NULL, 'FarWest Valley', NULL),
(120, '11:31:12', '2026-06-04', NULL, 'TB09RR', NULL, 'Ducati World', NULL);

/*Salite*/
INSERT INTO SALITA(CF, nomeGiostra, data, orario) VALUES
('MR12AB', 'Reset', '2026-06-04', '11:10:00'),
('MR12AB', 'Rio Bravo', '2026-06-04', '12:15:00'),
('MR12AB', 'Autosplash', '2026-06-04', '13:20:00'),
('MR12AB', 'El Dorado Falls', '2026-06-04', '14:25:00'),
('MR12AB', 'Raratonga', '2026-06-04', '15:30:00'),
('MR12AB', 'Rubble''s Rapids', '2026-06-04', '16:35:00');

INSERT INTO SALITA(CF, nomeGiostra, data, orario) VALUES
('AV22EF', 'Reset', '2026-06-04', '11:12:00'),
('AV22EF', 'Rio Bravo', '2026-06-04', '12:17:00'),
('AV22EF', 'Autosplash', '2026-06-04', '13:22:00'),
('AV22EF', 'El Dorado Falls', '2026-06-04', '14:27:00'),
('AV22EF', 'Raratonga', '2026-06-04', '15:32:00'),
('AV22EF', 'Rubble''s Rapids', '2026-06-04', '16:37:00');

INSERT INTO SALITA(CF, nomeGiostra, data, orario) VALUES
('SF30KL', 'Reset', '2026-06-04', '11:14:00'),
('SF30KL', 'Rio Bravo', '2026-06-04', '12:19:00'),
('SF30KL', 'Autosplash', '2026-06-04', '13:24:00'),
('SF30KL', 'El Dorado Falls', '2026-06-04', '14:29:00'),
('SF30KL', 'Raratonga', '2026-06-04', '15:34:00'),
('SF30KL', 'Rubble''s Rapids', '2026-06-04', '16:39:00');

INSERT INTO SALITA(CF, nomeGiostra, data, orario) VALUES
('PR14MN', 'Reset', '2026-06-04', '11:16:00'),
('PR14MN', 'Rio Bravo', '2026-06-04', '12:21:00'),
('PR14MN', 'Autosplash', '2026-06-04', '13:26:00'),
('PR14MN', 'El Dorado Falls', '2026-06-04', '14:31:00'),
('PR14MN', 'Raratonga', '2026-06-04', '15:36:00'),
('PR14MN', 'Rubble''s Rapids', '2026-06-04', '16:41:00');

INSERT INTO SALITA(CF, nomeGiostra, data, orario) VALUES
('ER03OP', 'Reset', '2026-06-04', '11:18:00'),
('ER03OP', 'Rio Bravo', '2026-06-04', '12:23:00'),
('ER03OP', 'Autosplash', '2026-06-04', '13:28:00'),
('ER03OP', 'El Dorado Falls', '2026-06-04', '14:33:00'),
('ER03OP', 'Raratonga', '2026-06-04', '15:38:00'),
('ER03OP', 'Rubble''s Rapids', '2026-06-04', '16:43:00');

INSERT INTO SALITA(CF, nomeGiostra, data, orario) VALUES
('DC27QR', 'Reset', '2026-06-04', '11:20:00'),
('DC27QR', 'Rio Bravo', '2026-06-04', '12:25:00'),
('DC27QR', 'Autosplash', '2026-06-04', '13:30:00'),
('DC27QR', 'El Dorado Falls', '2026-06-04', '14:35:00'),
('DC27QR', 'Raratonga', '2026-06-04', '15:40:00'),
('DC27QR', 'Rubble''s Rapids', '2026-06-04', '16:45:00');

INSERT INTO SALITA(CF, nomeGiostra, data, orario) VALUES
('FM16ST', 'Reset', '2026-06-04', '11:22:00'),
('FM16ST', 'Rio Bravo', '2026-06-04', '12:27:00'),
('FM16ST', 'Autosplash', '2026-06-04', '13:32:00'),
('FM16ST', 'El Dorado Falls', '2026-06-04', '14:37:00'),
('FM16ST', 'Raratonga', '2026-06-04', '15:42:00'),
('FM16ST', 'Rubble''s Rapids', '2026-06-04', '16:47:00');

INSERT INTO SALITA(CF, nomeGiostra, data, orario) VALUES
('AC11UV', 'Reset', '2026-06-04', '11:24:00'),
('AC11UV', 'Rio Bravo', '2026-06-04', '12:29:00'),
('AC11UV', 'Autosplash', '2026-06-04', '13:34:00'),
('AC11UV', 'El Dorado Falls', '2026-06-04', '14:39:00'),
('AC11UV', 'Raratonga', '2026-06-04', '15:44:00'),
('AC11UV', 'Rubble''s Rapids', '2026-06-04', '16:49:00');

INSERT INTO SALITA(CF, nomeGiostra, data, orario) VALUES
('CG24WX', 'Reset', '2026-06-04', '11:26:00'),
('CG24WX', 'Rio Bravo', '2026-06-04', '12:31:00'),
('CG24WX', 'Autosplash', '2026-06-04', '13:36:00'),
('CG24WX', 'El Dorado Falls', '2026-06-04', '14:41:00'),
('CG24WX', 'Raratonga', '2026-06-04', '15:46:00'),
('CG24WX', 'Rubble''s Rapids', '2026-06-04', '16:51:00');

INSERT INTO SALITA(CF, nomeGiostra, data, orario) VALUES
('SR02YZ', 'Reset', '2026-06-04', '11:28:00'),
('SR02YZ', 'Rio Bravo', '2026-06-04', '12:33:00'),
('SR02YZ', 'Autosplash', '2026-06-04', '13:38:00'),
('SR02YZ', 'El Dorado Falls', '2026-06-04', '14:43:00'),
('SR02YZ', 'Raratonga', '2026-06-04', '15:48:00'),
('SR02YZ', 'Rubble''s Rapids', '2026-06-04', '16:53:00');

INSERT INTO SALITA(CF, nomeGiostra, data, orario) VALUES
('ML19AA', 'Reset', '2026-06-04', '11:30:00'),
('ML19AA', 'Rio Bravo', '2026-06-04', '12:35:00'),
('ML19AA', 'Autosplash', '2026-06-04', '13:40:00'),
('ML19AA', 'El Dorado Falls', '2026-06-04', '14:45:00'),
('ML19AA', 'Raratonga', '2026-06-04', '15:50:00'),
('ML19AA', 'Rubble''s Rapids', '2026-06-04', '16:55:00');

INSERT INTO SALITA(CF, nomeGiostra, data, orario) VALUES
('SF06DD', 'Reset', '2026-06-04', '11:32:00'),
('SF06DD', 'Rio Bravo', '2026-06-04', '12:37:00'),
('SF06DD', 'Autosplash', '2026-06-04', '13:42:00'),
('SF06DD', 'El Dorado Falls', '2026-06-04', '14:47:00'),
('SF06DD', 'Raratonga', '2026-06-04', '15:52:00'),
('SF06DD', 'Rubble''s Rapids', '2026-06-04', '16:57:00');

INSERT INTO SALITA(CF, nomeGiostra, data, orario) VALUES
('LD13EE', 'Reset', '2026-06-04', '11:34:00'),
('LD13EE', 'Rio Bravo', '2026-06-04', '12:39:00'),
('LD13EE', 'Autosplash', '2026-06-04', '13:44:00'),
('LD13EE', 'El Dorado Falls', '2026-06-04', '14:49:00'),
('LD13EE', 'Raratonga', '2026-06-04', '15:54:00'),
('LD13EE', 'Rubble''s Rapids', '2026-06-04', '16:59:00');

INSERT INTO SALITA(CF, nomeGiostra, data, orario) VALUES
('MS29FF', 'Reset', '2026-06-04', '11:36:00'),
('MS29FF', 'Rio Bravo', '2026-06-04', '12:41:00'),
('MS29FF', 'Autosplash', '2026-06-04', '13:46:00'),
('MS29FF', 'El Dorado Falls', '2026-06-04', '14:51:00'),
('MS29FF', 'Raratonga', '2026-06-04', '15:56:00'),
('MS29FF', 'Rubble''s Rapids', '2026-06-04', '17:01:00');

INSERT INTO SALITA(CF, nomeGiostra, data, orario) VALUES
('IG21GG', 'Reset', '2026-06-04', '11:38:00'),
('IG21GG', 'Rio Bravo', '2026-06-04', '12:43:00'),
('IG21GG', 'Autosplash', '2026-06-04', '13:48:00'),
('IG21GG', 'El Dorado Falls', '2026-06-04', '14:53:00'),
('IG21GG', 'Raratonga', '2026-06-04', '15:58:00'),
('IG21GG', 'Rubble''s Rapids', '2026-06-04', '17:03:00');

INSERT INTO SALITA(CF, nomeGiostra, data, orario) VALUES
('GF28JJ', 'Reset', '2026-06-04', '11:40:00'),
('GF28JJ', 'Rio Bravo', '2026-06-04', '12:45:00'),
('GF28JJ', 'Autosplash', '2026-06-04', '13:50:00'),
('GF28JJ', 'El Dorado Falls', '2026-06-04', '14:55:00'),
('GF28JJ', 'Raratonga', '2026-06-04', '16:00:00'),
('GF28JJ', 'Rubble''s Rapids', '2026-06-04', '17:05:00');

INSERT INTO SALITA(CF, nomeGiostra, data, orario) VALUES
('RM23NN', 'Reset', '2026-06-04', '11:42:00'),
('RM23NN', 'Rio Bravo', '2026-06-04', '12:47:00'),
('RM23NN', 'Autosplash', '2026-06-04', '13:52:00'),
('RM23NN', 'El Dorado Falls', '2026-06-04', '14:57:00'),
('RM23NN', 'Raratonga', '2026-06-04', '16:02:00'),
('RM23NN', 'Rubble''s Rapids', '2026-06-04', '17:07:00');

INSERT INTO SALITA(CF, nomeGiostra, data, orario) VALUES
('CV14OO', 'Reset', '2026-06-04', '11:44:00'),
('CV14OO', 'Rio Bravo', '2026-06-04', '12:49:00'),
('CV14OO', 'Autosplash', '2026-06-04', '13:54:00'),
('CV14OO', 'El Dorado Falls', '2026-06-04', '14:59:00'),
('CV14OO', 'Raratonga', '2026-06-04', '16:04:00'),
('CV14OO', 'Rubble''s Rapids', '2026-06-04', '17:09:00');

INSERT INTO SALITA(CF, nomeGiostra, data, orario) VALUES
('FL01PP', 'Reset', '2026-06-04', '11:46:00'),
('FL01PP', 'Rio Bravo', '2026-06-04', '12:51:00'),
('FL01PP', 'Autosplash', '2026-06-04', '13:56:00'),
('FL01PP', 'El Dorado Falls', '2026-06-04', '15:01:00'),
('FL01PP', 'Raratonga', '2026-06-04', '16:06:00'),
('FL01PP', 'Rubble''s Rapids', '2026-06-04', '17:11:00');

INSERT INTO SALITA(CF, nomeGiostra, data, orario) VALUES
('TB09RR', 'Reset', '2026-06-04', '11:48:00'),
('TB09RR', 'Rio Bravo', '2026-06-04', '12:53:00'),
('TB09RR', 'Autosplash', '2026-06-04', '13:58:00'),
('TB09RR', 'El Dorado Falls', '2026-06-04', '15:03:00'),
('TB09RR', 'Raratonga', '2026-06-04', '16:08:00'),
('TB09RR', 'Rubble''s Rapids', '2026-06-04', '17:13:00');

/*Usufruizione*/
INSERT INTO USUFRUIZIONE (codiceAttivita, CF, acquisto, prezzoAcquisto, data, orario) VALUES 
(2, 'MR12AB', 'Colazione Cappuccino e Brioche', 5.50, '2026-06-04', '10:15:00'),
(50, 'LB05CD', 'Mappa del Parco e Magnete', 8.00, '2026-06-04', '10:20:00'),
(2, 'AV22EF', 'Caffè Espresso', 1.50, '2026-06-04', '10:25:00'),
(57, 'GN09GH', 'Peluche Orso Gigante', 29.99, '2026-06-04', '10:40:00'),
(50, 'MG18IJ', 'T-Shirt Mirabilandia', 19.90, '2026-06-04', '10:50:00'),
(9, 'SF30KL', 'Porzione Churros Cioccolato', 6.50, '2026-06-04', '11:05:00'),
(2, 'PR14MN', 'Succo di Frutta e Muffin', 6.00, '2026-06-04', '11:10:00'),
(56, 'ER03OP', 'Cappellino Ducati', 25.00, '2026-06-04', '11:30:00'),
(53, 'DC27QR', 'Spada Laser Giocattolo', 15.90, '2026-06-04', '11:45:00'),
(16, 'FM16ST', 'Sacchetto Caramelle Miste 200g', 5.90, '2026-06-04', '11:50:00'),
(8, 'AC11UV', 'Menu Big Mac Large', 11.90, '2026-06-04', '12:10:00'),
(8, 'CG24WX', 'Happy Meal', 7.50, '2026-06-04', '12:12:00'),
(5, 'SR02YZ', 'Katun Burger Menu', 14.50, '2026-06-04', '12:15:00'),
(5, 'ML19AA', 'Cheeseburger e Patatine', 12.00, '2026-06-04', '12:18:00'),
(4, 'FM08BB', 'Trancio Pizza Margherita e Coca', 8.50, '2026-06-04', '12:20:00'),
(4, 'VB25CC', 'Trancio Pizza Diavola', 5.50, '2026-06-04', '12:22:00'),
(13, 'SF06DD', 'Pizza Tonda 4 Stagioni', 13.00, '2026-06-04', '12:30:00'),
(13, 'LD13EE', 'Pizza Tonda Wurstel', 11.50, '2026-06-04', '12:35:00'),
(15, 'MS29FF', 'Lasagna alla Bolognese', 14.00, '2026-06-04', '12:40:00'),
(15, 'IG21GG', 'Tortellini Panna e Prosciutto', 13.50, '2026-06-04', '12:45:00'),
(3, 'NT17HH', 'Sushi Box Mix 12pz', 18.90, '2026-06-04', '12:50:00'),
(3, 'BP04II', 'Ramen Tonkotsu', 15.00, '2026-06-04', '12:55:00'),
(6, 'GF28JJ', 'Costine BBQ con Pannocchia', 19.90, '2026-06-04', '13:00:00'),
(6, 'SR10KK', 'Pollo Arrosto e Patate', 16.50, '2026-06-04', '13:05:00'),
(7, 'AL15LL', 'Tacos di Manzo x3', 12.50, '2026-06-04', '13:10:00'),
(7, 'MP07MM', 'Nachos con Formaggio e Jalapenos', 8.50, '2026-06-04', '13:15:00'),
(1, 'RM23NN', 'Bistecca Fiorentina 500g', 28.00, '2026-06-04', '13:20:00'),
(1, 'CV14OO', 'Grigliata Mista Carne', 24.00, '2026-06-04', '13:25:00'),
(12, 'FL01PP', 'Spaghetti Carbonara', 12.00, '2026-06-04', '13:30:00'),
(12, 'AC18QQ', 'Cotoletta e Patatine', 14.00, '2026-06-04', '13:35:00'),
(8, 'TB09RR', 'McChicken Menu', 10.50, '2026-06-04', '13:40:00'),
(5, 'SF26SS', 'Insalata Caesar con Pollo', 11.00, '2026-06-04', '13:50:00'),
(4, 'EP03TT', 'Focaccia Ripiena', 7.00, '2026-06-04', '14:00:00'),
(8, 'GS20UU', 'Chicken McNuggets 9pz', 6.50, '2026-06-04', '14:10:00'),
(14, 'DA31VV', 'Gelato Artigianale 3 Gusti', 4.50, '2026-06-04', '14:40:00'),
(14, 'VC27WW', 'Granita Limone', 3.50, '2026-06-04', '14:45:00'),
(51, 'RF06XX', 'Dinosauro T-Rex Snodabile', 18.00, '2026-06-04', '15:00:00'),
(51, 'EM12YY', 'Uovo di Dinosauro Magico', 5.00, '2026-06-04', '15:10:00'),
(10, 'PC19AZ', 'Pretzel Salato Classico', 4.50, '2026-06-04', '15:20:00'),
(10, 'NV08BA', 'Pretzel al Formaggio', 5.50, '2026-06-04', '15:25:00'),
(54, 'GO24CB', 'Bandana Pirata', 7.00, '2026-06-04', '15:30:00'),
(54, 'FS16DC', 'Monete d''Oro Cioccolato', 4.00, '2026-06-04', '15:35:00'),
(55, 'ED02ED', 'Ali da Fata Glitter', 12.90, '2026-06-04', '15:45:00'),
(55, 'CF11FE', 'Bacchetta Magica Luminosa', 10.00, '2026-06-04', '15:50:00'),
(11, 'SP29GF', 'Popcorn Maxibag', 6.00, '2026-06-04', '16:00:00'),
(11, 'IG05HG', 'Bibita XL Refill', 5.00, '2026-06-04', '16:05:00'),
(52, 'CM14IH', 'Cappello da Cowboy', 14.90, '2026-06-04', '16:15:00'),
(52, 'AR23JI', 'Pistola Giocattolo West', 9.90, '2026-06-04', '16:20:00'),
(16, 'LB30KJ', 'Lecca Lecca Gigante', 4.50, '2026-06-04', '16:30:00'),
(14, 'SP09LK', 'Coppa Gelato Mista', 5.50, '2026-06-04', '16:40:00'),
(56, 'GF10ML', 'Modellino Moto Ducati', 22.00, '2026-06-04', '16:50:00'),
(56, 'RN21NM', 'Portachiavi Casco', 6.50, '2026-06-04', '16:55:00'),
(53, 'LM05OP', 'Maschera Alieno', 8.90, '2026-06-04', '17:10:00'),
(53, 'AB15PQ', 'Robot Giocattolo', 19.90, '2026-06-04', '17:15:00'),
(57, 'MF22QR', 'Cuscino Morbido', 15.00, '2026-06-04', '17:30:00'),
(9, 'EL28RS', 'Churros Semplici', 5.00, '2026-06-04', '17:45:00'),
(50, 'DP11ST', 'Felpa con Cappuccio', 35.00, '2026-06-04', '18:00:00'),
(50, 'GM07TU', 'Tazza Mug Personalizzata', 9.90, '2026-06-04', '18:15:00'),
(13, 'FV30UV', 'Pizza Bufala e Pomodorini', 14.00, '2026-06-04', '19:10:00'),
(13, 'SL02VW', 'Calzone Farcito', 12.50, '2026-06-04', '19:15:00'),
(8, 'TC18WX', 'Crispy McBacon Menu', 11.50, '2026-06-04', '19:20:00'),
(8, 'MB10XY', 'Chicken Salad', 9.00, '2026-06-04', '19:25:00'),
(6, 'AF25YZ', 'Galletto alla Brace', 15.00, '2026-06-04', '19:30:00'),
(6, 'CP19ZA', 'Panino Pulled Pork', 13.50, '2026-06-04', '19:35:00'),
(7, 'AS14AB', 'Burrito di Pollo', 11.00, '2026-06-04', '19:40:00'),
(7, 'VA23BC', 'Fajitas Miste', 16.00, '2026-06-04', '19:45:00'),
(5, 'SC05CD', 'Double Burger Menu', 16.50, '2026-06-04', '19:50:00'),
(5, 'IF10DE', 'Veggie Burger Menu', 13.50, '2026-06-04', '19:55:00'),
(1, 'MM01EF', 'Filetto al Pepe Verde', 26.00, '2026-06-04', '20:00:00'),
(1, 'EC17FG', 'Birra Media alla Spina', 6.00, '2026-06-04', '20:05:00'),
(3, 'NV28GH', 'Barca Sushi 24pz', 35.00, '2026-06-04', '20:10:00'),
(3, 'BO13HI', 'Edamame e Gyoza', 9.00, '2026-06-04', '20:15:00'),
(12, 'GS04IJ', 'Gnocchi al Ragù', 11.00, '2026-06-04', '20:20:00'),
(12, 'SD22JK', 'Tagliere Salumi e Formaggi', 14.00, '2026-06-04', '20:25:00'),
(15, 'AF16KL', 'Melanzane alla Parmigiana', 10.00, '2026-06-04', '20:30:00'),
(15, 'MP09LM', 'Tiramisù della Casa', 6.00, '2026-06-04', '20:35:00'),
(4, 'RG01MN', 'Trancio Pizza Farcito', 6.00, '2026-06-04', '20:45:00'),
(11, 'CM07NO', 'Popcorn e Bibita Combo', 8.00, '2026-06-04', '21:00:00'),
(9, 'FR19OP', 'Churros Caramello', 6.50, '2026-06-04', '21:10:00'),
(14, 'AB05PQ', 'Frappè alla Fragola', 5.00, '2026-06-04', '21:15:00'),
(10, 'TP20QR', 'Pretzel Dolce Cannella', 4.50, '2026-06-04', '21:20:00'),
(16, 'SF06RS', 'Barretta di Cioccolato', 3.50, '2026-06-04', '21:30:00'),
(50, 'EN13ST', 'Cartolina Notturna', 2.00, '2026-06-04', '21:40:00'),
(50, 'GM30TU', 'Portachiavi Logo', 5.00, '2026-06-04', '21:45:00'),
(50, 'DB08UV', 'Magneti Set x3', 12.00, '2026-06-04', '21:50:00'),
(57, 'VF01VW', 'Peluche Mascotte Otto', 22.00, '2026-06-04', '21:55:00'),
(56, 'RL11WX', 'Poster Ducati', 8.00, '2026-06-04', '22:00:00'),
(53, 'EP18XY', 'Portachiavi Alieno', 4.50, '2026-06-04', '22:05:00'),
(54, 'PM02YZ', 'Benda Pirata', 3.00, '2026-06-04', '22:10:00'),
(52, 'NV24ZA', 'Stella da Sceriffo', 5.50, '2026-06-04', '22:15:00'),
(2, 'GL12AB', 'Caffè Decaffeinato', 1.60, '2026-06-04', '22:18:00'),
(11, 'FC06BC', 'Acqua Naturale 50cl', 2.00, '2026-06-04', '22:20:00'),
(50, 'EB15CD', 'Felpa Mirabilandia', 39.90, '2026-06-04', '22:25:00'),
(57, 'CF21DE', 'Cuscino a cuore', 18.00, '2026-06-04', '22:28:00');

/* FOTO */
INSERT INTO FOTO(codiceFoto, prezzo) VALUES
/* Primo terzo: 7.99 */
(1, 7.99), (2, 7.99), (3, 7.99), (4, 7.99), (5, 7.99), (6, 7.99), (7, 7.99), (8, 7.99), (9, 7.99), (10, 7.99),
(11, 7.99), (12, 7.99), (13, 7.99), (14, 7.99), (15, 7.99), (16, 7.99), (17, 7.99), (18, 7.99), (19, 7.99), (20, 7.99),
(21, 7.99), (22, 7.99), (23, 7.99), (24, 7.99), (25, 7.99), (26, 7.99), (27, 7.99), (28, 7.99), (29, 7.99), (30, 7.99),
(31, 7.99), (32, 7.99), (33, 7.99),

/* Secondo terzo: 10.99 */
(34, 10.99), (35, 10.99), (36, 10.99), (37, 10.99), (38, 10.99), (39, 10.99), (40, 10.99), (41, 10.99), (42, 10.99), (43, 10.99),
(44, 10.99), (45, 10.99), (46, 10.99), (47, 10.99), (48, 10.99), (49, 10.99), (50, 10.99), (51, 10.99), (52, 10.99), (53, 10.99),
(54, 10.99), (55, 10.99), (56, 10.99), (57, 10.99), (58, 10.99), (59, 10.99), (60, 10.99), (61, 10.99), (62, 10.99), (63, 10.99),
(64, 10.99), (65, 10.99), (66, 10.99),

/* Terzo terzo: 12.99 */
(67, 12.99), (68, 12.99), (69, 12.99), (70, 12.99), (71, 12.99), (72, 12.99), (73, 12.99), (74, 12.99), (75, 12.99), (76, 12.99),
(77, 12.99), (78, 12.99), (79, 12.99), (80, 12.99), (81, 12.99), (82, 12.99), (83, 12.99), (84, 12.99), (85, 12.99), (86, 12.99),
(87, 12.99), (88, 12.99), (89, 12.99), (90, 12.99), (91, 12.99), (92, 12.99), (93, 12.99), (94, 12.99), (95, 12.99), (96, 12.99),
(97, 12.99), (98, 12.99), (99, 12.99);

/*Acquisto Foto basato sui primi 100 visitatori inseriti dalla FRA (vedi QueryFra.sql)*/
INSERT INTO ACQUISTO_FOTO (codiceFoto, data, orario, CF) VALUES 
(1, '2026-05-02', '10:30:00', 'MR12AB'),
(2, '2026-05-15', '14:45:00', 'LB05CD'),
(3, '2026-06-01', '11:15:00', 'AV22EF'),
(4, '2026-05-20', '16:20:00', 'GN09GH'),
(5, '2026-05-05', '12:00:00', 'MG18IJ'),
(6, '2026-06-10', '15:30:00', 'SF30KL'),
(7, '2026-05-28', '13:45:00', 'PR14MN'),
(8, '2026-05-11', '10:15:00', 'ER03OP'),
(9, '2026-06-05', '17:00:00', 'DC27QR'),
(10, '2026-05-08', '11:50:00', 'FM16ST'),
(11, '2026-06-12', '14:10:00', 'AC11UV'),
(12, '2026-05-22', '12:30:00', 'CG24WX'),
(13, '2026-05-03', '15:55:00', 'SR02YZ'),
(14, '2026-06-08', '10:40:00', 'ML19AA'),
(15, '2026-05-19', '13:20:00', 'FM08BB'),
(16, '2026-05-30', '16:45:00', 'VB25CC'),
(17, '2026-05-14', '11:10:00', 'SF06DD'),
(18, '2026-06-02', '15:15:00', 'LD13EE'),
(19, '2026-05-25', '12:50:00', 'MS29FF'),
(20, '2026-05-07', '14:30:00', 'IG21GG'),
(21, '2026-06-14', '10:20:00', 'NT17HH'),
(22, '2026-05-17', '16:00:00', 'BP04II'),
(23, '2026-05-09', '11:45:00', 'GF28JJ'),
(24, '2026-06-06', '13:30:00', 'SR10KK'),
(25, '2026-05-21', '15:10:00', 'AL15LL'),
(26, '2026-05-04', '10:55:00', 'MP07MM'),
(27, '2026-06-11', '14:05:00', 'RM23NN'),
(28, '2026-05-27', '12:40:00', 'CV14OO'),
(29, '2026-05-12', '16:30:00', 'FL01PP'),
(30, '2026-06-03', '11:25:00', 'AC18QQ'),
(31, '2026-05-24', '15:40:00', 'TB09RR'),
(32, '2026-05-06', '13:15:00', 'SF26SS'),
(33, '2026-06-13', '10:50:00', 'EP03TT'),
(34, '2026-05-16', '14:25:00', 'GS20UU'),
(35, '2026-05-31', '12:10:00', 'DA31VV'),
(36, '2026-05-10', '16:50:00', 'VC27WW'),
(37, '2026-06-07', '11:35:00', 'RF06XX'),
(38, '2026-05-23', '15:00:00', 'EM12YY'),
(39, '2026-05-01', '13:50:00', 'PC19AZ'),
(40, '2026-06-09', '10:25:00', 'NV08BA'),
(41, '2026-05-18', '14:55:00', 'GO24CB'),
(42, '2026-05-29', '12:20:00', 'FS16DC'),
(43, '2026-05-13', '16:15:00', 'ED02ED'),
(44, '2026-06-04', '11:05:00', 'CF11FE'),
(45, '2026-05-26', '15:25:00', 'SP29GF'),
(46, '2026-05-05', '13:40:00', 'IG05HG'),
(47, '2026-06-15', '10:45:00', 'CM14IH'),
(48, '2026-05-20', '14:15:00', 'AR23JI'),
(49, '2026-05-02', '12:35:00', 'LB30KJ'),
(50, '2026-06-10', '16:40:00', 'SP09LK'),
(51, '2026-05-15', '11:55:00', 'GF10ML'),
(52, '2026-05-30', '15:50:00', 'RN21NM'),
(53, '2026-06-01', '13:00:00', 'LM05OP'),
(54, '2026-05-11', '10:30:00', 'AB15PQ'),
(55, '2026-06-05', '14:45:00', 'MF22QR'),
(56, '2026-05-22', '12:00:00', 'EL28RS'),
(57, '2026-05-08', '16:20:00', 'DP11ST'),
(58, '2026-06-12', '11:15:00', 'GM07TU'),
(59, '2026-05-19', '15:30:00', 'FV30UV'),
(60, '2026-05-03', '13:45:00', 'SL02VW'),
(61, '2026-06-08', '10:15:00', 'TC18WX'),
(62, '2026-05-25', '14:10:00', 'MB10XY'),
(63, '2026-05-14', '11:50:00', 'AF25YZ'),
(64, '2026-06-02', '16:00:00', 'CP19ZA'),
(65, '2026-05-07', '12:30:00', 'AS14AB'),
(66, '2026-06-14', '15:15:00', 'VA23BC'),
(67, '2026-05-28', '11:10:00', 'SC05CD'),
(68, '2026-05-09', '13:20:00', 'IF10DE'),
(69, '2026-06-06', '16:45:00', 'MM01EF'),
(70, '2026-05-21', '10:40:00', 'EC17FG'),
(71, '2026-05-04', '15:55:00', 'NV28GH'),
(72, '2026-06-11', '12:50:00', 'BO13HI'),
(73, '2026-05-27', '11:45:00', 'GS04IJ'),
(74, '2026-05-12', '14:30:00', 'SD22JK'),
(75, '2026-06-03', '10:20:00', 'AF16KL'),
(76, '2026-05-24', '15:10:00', 'MP09LM'),
(77, '2026-05-06', '13:30:00', 'RG01MN'),
(78, '2026-06-13', '16:00:00', 'CM07NO'),
(79, '2026-05-16', '11:25:00', 'FR19OP'),
(80, '2026-05-31', '14:05:00', 'AB05PQ'),
(81, '2026-05-10', '12:40:00', 'TP20QR'),
(82, '2026-06-07', '15:40:00', 'SF06RS'),
(83, '2026-05-23', '11:00:00', 'EN13ST'),
(84, '2026-05-01', '13:15:00', 'GM30TU'),
(85, '2026-06-09', '16:30:00', 'DB08UV'),
(86, '2026-05-18', '10:50:00', 'VF01VW'),
(87, '2026-05-29', '14:25:00', 'RL11WX'),
(88, '2026-05-13', '12:10:00', 'EP18XY'),
(89, '2026-06-04', '15:00:00', 'PM02YZ'),
(90, '2026-05-26', '11:35:00', 'NV24ZA'),
(91, '2026-05-05', '13:50:00', 'GL12AB'),
(92, '2026-06-15', '16:50:00', 'FC06BC'),
(93, '2026-05-20', '10:25:00', 'EB15CD'),
(94, '2026-05-02', '14:55:00', 'CF21DE'),
(95, '2026-06-10', '12:20:00', 'SP03EF'),
(96, '2026-05-15', '15:25:00', 'IS19FG'),
(97, '2026-05-30', '11:05:00', 'CA28GH'),
(98, '2026-06-01', '13:40:00', 'AC12HI'),
(99, '2026-05-11', '16:15:00', 'LF21IJ');

/* VENDITA_FOTO */
INSERT INTO VENDITA_FOTO (codiceFoto, data, orario, codiceAttivita) VALUES 
(1, '2026-05-02', '10:30:00', 17),
(2, '2026-05-15', '14:45:00', 17),
(3, '2026-06-01', '11:15:00', 48),
(4, '2026-05-20', '16:20:00', 32),
(5, '2026-05-05', '12:00:00', 25),
(6, '2026-06-10', '15:30:00', 24),
(7, '2026-05-28', '13:45:00', 45),
(8, '2026-05-11', '10:15:00', 36),
(9, '2026-06-05', '17:00:00', 23),
(10, '2026-05-08', '11:50:00', 19),
(11, '2026-06-12', '14:10:00', 18),
(12, '2026-05-22', '12:30:00', 45),
(13, '2026-05-03', '15:55:00', 29),
(14, '2026-06-08', '10:40:00', 33),
(15, '2026-05-19', '13:20:00', 49),
(16, '2026-05-30', '16:45:00', 17),
(17, '2026-05-14', '11:10:00', 40),
(18, '2026-06-02', '15:15:00', 31),
(19, '2026-05-25', '12:50:00', 25),
(20, '2026-05-07', '14:30:00', 20),
(21, '2026-06-14', '10:20:00', 22),
(22, '2026-05-17', '16:00:00', 37),
(23, '2026-05-09', '11:45:00', 24),
(24, '2026-06-06', '13:30:00', 46),
(25, '2026-05-21', '15:10:00', 17),
(26, '2026-05-04', '10:55:00', 30),
(27, '2026-06-11', '14:05:00', 30),
(28, '2026-05-27', '12:40:00', 26),
(29, '2026-05-12', '16:30:00', 28),
(30, '2026-06-03', '11:25:00', 49),
(31, '2026-05-24', '15:40:00', 35),
(32, '2026-05-06', '13:15:00', 18),
(33, '2026-06-13', '10:50:00', 25),
(34, '2026-05-16', '14:25:00', 21),
(35, '2026-05-31', '12:10:00', 23),
(36, '2026-05-10', '16:50:00', 32),
(37, '2026-06-07', '11:35:00', 17),
(38, '2026-05-23', '15:00:00', 44),
(39, '2026-05-01', '13:50:00', 38),
(40, '2026-06-09', '10:25:00', 19),
(41, '2026-05-18', '14:55:00', 27),
(42, '2026-05-29', '12:20:00', 38),
(43, '2026-05-13', '16:15:00', 24),
(44, '2026-06-04', '11:05:00', 47),
(45, '2026-05-26', '15:25:00', 20),
(46, '2026-05-05', '13:40:00', 28),
(47, '2026-06-15', '10:45:00', 17),
(48, '2026-05-20', '14:15:00', 42),
(49, '2026-05-02', '12:35:00', 34),
(50, '2026-06-10', '16:40:00', 25),
(51, '2026-05-15', '11:55:00', 18),
(52, '2026-05-30', '15:50:00', 30),
(53, '2026-06-01', '13:00:00', 21),
(54, '2026-05-11', '10:30:00', 39),
(55, '2026-06-05', '14:45:00', 24),
(56, '2026-05-22', '12:00:00', 43),
(57, '2026-05-08', '16:20:00', 25),
(58, '2026-06-12', '11:15:00', 28),
(59, '2026-05-19', '15:30:00', 17),
(60, '2026-05-03', '13:45:00', 30),
(61, '2026-06-08', '10:15:00', 41),
(62, '2026-05-25', '14:10:00', 22),
(63, '2026-05-14', '11:50:00', 29),
(64, '2026-06-02', '16:00:00', 23),
(65, '2026-05-07', '12:30:00', 48),
(66, '2026-06-14', '15:15:00', 17),
(67, '2026-05-28', '11:10:00', 29),
(68, '2026-05-09', '13:20:00', 36),
(69, '2026-06-06', '16:45:00', 25),
(70, '2026-05-21', '10:40:00', 44),
(71, '2026-05-04', '15:55:00', 24),
(72, '2026-06-11', '12:50:00', 31),
(73, '2026-05-27', '11:45:00', 18),
(74, '2026-05-12', '14:30:00', 45),
(75, '2026-06-03', '10:20:00', 26),
(76, '2026-05-24', '15:10:00', 33),
(77, '2026-05-06', '13:30:00', 35),
(78, '2026-06-13', '16:00:00', 17),
(79, '2026-05-16', '11:25:00', 28),
(80, '2026-05-31', '14:05:00', 40),
(81, '2026-05-10', '12:40:00', 27),
(82, '2026-06-07', '15:40:00', 22),
(83, '2026-05-23', '11:00:00', 37),
(84, '2026-05-01', '13:15:00', 24),
(85, '2026-06-09', '16:30:00', 49),
(86, '2026-05-18', '10:50:00', 35),
(87, '2026-05-29', '14:25:00', 17),
(88, '2026-05-13', '12:10:00', 29),
(89, '2026-06-04', '15:00:00', 25),
(90, '2026-05-26', '11:35:00', 30),
(91, '2026-05-05', '13:50:00', 19),
(92, '2026-06-15', '16:50:00', 46),
(93, '2026-05-20', '10:25:00', 23),
(94, '2026-05-02', '14:55:00', 27),
(95, '2026-06-10', '12:20:00', 32),
(96, '2026-05-15', '15:25:00', 44),
(97, '2026-05-30', '11:05:00', 21),
(98, '2026-06-01', '13:40:00', 18),
(99, '2026-05-11', '16:15:00', 19);

/*Manutenzione*/

insert into manutenzione(codiceManutenzione, dataInizio, tipoGuasto, dataFine, impiantoInManutenzione, nomeRuota,
						nomeGiostra, nomeAreaTematica, nomeAttrazionePaura)
values ('1', '2026-04-28', 'Elettronico', '2026-05-20', 'giostra', null, 'El Dorado Falls', null, null),
		('2', '2026-05-02', 'Usura cuscinetti', '2026-05-15', 'giostra', null, 'Katun', null, null),
        ('3', '2026-05-10', 'Controllo freni magnetici', '2026-05-12', 'giostra', null, 'Diavel Ring', null, null),
        ('4', '2026-05-15', 'Guasto idraulico', '2026-05-18', 'giostra', null, 'Torri Geronimo', null, null),
        ('5', '2026-05-22', 'Calibrazione software', '2026-05-23', 'giostra', null, 'Autosplash', null, null),
        ('6', '2026-06-01', 'Sostituzione ruote', '2026-06-04', 'giostra', null, 'El Dorado Falls', null, null),
        ('7', '2026-06-05', 'Riparazione cablaggi', '2026-06-07', 'area tematica', null, null, 'FarWest Valley', null),
        ('8', '2026-06-12', 'Elettronico', null, 'giostra', null, 'Rio Bravo', null, null),
        ('9', '2026-06-20', 'Fissaggio bulloneria', '2026-06-21', 'ruota panoramica', 'AlgigaWheel', null, null, null),
        ('10', '2026-07-01', 'Test di sicurezza annuale', '2026-07-05', 'giostra', null, 'Katun', null, null),
        ('11', '2026-07-10', 'Cortocircuito luci', '2026-07-11', 'attrazione di paura', null, null, null, 'Mortal Circus'),
        ('12', '2026-07-15', 'Ossidazione contatti', null, 'giostra', null, 'Master Thai', null, null),
        ('13', '2026-07-22', 'Riparazione scenografia', null, 'attrazione di paura', null, null, null, 'Phobia'),
        ('14', '2025-08-01', 'Rumore anomalo motore', '2025-08-03', 'giostra', null, 'Reset', null, null),
        ('15', '2025-08-05', 'Lubrificazione binari', '2025-08-06', 'giostra', null, 'Katun', null, null),
        ('16', '2025-08-12', 'Malfunzionamento sbarre', '2025-08-13', 'giostra', null, 'Diavel Ring', null, null),
        ('17', '2025-08-20', 'Cambio software', '2025-08-20', 'area tematica', null, null, 'Ducati World', null),
        ('18', '2024-09-02', 'Sostituzione pulegge', '2024-09-05', 'giostra', null, 'Torri Geronimo', null, null),
        ('19', '2024-09-10', 'Danni da intemperie', '2024-09-15', 'giostra', null, 'Katun', null, null),
        ('20', '2024-09-20', 'Verifica strutturale', '2024-09-22', 'ruota panormaica', 'AlgigaWheel', null, null, null);
   
/*Esecuzione Manutenzione*/
insert into esecuzione(CF, codiceManutenzione)
values  ('RGGNZO82R10H501A', 1), ('BNIMRT89A65F205C', 2), ('DRESFN85H30L219L', 3), ('PCALRI94S60H501M', 4),
		('RGGNZO82R10H501A', 5), ('RVIGCM83D12L219H', 5), ('BNIMRT89A65F205C', 6), ('LNTSMN91P45H501F', 6),
        ('ZNNDRA87S22F205C', 7), ('BSOVLR95A58L219Z', 8), ('DRESFN85H30L219L', 9), ('PCALRI94S60H501M', 10),
        ('RVIGCM83D12L219H', 10), ('ZNNDRA87S22F205C', 11), ('RGGNZO82R10H501A', 12), ('BNIMRT89A65F205C', 13),
        ('PCALRI94S60H501M', 14), ('PCALRI94S60H501M', 15), ('DRESFN85H30L219L', 16), ('LNTSMN91P45H501F', 17),
        ('RVIGCM83D12L219H', 18), ('RZZDNL86B12F205X', 19), ('RZZDNL86B12F205X', 20), ('ZNNDRA87S22F205C', 20);

/*Turno di lavoro*/
insert into TURNO_DI_LAVORO(CF, oraInizio, oraFine, data)
values
('RSSMRA85C12H501Z', '10:00:00', '15:00:00', '2026-07-28'),
('BNCHGL92L62F205A', '11:00:00', '17:00:00', '2026-07-28'),
('VRDLCA80S05L219X', '12:30:00', '19:30:00', '2026-07-28'),
('NREANN95T70H501Q', '14:00:00', '21:00:00', '2026-07-28'),
('GLLMRC88B14F205D', '16:00:00', '22:00:00', '2026-07-28'),
('RZZLNE90P48L219W', '10:00:00', '17:00:00', '2026-07-28'),
('FRRPLA75E19H501B', '15:30:00', '21:30:00', '2026-07-28'),
('RSSSFO98A65F205C', '13:00:00', '18:00:00', '2026-07-28'),
('RMNMTT83D10L219K', '11:00:00', '18:00:00', '2026-07-28'),
('CLMCHR94M55H501Y', '17:00:00', '23:00:00', '2026-07-28'),
('BRNDVD87R22F205J', '10:30:00', '16:30:00', '2026-07-28'),
('RCCFNC91C43L219S', '12:00:00', '19:00:00', '2026-07-28'),
('MRNNDR82M18H501V', '14:30:00', '21:30:00', '2026-07-28'),
('GRCVNT96S68F205M', '16:00:00', '23:00:00', '2026-07-28'),
('BRBSMN89T12L219O', '10:00:00', '15:00:00', '2026-07-28'),
('LMBALC93B45H501P', '11:30:00', '18:30:00', '2026-07-28'),
('MRTNTN78L14F205G', '13:00:00', '20:00:00', '2026-07-28'),
('PNTGRG97D62L219U', '15:00:00', '22:00:00', '2026-07-28'),
('CSTRCC84E30H501E', '10:00:00', '16:00:00', '2026-07-28'),
('FNTMRT90R50F205R', '12:00:00', '17:00:00', '2026-07-28'),
('VRDLCA80S05L219G', '14:00:00', '20:00:00', '2026-07-28'),
('NREANN95T70H501B', '16:30:00', '22:30:00', '2026-07-28'),
('GLLMRC88B14F202E', '11:00:00', '16:00:00', '2026-07-28'),
('RZZLNE90P48L213W', '13:30:00', '20:30:00', '2026-07-28'),
('FRRPLA75E19H502S', '15:00:00', '22:00:00', '2026-07-28'),
('RSSSFO98A65F202X', '10:00:00', '17:00:00', '2026-07-28'),
('GRRFBA86H18L219T', '12:30:00', '18:30:00', '2026-07-28'),
('BRNSRA95P41H501N', '14:00:00', '19:00:00', '2026-07-28'),
('PLLRRT81A15F205W', '16:00:00', '21:00:00', '2026-07-28'),
('MZZRKE93M68L219B', '10:00:00', '16:00:00', '2026-07-28'),
('VLLLNZ89S20H501C', '11:30:00', '18:30:00', '2026-07-28'),
('RNLSFN92D44F205H', '13:00:00', '20:00:00', '2026-07-28'),
('SRRDNL85B25L219G', '15:00:00', '22:00:00', '2026-07-28'),
('CRSMRN94C52H501D', '10:30:00', '17:30:00', '2026-07-28'),
('MSSLSN79T05F205Z', '12:00:00', '18:00:00', '2026-07-28'),
('LNELSS96E58L219F', '14:00:00', '21:00:00', '2026-07-28'),
('GTTGRL88H30H501M', '16:00:00', '23:00:00', '2026-07-28'),
('PRSFNC91R55F205S', '11:00:00', '16:00:00', '2026-07-28'),
('SLAGCM83P08L219J', '13:00:00', '19:00:00', '2026-07-28'),
('FRNBTR95L52H501L', '15:30:00', '22:30:00', '2026-07-28'),
('BNOFPP80B28F205K', '10:00:00', '15:00:00', '2026-07-28'),
('PLLVNC92T62L219N', '12:00:00', '19:00:00', '2026-07-28'),
('MRLGRI86A10H501O', '14:30:00', '21:30:00', '2026-07-28'),
('DMCLDV97M45F205P', '16:00:00', '23:00:00', '2026-07-28'),
('SNTRCC84S15L219A', '11:00:00', '17:00:00', '2026-07-28'),
('RVINMI98C70H501G', '13:00:00', '18:00:00', '2026-07-28'),
('FBBCLD82E05F205V', '15:00:00', '22:00:00', '2026-07-28'),
('DNTSBN90D58L219R', '10:30:00', '16:30:00', '2026-07-28'),
('PLMMNL87L25H501F', '12:00:00', '19:00:00', '2026-07-28'),
('FRIRCL93R52F205E', '14:00:00', '21:00:00', '2026-07-28'),
('LPUMRK85S20L219H', '16:00:00', '23:00:00', '2026-07-28'),
('VTLRLI94B68H501I', '11:30:00', '16:30:00', '2026-07-28'),
('MRNVLR81H08F205L', '13:30:00', '20:30:00', '2026-07-28'),
('SRTCML96P52L219M', '15:00:00', '22:00:00', '2026-07-28'),
('GRRGLC79D30H501B', '10:00:00', '17:00:00', '2026-07-28'),
('FRRPLA91A50F205N', '12:00:00', '18:00:00', '2026-07-28'),
('GTTMRA84M22L219P', '14:00:00', '21:00:00', '2026-07-28'),
('PLLELS95S45H501S', '16:00:00', '23:00:00', '2026-07-28'),
('CRLRNT76T18F205T', '11:00:00', '16:00:00', '2026-07-28'),
('BSLVNS92E70L219V', '13:00:00', '19:00:00', '2026-07-28'),
('RLNTMS88B14H501Q', '15:30:00', '22:30:00', '2026-07-28'),
('NRRCNZ90C52F205R', '10:00:00', '15:00:00', '2026-07-28'),
('SNNNRC83S25L219Z', '12:00:00', '19:00:00', '2026-07-28'),
('GRDSLV94D44H501X', '14:30:00', '21:30:00', '2026-07-28'),
('VLLLND89R10F205W', '16:00:00', '23:00:00', '2026-07-28'),
('MNCPTR77A55L219D', '11:00:00', '17:00:00', '2026-07-28'),
('LRSSFN86L08H501C', '13:00:00', '18:00:00', '2026-07-28'),
('PRSCRS84S15L219A', '15:00:00', '22:00:00', '2026-07-28'),
('RVINMI98C70H502R', '10:30:00', '16:30:00', '2026-07-28'),
('FBBCLD82E05F207C', '12:00:00', '19:00:00', '2026-07-28'),
('DNTSBN90D58L218R', '14:00:00', '21:00:00', '2026-07-28'),
('PLMMNL87L25H506F', '16:00:00', '23:00:00', '2026-07-28'),
('FRIRCL93R52F208E', '11:30:00', '16:30:00', '2026-07-28'),
('LPUMRK85S20L211H', '13:30:00', '20:30:00', '2026-07-28'),
('VTLRLI94B68H501P', '15:00:00', '22:00:00', '2026-07-28'),
('MRNVLR81H08F203L', '10:00:00', '17:00:00', '2026-07-28'),
('SRTCML96P52L218M', '12:00:00', '18:00:00', '2026-07-28'),
('GRRGLC79D30H509B', '14:00:00', '21:00:00', '2026-07-28'),
('FRRPLA91A50F207N', '16:00:00', '23:00:00', '2026-07-28'),
('GTTMRA84M22L217P', '11:00:00', '16:00:00', '2026-07-28'),
('PLLELS95S45H503S', '13:00:00', '19:00:00', '2026-07-28'),
('CRLRNT76T18F201T', '15:30:00', '22:30:00', '2026-07-28'),
('BSLVNS92E70L218V', '10:00:00', '15:00:00', '2026-07-28'),
('GNVLBR83E14F205H', '12:00:00', '19:00:00', '2026-07-28'),
('MSTRMN92M62L219P', '14:30:00', '21:30:00', '2026-07-28'),
('NREFPP87S30H501Z', '16:00:00', '23:00:00', '2026-07-28'),
('VLLBTR95D52F205K', '11:00:00', '17:00:00', '2026-07-28'),
('GRSDNL80P01L219Y', '13:00:00', '18:00:00', '2026-07-28'),
('BRNLNE94A65H501J', '15:00:00', '22:00:00', '2026-07-28'),
('RZZPLA88H18F205W', '10:30:00', '16:30:00', '2026-07-28'),
('FNTMRT91C43L219G', '12:00:00', '19:00:00', '2026-07-28'),
('MRTSFN85L28H501R', '14:00:00', '21:00:00', '2026-07-28'),
('LNGCHR97T45F205L', '16:00:00', '23:00:00', '2026-07-28'),
('PLLGCM82R15L219X', '11:30:00', '16:30:00', '2026-07-28'),
('CSTRLI90B54H501B', '13:30:00', '20:30:00', '2026-07-28'),
('SRRVLR84E30F205Q', '15:00:00', '22:00:00', '2026-07-28'),
('MZZLDV96S60L219V', '10:00:00', '17:00:00', '2026-07-28'),
('RNLMTT81D10H501U', '12:00:00', '18:00:00', '2026-07-28'),
('BSLSRA93P52F205Z', '14:00:00', '21:00:00', '2026-07-28'),
('PNTGSL89H65L219I', '16:00:00', '23:00:00', '2026-07-28'),
('MRORGR82A14H501K', '11:00:00', '16:00:00', '2026-07-28'),
('GLLTZN95R45F205C', '13:00:00', '19:00:00', '2026-07-28'),
('SPSPSQ78B28L219W', '15:30:00', '22:30:00', '2026-07-28'),
('SNTLRN93D58H501D', '10:00:00', '15:00:00', '2026-07-28'),
('LCCDRD86T05F205S', '12:00:00', '19:00:00', '2026-07-28'),
('RVISBN94L54L219E', '14:30:00', '21:30:00', '2026-07-28'),
('GTTVTR81C22H501M', '16:00:00', '23:00:00', '2026-07-28'),
('BRTNDA97R70F205N', '11:00:00', '17:00:00', '2026-07-28'),
('MRICRS84E18L219B', '13:00:00', '18:00:00', '2026-07-28'),
('LNEMNC90S42H501V', '15:00:00', '22:00:00', '2026-07-28'),
('SNTFBZ88B14F205T', '10:30:00', '16:30:00', '2026-07-28'),
('DSORFL92H65L219K', '12:00:00', '19:00:00', '2026-07-28'),
('MLEGNN79M08H501Q', '14:00:00', '21:00:00', '2026-07-28'),
('ZMBLRI91E62H501K', '16:00:00', '23:00:00', '2026-07-28'),
('GLLGCM88S04F205P', '11:30:00', '16:30:00', '2026-07-28'),
('MRLLNE95B54L219H', '13:30:00', '20:30:00', '2026-07-28'),
('FBBDNL82M30H501T', '15:00:00', '22:00:00', '2026-07-28'),
('NRESFO93H65F205J', '10:00:00', '17:00:00', '2026-07-28'),
('RLNTMS88B14H503Q', '12:00:00', '18:00:00', '2026-07-28'),
('NRRCNZ90C52F207R', '14:00:00', '21:00:00', '2026-07-28'),
('SNNNRC83S25L215Z', '16:00:00', '23:00:00', '2026-07-28'),
('GRDSLV94D44H508X', '11:00:00', '16:00:00', '2026-07-28'),
('VLLLND89R10F203W', '13:00:00', '19:00:00', '2026-07-28'),
('MNCPTR77A55L213D', '15:30:00', '22:30:00', '2026-07-28'),
('LRSSFN86L08H503C', '10:00:00', '15:00:00', '2026-07-28'),
('BSSDBR93P62F205F', '12:00:00', '19:00:00', '2026-07-28'),
('MNCMRO85E19L219G', '14:30:00', '21:30:00', '2026-07-28'),
('MNTGLN91T70H501E', '16:00:00', '23:00:00', '2026-07-28'),
('PLLMNL97B05F205L', '11:00:00', '17:00:00', '2026-07-28'),
('VLNCST82H55L219K', '13:00:00', '18:00:00', '2026-07-28'),
('SPTLGU80C03H501M', '15:00:00', '22:00:00', '2026-07-28'),
('RMNTRE95R62F205H', '10:30:00', '16:30:00', '2026-07-28'),
('RCCPLA84D12F205S', '12:00:00', '19:00:00', '2026-07-28'),
('GLLSMN92M59L219J', '14:00:00', '21:00:00', '2026-07-28'),
('RVAMTT87E25H501K', '16:00:00', '23:00:00', '2026-07-28'),
('DTTVNT96A70F205P', '11:30:00', '16:30:00', '2026-07-28'),
('MRTFBA81S14L219Q', '13:30:00', '20:30:00', '2026-07-28'),
('PRDLNE94P42H501B', '15:00:00', '22:00:00', '2026-07-28'),
('BRNDNL88L28F205M', '10:00:00', '17:00:00', '2026-07-28'),
('SRRCHR93B55L219Y', '12:00:00', '18:00:00', '2026-07-28'),
('DLCLSS85R10H501W', '14:00:00', '21:00:00', '2026-07-28'),
('CSTFRC90T44F205G', '16:00:00', '23:00:00', '2026-07-28'),
('LMBMRC83H22L219R', '11:00:00', '16:00:00', '2026-07-28'),
('FNTSRA97C48H501Z', '13:00:00', '19:00:00', '2026-07-28'),
('GRSGCM89A25F205T', '15:30:00', '22:30:00', '2026-07-28'),
('PRSMRT82S51L219X', '10:00:00', '15:00:00', '2026-07-28'),
('FRRRCR95L14H501V', '12:00:00', '19:00:00', '2026-07-28'),
('MRNLRI86M70F205A', '14:30:00', '21:30:00', '2026-07-28'),
('GRRDVD91D05L219O', '16:00:00', '23:00:00', '2026-07-28'),
('RSSBBR79E60H501N', '11:00:00', '17:00:00', '2026-07-28'),
('BNCNNA92E60F205D', '13:00:00', '18:00:00', '2026-07-28'),
('VRDLUC88S04L219P', '15:00:00', '22:00:00', '2026-07-28'),
('RZZLNE95L68H501Q', '10:30:00', '16:30:00', '2026-07-28'),
('NRRRRT80P14F205W', '12:00:00', '19:00:00', '2026-07-28'),
('RSSFDR84M22H501U', '14:00:00', '21:00:00', '2026-07-28'),
('MRTGRG87D18L219V', '16:00:00', '23:00:00', '2026-07-28'),
('PLLFNC93S62H501Y', '11:30:00', '16:30:00', '2026-07-28'),
('SRRCLD82A30F205T', '13:30:00', '20:30:00', '2026-07-28'),
('CRSMTN96H45L219K', '15:00:00', '22:00:00', '2026-07-28'),
('FNTNDR89P14H501X', '10:00:00', '17:00:00', '2026-07-28'),
('LNGSMN91C67F205W', '12:00:00', '18:00:00', '2026-07-28'),
('VLLDVD84T10L219O', '14:00:00', '21:00:00', '2026-07-28'),
('MRNPLA95B68H501E', '16:00:00', '23:00:00', '2026-07-28'),
('GTTNZE80L19F205B', '11:00:00', '16:00:00', '2026-07-28'),
('BTTGRG84A25L219S', '13:00:00', '19:00:00', '2026-07-28'),
('GLLNGL90L54H501A', '15:30:00', '22:30:00', '2026-07-28'),
('SNNNCL87D10F205O', '10:00:00', '15:00:00', '2026-07-28'),
('MRCHRS93S68L219U', '12:00:00', '19:00:00', '2026-07-28'),
('CNTSVT81T12H501I', '14:30:00', '21:30:00', '2026-07-28'),
('DLCBBR94M58F205P', '16:00:00', '23:00:00', '2026-07-28'),
('GRDMSM86P08L219T', '11:00:00', '17:00:00', '2026-07-28'),
('RZZSMN96C43H501R', '13:00:00', '18:00:00', '2026-07-28'),
('MNCFBZ82R15F205B', '15:00:00', '22:00:00', '2026-07-28'),
('MRTDNL92B45L219M', '10:30:00', '16:30:00', '2026-07-28'),
('LNECLD78S20H501N', '12:00:00', '19:00:00', '2026-07-28'),
('SNNBTR98D62F205V', '14:00:00', '21:00:00', '2026-07-28'),
('FBBMNL85E30L219Q', '16:00:00', '23:00:00', '2026-07-28'),
('VTLSBR91H58H501F', '11:30:00', '16:30:00', '2026-07-28'),
('MRNVLR88P01F205W', '13:30:00', '20:30:00', '2026-07-28'),
('MRCHLS97T52L219K', '15:00:00', '22:00:00', '2026-07-28'),
('CRSMRA83M28H501X', '10:00:00', '17:00:00', '2026-07-28'),
('BRNVNS94S60F205C', '12:00:00', '18:00:00', '2026-07-28'),
('GRDTMS81D04L219D', '14:00:00', '21:00:00', '2026-07-28'),
('DNTCNZ96R50H501H', '16:00:00', '23:00:00', '2026-07-28'),
('SRTSLV79A55F205E', '11:00:00', '16:00:00', '2026-07-28'),
('VTLLND92L08L219B', '13:00:00', '19:00:00', '2026-07-28'),
('NREGSL91E54H501T', '15:30:00', '22:30:00', '2026-07-28'),
('SNTRGR84S22L219W', '10:00:00', '15:00:00', '2026-07-28'),
('BSOTZN96C70F205K', '12:00:00', '19:00:00', '2026-07-28'),
('DMCPSQ80M08L219Y', '14:30:00', '21:30:00', '2026-07-28'),
('RZZMRC87C12F205G', '16:00:00', '23:00:00', '2026-07-28'),
('FRRGLI95S44L219H', '11:00:00', '17:00:00', '2026-07-28'),
('BNCSTF82B25H501J', '13:00:00', '18:00:00', '2026-07-28'),
('RMNLSS90H70L219Z', '15:00:00', '22:00:00', '2026-07-28'),
('GLLRRT89T14F205K', '10:30:00', '16:30:00', '2026-07-28'),

('PNISND95B14H501F', '10:00:00', '19:00:00', '2026-07-28'),
('LROMNC90E62F205L', '10:00:00', '19:00:00', '2026-07-28'),
('MRIDVD88P08L219M', '10:00:00', '19:00:00', '2026-07-28'),
('BRTPLA96T52H501P', '10:00:00', '19:00:00', '2026-07-28'),
('FNTLCA93D04F205D', '10:00:00', '19:00:00', '2026-07-28'),
('VLLSRA97L55L219V', '10:00:00', '19:00:00', '2026-07-28'),
('LNGFBA91M14F205K', '10:00:00', '19:00:00', '2026-07-28'),
('SNTLNE94C65L219J', '10:00:00', '19:00:00', '2026-07-28'),
('MLERRT89R02H501G', '10:00:00', '19:00:00', '2026-07-28'),
('RVIMCH97T70F205D', '10:00:00', '19:00:00', '2026-07-28'),
('DSOMRC92E18L219S', '10:00:00', '19:00:00', '2026-07-28'),
('GRSSNO95L47H501W', '10:00:00', '19:00:00', '2026-07-28'),

('RGGNZO82R10H501A', '15:30:00', '22:30:00', '2026-07-28'),
('BNIMRT89A65F205C', '10:00:00', '15:00:00', '2026-07-28'),
('DRESFN85H30L219L', '12:00:00', '19:00:00', '2026-07-28'),
('PCALRI94S60H501M', '14:30:00', '21:30:00', '2026-07-28'),
('RVIGCM83D12L219H', '16:00:00', '23:00:00', '2026-07-28'),
('LNTSMN91P45H501F', '11:00:00', '17:00:00', '2026-07-28'),
('ZNNDRA87S22F205C', '13:00:00', '18:00:00', '2026-07-28'),
('BSOVLR95A58L219Z', '15:00:00', '22:00:00', '2026-07-28'),
('RZZDNL86B12F205X', '10:30:00', '16:30:00', '2026-07-28'),

('RSSMRA85C12H501Z', '16:00:00', '21:00:00', '2026-07-27'),
('BNCHGL92L62F205A', '15:00:00', '22:00:00', '2026-07-27'),
('VRDLCA80S05L219X', '10:00:00', '17:00:00', '2026-07-27'),
('NREANN95T70H501Q', '11:30:00', '18:30:00', '2026-07-27'),
('GLLMRC88B14F205D', '12:00:00', '18:00:00', '2026-07-27'),
('RZZLNE90P48L219W', '17:00:00', '23:00:00', '2026-07-27'),
('FRRPLA75E19H501B', '10:00:00', '16:00:00', '2026-07-27'),
('RSSSFO98A65F205C', '16:00:00', '22:00:00', '2026-07-27'),
('RMNMTT83D10L219K', '14:00:00', '21:00:00', '2026-07-27'),
('CLMCHR94M55H501Y', '10:00:00', '15:00:00', '2026-07-27'),
('BRNDVD87R22F205J', '15:30:00', '21:30:00', '2026-07-27'),
('RCCFNC91C43L219S', '16:00:00', '23:00:00', '2026-07-27'),
('MRNNDR82M18H501V', '10:30:00', '16:30:00', '2026-07-27'),
('GRCVNT96S68F205M', '11:00:00', '18:00:00', '2026-07-27'),
('BRBSMN89T12L219O', '13:00:00', '20:00:00', '2026-07-27'),
('LMBALC93B45H501P', '14:00:00', '21:00:00', '2026-07-27'),
('MRTNTN78L14F205G', '16:00:00', '22:00:00', '2026-07-27'),
('PNTGRG97D62L219U', '10:00:00', '17:00:00', '2026-07-27'),
('CSTRCC84E30H501E', '15:00:00', '21:00:00', '2026-07-27'),
('FNTMRT90R50F205R', '16:30:00', '22:30:00', '2026-07-27'),
('VRDLCA80S05L219G', '11:00:00', '16:00:00', '2026-07-27'),
('NREANN95T70H501B', '10:00:00', '16:00:00', '2026-07-27'),
('GLLMRC88B14F202E', '14:00:00', '20:00:00', '2026-07-27'),
('RZZLNE90P48L213W', '10:30:00', '17:30:00', '2026-07-27'),
('FRRPLA75E19H502S', '11:00:00', '18:00:00', '2026-07-27'),
('RSSSFO98A65F202X', '17:00:00', '23:00:00', '2026-07-27'),
('GRRFBA86H18L219T', '10:00:00', '16:00:00', '2026-07-27'),
('BRNSRA95P41H501N', '16:00:00', '22:00:00', '2026-07-27'),
('PLLRRT81A15F205W', '10:30:00', '17:30:00', '2026-07-27'),
('MZZRKE93M68L219B', '15:00:00', '21:00:00', '2026-07-27'),
('VLLLNZ89S20H501C', '12:00:00', '19:00:00', '2026-07-27'),
('RNLSFN92D44F205H', '10:00:00', '15:00:00', '2026-07-27'),
('SRRDNL85B25L219G', '11:00:00', '18:00:00', '2026-07-27'),
('CRSMRN94C52H501D', '17:00:00', '23:00:00', '2026-07-27'),
('MSSLSN79T05F205Z', '14:00:00', '20:00:00', '2026-07-27'),
('LNELSS96E58L219F', '10:00:00', '17:00:00', '2026-07-27'),
('GTTGRL88H30H501M', '11:30:00', '16:30:00', '2026-07-27'),
('PRSFNC91R55F205S', '15:00:00', '22:00:00', '2026-07-27'),
('SLAGCM83P08L219J', '10:00:00', '16:00:00', '2026-07-27'),
('FRNBTR95L52H501L', '12:30:00', '18:30:00', '2026-07-27'),
('BNOFPP80B28F205K', '16:00:00', '21:00:00', '2026-07-27'),
('PLLVNC92T62L219N', '14:00:00', '21:00:00', '2026-07-27'),
('MRLGRI86A10H501O', '10:00:00', '17:00:00', '2026-07-27'),
('DMCLDV97M45F205P', '11:00:00', '16:00:00', '2026-07-27'),
('SNTRCC84S15L219A', '17:00:00', '23:00:00', '2026-07-27'),
('RVINMI98C70H501G', '15:30:00', '22:30:00', '2026-07-27'),
('FBBCLD82E05F205V', '10:30:00', '16:30:00', '2026-07-27'),
('DNTSBN90D58L219R', '13:00:00', '20:00:00', '2026-07-27'),
('PLMMNL87L25H501F', '14:00:00', '19:00:00', '2026-07-27'),
('FRIRCL93R52F205E', '10:00:00', '15:00:00', '2026-07-27'),
('LPUMRK85S20L219H', '11:00:00', '18:00:00', '2026-07-27'),
('VTLRLI94B68H501I', '16:00:00', '22:00:00', '2026-07-27'),
('MRNVLR81H08F205L', '10:00:00', '17:00:00', '2026-07-27'),
('SRTCML96P52L219M', '14:00:00', '21:00:00', '2026-07-27'),
('GRRGLC79D30H501B', '15:30:00', '21:30:00', '2026-07-27'),
('FRRPLA91A50F205N', '17:00:00', '23:00:00', '2026-07-27'),
('GTTMRA84M22L219P', '10:00:00', '16:00:00', '2026-07-27'),
('PLLELS95S45H501S', '11:30:00', '18:30:00', '2026-07-27'),
('CRLRNT76T18F205T', '13:00:00', '20:00:00', '2026-07-27'),
('BSLVNS92E70L219V', '15:00:00', '22:00:00', '2026-07-27'),
('RLNTMS88B14H501Q', '10:30:00', '17:30:00', '2026-07-27'),
('NRRCNZ90C52F205R', '12:00:00', '18:00:00', '2026-07-27'),
('SNNNRC83S25L219Z', '14:00:00', '21:00:00', '2026-07-27'),
('GRDSLV94D44H501X', '16:00:00', '23:00:00', '2026-07-27'),
('VLLLND89R10F205W', '11:00:00', '16:00:00', '2026-07-27'),
('MNCPTR77A55L219D', '13:00:00', '19:00:00', '2026-07-27'),
('LRSSFN86L08H501C', '15:30:00', '22:30:00', '2026-07-27'),
('PRSCRS84S15L219A', '10:00:00', '15:00:00', '2026-07-27'),
('RVINMI98C70H502R', '12:00:00', '19:00:00', '2026-07-27'),
('FBBCLD82E05F207C', '14:30:00', '21:30:00', '2026-07-27'),
('DNTSBN90D58L218R', '16:00:00', '23:00:00', '2026-07-27'),
('PLMMNL87L25H506F', '11:00:00', '17:00:00', '2026-07-27'),
('FRIRCL93R52F208E', '13:00:00', '18:00:00', '2026-07-27'),
('LPUMRK85S20L211H', '15:00:00', '22:00:00', '2026-07-27'),
('VTLRLI94B68H501P', '10:30:00', '16:30:00', '2026-07-27'),
('MRNVLR81H08F203L', '12:00:00', '19:00:00', '2026-07-27'),
('SRTCML96P52L218M', '14:00:00', '21:00:00', '2026-07-27'),
('GRRGLC79D30H509B', '16:00:00', '23:00:00', '2026-07-27'),
('FRRPLA91A50F207N', '11:30:00', '16:30:00', '2026-07-27'),
('GTTMRA84M22L217P', '13:30:00', '20:30:00', '2026-07-27'),
('PLLELS95S45H503S', '15:00:00', '22:00:00', '2026-07-27'),
('CRLRNT76T18F201T', '10:00:00', '17:00:00', '2026-07-27'),
('BSLVNS92E70L218V', '12:00:00', '18:00:00', '2026-07-27'),
('GNVLBR83E14F205H', '14:00:00', '21:00:00', '2026-07-27'),
('MSTRMN92M62L219P', '16:00:00', '23:00:00', '2026-07-27'),
('NREFPP87S30H501Z', '11:00:00', '16:00:00', '2026-07-27'),
('VLLBTR95D52F205K', '13:00:00', '19:00:00', '2026-07-27'),
('GRSDNL80P01L219Y', '15:30:00', '22:30:00', '2026-07-27'),
('BRNLNE94A65H501J', '10:00:00', '15:00:00', '2026-07-27'),
('RZZPLA88H18F205W', '12:00:00', '19:00:00', '2026-07-27'),
('FNTMRT91C43L219G', '14:30:00', '21:30:00', '2026-07-27'),
('MRTSFN85L28H501R', '16:00:00', '23:00:00', '2026-07-27'),
('LNGCHR97T45F205L', '11:00:00', '17:00:00', '2026-07-27'),
('PLLGCM82R15L219X', '13:00:00', '18:00:00', '2026-07-27'),
('CSTRLI90B54H501B', '15:00:00', '22:00:00', '2026-07-27'),
('SRRVLR84E30F205Q', '10:30:00', '16:30:00', '2026-07-27'),
('MZZLDV96S60L219V', '12:00:00', '19:00:00', '2026-07-27'),
('RNLMTT81D10H501U', '14:00:00', '21:00:00', '2026-07-27'),
('BSLSRA93P52F205Z', '16:00:00', '23:00:00', '2026-07-27'),
('PNTGSL89H65L219I', '11:30:00', '16:30:00', '2026-07-27'),
('MRORGR82A14H501K', '13:30:00', '20:30:00', '2026-07-27'),
('GLLTZN95R45F205C', '15:00:00', '22:00:00', '2026-07-27'),
('SPSPSQ78B28L219W', '10:00:00', '17:00:00', '2026-07-27'),
('SNTLRN93D58H501D', '12:00:00', '18:00:00', '2026-07-27'),
('LCCDRD86T05F205S', '14:00:00', '21:00:00', '2026-07-27'),
('RVISBN94L54L219E', '16:00:00', '23:00:00', '2026-07-27'),
('GTTVTR81C22H501M', '11:00:00', '16:00:00', '2026-07-27'),
('BRTNDA97R70F205N', '13:00:00', '19:00:00', '2026-07-27'),
('MRICRS84E18L219B', '15:30:00', '22:30:00', '2026-07-27'),
('LNEMNC90S42H501V', '10:00:00', '15:00:00', '2026-07-27'),
('SNTFBZ88B14F205T', '12:00:00', '19:00:00', '2026-07-27'),
('DSORFL92H65L219K', '14:30:00', '21:30:00', '2026-07-27'),
('MLEGNN79M08H501Q', '16:00:00', '23:00:00', '2026-07-27'),
('ZMBLRI91E62H501K', '11:00:00', '17:00:00', '2026-07-27'),
('GLLGCM88S04F205P', '13:00:00', '18:00:00', '2026-07-27'),
('MRLLNE95B54L219H', '15:00:00', '22:00:00', '2026-07-27'),
('FBBDNL82M30H501T', '10:30:00', '16:30:00', '2026-07-27'),
('NRESFO93H65F205J', '12:00:00', '19:00:00', '2026-07-27'),
('RLNTMS88B14H503Q', '14:00:00', '21:00:00', '2026-07-27'),
('NRRCNZ90C52F207R', '16:00:00', '23:00:00', '2026-07-27'),
('SNNNRC83S25L215Z', '11:30:00', '16:30:00', '2026-07-27'),
('GRDSLV94D44H508X', '13:30:00', '20:30:00', '2026-07-27'),
('VLLLND89R10F203W', '15:00:00', '22:00:00', '2026-07-27'),
('MNCPTR77A55L213D', '10:00:00', '17:00:00', '2026-07-27'),
('LRSSFN86L08H503C', '12:00:00', '18:00:00', '2026-07-27'),
('BSSDBR93P62F205F', '14:00:00', '21:00:00', '2026-07-27'),
('MNCMRO85E19L219G', '16:00:00', '23:00:00', '2026-07-27'),
('MNTGLN91T70H501E', '11:00:00', '16:00:00', '2026-07-27'),
('PLLMNL97B05F205L', '13:00:00', '19:00:00', '2026-07-27'),
('VLNCST82H55L219K', '15:30:00', '22:30:00', '2026-07-27'),
('SPTLGU80C03H501M', '10:00:00', '15:00:00', '2026-07-27'),
('RMNTRE95R62F205H', '12:00:00', '19:00:00', '2026-07-27'),
('RCCPLA84D12F205S', '14:30:00', '21:30:00', '2026-07-27'),
('GLLSMN92M59L219J', '16:00:00', '23:00:00', '2026-07-27'),
('RVAMTT87E25H501K', '11:00:00', '17:00:00', '2026-07-27'),
('DTTVNT96A70F205P', '13:00:00', '18:00:00', '2026-07-27'),
('MRTFBA81S14L219Q', '15:00:00', '22:00:00', '2026-07-27'),
('PRDLNE94P42H501B', '10:30:00', '16:30:00', '2026-07-27'),
('BRNDNL88L28F205M', '12:00:00', '19:00:00', '2026-07-27'),
('SRRCHR93B55L219Y', '14:00:00', '21:00:00', '2026-07-27'),
('DLCLSS85R10H501W', '16:00:00', '23:00:00', '2026-07-27'),
('CSTFRC90T44F205G', '11:30:00', '16:30:00', '2026-07-27'),
('LMBMRC83H22L219R', '13:30:00', '20:30:00', '2026-07-27'),
('FNTSRA97C48H501Z', '15:00:00', '22:00:00', '2026-07-27'),
('GRSGCM89A25F205T', '10:00:00', '17:00:00', '2026-07-27'),
('PRSMRT82S51L219X', '12:00:00', '18:00:00', '2026-07-27'),
('FRRRCR95L14H501V', '14:00:00', '21:00:00', '2026-07-27'),
('MRNLRI86M70F205A', '16:00:00', '23:00:00', '2026-07-27'),
('GRRDVD91D05L219O', '11:00:00', '16:00:00', '2026-07-27'),
('RSSBBR79E60H501N', '13:00:00', '19:00:00', '2026-07-27'),
('BNCNNA92E60F205D', '15:30:00', '22:30:00', '2026-07-27'),
('VRDLUC88S04L219P', '10:00:00', '15:00:00', '2026-07-27'),
('RZZLNE95L68H501Q', '12:00:00', '19:00:00', '2026-07-27'),
('NRRRRT80P14F205W', '14:30:00', '21:30:00', '2026-07-27'),
('RSSFDR84M22H501U', '16:00:00', '23:00:00', '2026-07-27'),
('MRTGRG87D18L219V', '11:00:00', '17:00:00', '2026-07-27'),
('PLLFNC93S62H501Y', '13:00:00', '18:00:00', '2026-07-27'),
('SRRCLD82A30F205T', '15:00:00', '22:00:00', '2026-07-27'),
('CRSMTN96H45L219K', '10:30:00', '16:30:00', '2026-07-27'),
('FNTNDR89P14H501X', '12:00:00', '19:00:00', '2026-07-27'),
('LNGSMN91C67F205W', '14:00:00', '21:00:00', '2026-07-27'),
('VLLDVD84T10L219O', '16:00:00', '23:00:00', '2026-07-27'),
('MRNPLA95B68H501E', '11:30:00', '16:30:00', '2026-07-27'),
('GTTNZE80L19F205B', '13:30:00', '20:30:00', '2026-07-27'),
('BTTGRG84A25L219S', '15:00:00', '22:00:00', '2026-07-27'),
('GLLNGL90L54H501A', '10:00:00', '17:00:00', '2026-07-27'),
('SNNNCL87D10F205O', '12:00:00', '18:00:00', '2026-07-27'),
('MRCHRS93S68L219U', '14:00:00', '21:00:00', '2026-07-27'),
('CNTSVT81T12H501I', '16:00:00', '23:00:00', '2026-07-27'),
('DLCBBR94M58F205P', '11:00:00', '16:00:00', '2026-07-27'),
('GRDMSM86P08L219T', '13:00:00', '19:00:00', '2026-07-27'),
('RZZSMN96C43H501R', '15:30:00', '22:30:00', '2026-07-27'),
('MNCFBZ82R15F205B', '10:00:00', '15:00:00', '2026-07-27'),
('MRTDNL92B45L219M', '12:00:00', '19:00:00', '2026-07-27'),
('LNECLD78S20H501N', '14:30:00', '21:30:00', '2026-07-27'),
('SNNBTR98D62F205V', '16:00:00', '23:00:00', '2026-07-27'),
('FBBMNL85E30L219Q', '11:00:00', '17:00:00', '2026-07-27'),
('VTLSBR91H58H501F', '13:00:00', '18:00:00', '2026-07-27'),
('MRNVLR88P01F205W', '15:00:00', '22:00:00', '2026-07-27'),
('MRCHLS97T52L219K', '10:30:00', '16:30:00', '2026-07-27'),
('CRSMRA83M28H501X', '12:00:00', '19:00:00', '2026-07-27'),
('BRNVNS94S60F205C', '14:00:00', '21:00:00', '2026-07-27'),
('GRDTMS81D04L219D', '16:00:00', '23:00:00', '2026-07-27'),
('DNTCNZ96R50H501H', '11:30:00', '16:30:00', '2026-07-27'),
('SRTSLV79A55F205E', '13:30:00', '20:30:00', '2026-07-27'),
('VTLLND92L08L219B', '15:00:00', '22:00:00', '2026-07-27'),
('NREGSL91E54H501T', '10:00:00', '17:00:00', '2026-07-27'),
('SNTRGR84S22L219W', '12:00:00', '18:00:00', '2026-07-27'),
('BSOTZN96C70F205K', '14:00:00', '21:00:00', '2026-07-27'),
('DMCPSQ80M08L219Y', '16:00:00', '23:00:00', '2026-07-27'),
('RZZMRC87C12F205G', '11:00:00', '16:00:00', '2026-07-27'),
('FRRGLI95S44L219H', '13:00:00', '19:00:00', '2026-07-27'),
('BNCSTF82B25H501J', '15:30:00', '22:30:00', '2026-07-27'),
('RMNLSS90H70L219Z', '10:00:00', '15:00:00', '2026-07-27'),
('GLLRRT89T14F205K', '12:00:00', '19:00:00', '2026-07-27'),

('PNISND95B14H501F', '10:00:00', '19:00:00', '2026-07-27'),
('LROMNC90E62F205L', '10:00:00', '19:00:00', '2026-07-27'),
('MRIDVD88P08L219M', '10:00:00', '19:00:00', '2026-07-27'),
('BRTPLA96T52H501P', '10:00:00', '19:00:00', '2026-07-27'),
('FNTLCA93D04F205D', '10:00:00', '19:00:00', '2026-07-27'),
('VLLSRA97L55L219V', '10:00:00', '19:00:00', '2026-07-27'),
('LNGFBA91M14F205K', '10:00:00', '19:00:00', '2026-07-27'),
('SNTLNE94C65L219J', '10:00:00', '19:00:00', '2026-07-27'),
('MLERRT89R02H501G', '10:00:00', '19:00:00', '2026-07-27'),
('RVIMCH97T70F205D', '10:00:00', '19:00:00', '2026-07-27'),
('DSOMRC92E18L219S', '10:00:00', '19:00:00', '2026-07-27'),
('GRSSNO95L47H501W', '10:00:00', '19:00:00', '2026-07-27'),

('RGGNZO82R10H501A', '10:00:00', '17:00:00', '2026-07-27'),
('BNIMRT89A65F205C', '12:00:00', '18:00:00', '2026-07-27'),
('DRESFN85H30L219L', '14:00:00', '21:00:00', '2026-07-27'),
('PCALRI94S60H501M', '16:00:00', '23:00:00', '2026-07-27'),
('RVIGCM83D12L219H', '11:00:00', '16:00:00', '2026-07-27'),
('LNTSMN91P45H501F', '13:00:00', '19:00:00', '2026-07-27'),
('ZNNDRA87S22F205C', '15:30:00', '22:30:00', '2026-07-27'),
('BSOVLR95A58L219Z', '10:00:00', '15:00:00', '2026-07-27'),
('RZZDNL86B12F205X', '12:00:00', '19:00:00', '2026-07-27');

/*Pulizia Bagno*/
insert into pulizia_b(codiceBagno, CF)
values (4, 'FBBMNL85E30L219Q'), (12, 'VTLSBR91H58H501F'), (2, 'MRNVLR88P01F205W'), (7, 'MRCHLS97T52L219K'),
(7, 'CRSMRA83M28H501X'), (11, 'BRNVNS94S60F205C'), (12, 'GRDTMS81D04L219D'), (5, 'DNTCNZ96R50H501H'),
(1, 'SRTSLV79A55F205E'), (8, 'VTLLND92L08L219B'), (6, 'FBBMNL85E30L219Q'), (2, 'VTLSBR91H58H501F'),
(4, 'CRSMRA83M28H501X'), (9, 'BRNVNS94S60F205C'), (5, 'GRDTMS81D04L219D'),
(8, 'DNTCNZ96R50H501H'), (6, 'VTLLND92L08L219B');

/*Pulizia Attrazione*/
insert into pulizia_a(codiceAttivita, CF)
values (1, 'FBBMNL85E30L219Q'), (2, 'VTLSBR91H58H501F'), (3, 'MRNVLR88P01F205W'), (4, 'MRCHLS97T52L219K'), (5, 'CRSMRA83M28H501X'),
(6, 'BRNVNS94S60F205C'), (7, 'GRDTMS81D04L219D'), (8, 'DNTCNZ96R50H501H'), (9, 'SRTSLV79A55F205E'), (10, 'VTLLND92L08L219B'),
(11, 'NREGSL91E54H501T'), (12, 'SNTRGR84S22L219W'), (13, 'BSOTZN96C70F205K'), (14, 'DMCPSQ80M08L219Y'), (15, 'FBBMNL85E30L219Q'),
(16, 'VTLSBR91H58H501F'), (17, 'MRNVLR88P01F205W'), (18, 'MRCHLS97T52L219K'), (19, 'CRSMRA83M28H501X'), (20, 'BRNVNS94S60F205C'),
(21, 'GRDTMS81D04L219D'), (22, 'DNTCNZ96R50H501H'), (23, 'SRTSLV79A55F205E'), (24, 'VTLLND92L08L219B'), (25, 'NREGSL91E54H501T'),
(26, 'SNTRGR84S22L219W'), (27, 'BSOTZN96C70F205K'), (28, 'DMCPSQ80M08L219Y'), (29, 'FBBMNL85E30L219Q'), (30, 'VTLSBR91H58H501F'),
(31, 'MRNVLR88P01F205W'), (32, 'MRCHLS97T52L219K'), (33, 'CRSMRA83M28H501X'), (34, 'BRNVNS94S60F205C'), (35, 'GRDTMS81D04L219D'),
(36, 'DNTCNZ96R50H501H'), (37, 'SRTSLV79A55F205E'), (38, 'VTLLND92L08L219B'), (39, 'NREGSL91E54H501T'), (40, 'SNTRGR84S22L219W'),
(41, 'BSOTZN96C70F205K'), (42, 'DMCPSQ80M08L219Y'), (43, 'FBBMNL85E30L219Q'), (44, 'VTLSBR91H58H501F'), (45, 'MRNVLR88P01F205W'),
(46, 'MRCHLS97T52L219K'), (47, 'CRSMRA83M28H501X'), (48, 'BRNVNS94S60F205C'), (49, 'GRDTMS81D04L219D'), (50, 'DNTCNZ96R50H501H'),
(51, 'SRTSLV79A55F205E'), (52, 'VTLLND92L08L219B'), (53, 'NREGSL91E54H501T'), (54, 'SNTRGR84S22L219W'), (55, 'BSOTZN96C70F205K'),
(56, 'DMCPSQ80M08L219Y'), (57, 'FBBMNL85E30L219Q'), (58, 'VTLSBR91H58H501F');

/*Esibizione evento*/
insert into esibizione_e(codiceEvento, CF, ruolo)
values (1, 'BTTGRG84A25L219S', 'attore'), (1, 'GLLNGL90L54H501A', 'ballerino'), (1, 'SNNNCL87D10F205O', 'cantante'), (1, 'MRCHRS93S68L219U', 'stuntman'),
(1, 'CNTSVT81T12H501I', 'attore'), (2, 'DLCBBR94M58F205P', 'ballerino'), (2, 'GRDMSM86P08L219T', 'ballerino'), (2, 'RZZSMN96C43H501R', 'stuntman'),
(2, 'MNCFBZ82R15F205B', 'attore'), (3, 'MRTDNL92B45L219M', 'ballerino'), (3, 'LNECLD78S20H501N', 'ballerino'), (3, 'SNNBTR98D62F205V', 'stuntman'),
(4, 'BTTGRG84A25L219S', 'ballerino'), (4, 'GLLNGL90L54H501A', 'cantante'), (4, 'SNNNCL87D10F205O', 'attore'), (5, 'MRCHRS93S68L219U', 'stuntman'),
(5, 'CNTSVT81T12H501I', 'cantante'), (5, 'DLCBBR94M58F205P', 'attore'), (6, 'GRDMSM86P08L219T', 'ballerino'), (6, 'RZZSMN96C43H501R', 'stuntman'),
(7, 'MNCFBZ82R15F205B', 'ballerino'), (7, 'MRTDNL92B45L219M', 'attore'), (8, 'LNECLD78S20H501N', 'ballerino'), (8, 'SNNBTR98D62F205V', 'stuntman'),
(9, 'BTTGRG84A25L219S', 'ballerino'), (9, 'GLLNGL90L54H501A', 'attore'), (10, 'SNNNCL87D10F205O', 'ballerino'), (10, 'MRCHRS93S68L219U', 'stuntman'),
(11, 'CNTSVT81T12H501I', 'ballerino'), (11, 'DLCBBR94M58F205P', 'attore'), (11, 'GRDMSM86P08L219T', 'ballerino'), (3, 'RZZSMN96C43H501R', 'stuntman'),
(1, 'MNCFBZ82R15F205B', 'ballerino'), (11, 'MRTDNL92B45L219M', 'attore'), (2, 'LNECLD78S20H501N', 'ballerino'), (4, 'SNNBTR98D62F205V', 'stuntman'),
(5, 'BTTGRG84A25L219S', 'attore'), (6, 'GLLNGL90L54H501A', 'ballerino'), (7, 'SNNNCL87D10F205O', 'cantante'), (8, 'MRCHRS93S68L219U', 'stuntman'),
(9, 'CNTSVT81T12H501I', 'ballerino'), (1, 'DLCBBR94M58F205P', 'cantante'), (1, 'GRDMSM86P08L219T', 'stuntman'), (1, 'RZZSMN96C43H501R', 'attore'),
(3, 'MNCFBZ82R15F205B', 'ballerino'), (2, 'MRTDNL92B45L219M', 'ballerino'), (6, 'LNECLD78S20H501N', 'stuntman'), (2, 'SNNBTR98D62F205V', 'attore'),
(3, 'BTTGRG84A25L219S', 'stuntman'), (3, 'GLLNGL90L54H501A', 'attore'), (5, 'SNNNCL87D10F205O', 'ballerino'), (4, 'MRCHRS93S68L219U', 'cantante'),
(4, 'CNTSVT81T12H501I', 'stuntman'), (6, 'DLCBBR94M58F205P', 'attore'), (7, 'GRDMSM86P08L219T', 'stuntman'), (8, 'RZZSMN96C43H501R', 'attore'),
(9, 'MNCFBZ82R15F205B', 'ballerino'), (10, 'MRTDNL92B45L219M', 'cantante'), (11, 'LNECLD78S20H501N', 'stuntman'), (1, 'SNNBTR98D62F205V', 'attore');

/*Esibizione Spettacolo*/
insert into esibizione_s(CF, codiceReplica, ruolo)
values ('BTTGRG84A25L219S', 1, 'attore'), ('GLLNGL90L54H501A', 2, 'ballerino'), ('SNNNCL87D10F205O', 3, 'cantante'),
('MRCHRS93S68L219U', 4, 'stuntman'), ('CNTSVT81T12H501I', 5, 'attore'), ('DLCBBR94M58F205P', 1, 'ballerino'),
('GRDMSM86P08L219T', 2, 'cantante'), ('RZZSMN96C43H501R', 3, 'stuntman'), ('MNCFBZ82R15F205B', 4, 'attore'),
('MRTDNL92B45L219M', 5, 'ballerino'), ('LNECLD78S20H501N', 1, 'cantante'), ('SNNBTR98D62F205V', 2, 'stuntman'),
('BTTGRG84A25L219S', 3, 'ballerino'), ('GLLNGL90L54H501A', 4, 'ballerino'), ('SNNNCL87D10F205O', 5, 'attore'),
('MRCHRS93S68L219U', 1, 'ballerino'), ('CNTSVT81T12H501I', 2, 'stuntman'), ('DLCBBR94M58F205P', 3, 'attore'),
('GRDMSM86P08L219T', 4, 'ballerino'), ('RZZSMN96C43H501R', 5, 'cantante'), ('MNCFBZ82R15F205B', 1, 'stuntman'),
('MRTDNL92B45L219M', 2, 'attore'), ('LNECLD78S20H501N', 3, 'ballerino'), ('SNNBTR98D62F205V', 4, 'cantante'),
('BTTGRG84A25L219S', 5, 'stuntman'), ('GLLNGL90L54H501A', 1, 'attore'), ('SNNNCL87D10F205O', 2, 'ballerino'),
('MRCHRS93S68L219U', 3, 'cantante'), ('CNTSVT81T12H501I', 4, 'attore'), ('DLCBBR94M58F205P', 5, 'stuntman');
