insert into lavoratore(nome, cognome, dataNascita, CF, numeroTelefono, e_mail, mansione, dataInizioContratto, stipendio,
						codiceAttivita_puntoRistoro, codiceAttivita_negozio, nomeGiostra, nomeAreaTematiche, nomeRuota,
                        nomeAttrazionePaura)
values
('Mario', 'Rossi', '1985-03-12', 'RSSMRA85C12H501Z', '3331234567', 'm.rossi@email.it', 'COMMESSO', '2023-01-15', 1320.00, null, null, null, null, null, null),
('Giulia', 'Bianchi', '1992-07-22', 'BNCHGL92L62F205A', '3479876543', 'g.bianchi@email.it', 'COMMESSO', '2022-05-10', 1300.00, null, null, null, null, null, null),
('Luca', 'Verdi', '1980-11-05', 'VRDLCA80S05L219X', '3201122334', 'l.verdi@email.it', 'COMMESSO', '2021-03-01', 1310.00, null, null, null, null, null, null),
('Anna', 'Neri', '1995-12-30', 'NREANN95T70H501Q', '3385566778', 'a.neri@email.it', 'COMMESSO', '2023-06-20', 1330.00, null, null, null, null, null, null),
('Marco', 'Galli', '1988-02-14', 'GLLMRC88B14F205D', '3293344556', 'm.galli@email.it', 'COMMESSO', '2022-11-12', 1340.00, null, null, null, null, null, null),
('Elena', 'Rizzo', '1990-09-08', 'RZZLNE90P48L219W', '3407788990', 'e.rizzo@email.it', 'COMMESSO', '2020-02-25', 1315.00, null, null, null, null, null, null),
('Paolo', 'Ferrari', '1975-05-19', 'FRRPLA75E19H501B', '3312233445', 'p.ferrari@email.it', 'COMMESSO', '2019-09-15', 1325.00, null, null, null, null, null, null),
('Sofia', 'Russo', '1998-01-25', 'RSSSFO98A65F205C', '3456677889', 's.russo@email.it', 'COMMESSO', '2023-08-01', 1345.00, null, null, null, null, null, null),
('Matteo', 'Romano', '1983-04-10', 'RMNMTT83D10L219K', '3281112223', 'm.romano@email.it', 'COMMESSO', '2021-05-12', 1305.00, null, null, null, null, null, null),
('Chiara', 'Colombo', '1994-06-15', 'CLMCHR94M55H501Y', '3349900112', 'c.colombo@email.it', 'COMMESSO', '2022-03-10', 1335.00, null, null, null, null, null, null),
('Davide', 'Bruno', '1987-10-22', 'BRNDVD87R22F205J', '3471122334', 'd.bruno@email.it', 'COMMESSO', '2023-02-15', 1315.00, null, null, null, null, null, null),
('Francesca', 'Ricci', '1991-03-03', 'RCCFNC91C43L219S', '3205566778', 'f.ricci@email.it', 'COMMESSO', '2022-07-01', 1340.00, null, null, null, null, null, null),
('Andrea', 'Marino', '1982-08-18', 'MRNNDR82M18H501V', '3398899001', 'a.marino@email.it', 'COMMESSO', '2021-01-20', 1320.00, null, null, null, null, null, null),
('Valentina', 'Greco', '1996-11-28', 'GRCVNT96S68F205M', '3462233445', 'v.greco@email.it', 'COMMESSO', '2023-05-15', 1300.00, null, null, null, null, null, null),
('Simone', 'Barbieri', '1989-12-12', 'BRBSMN89T12L219O', '3357788990', 's.barbieri@email.it', 'COMMESSO', '2020-06-10', 1325.00, null, null, null, null, null, null),
('Alice', 'Lombardi', '1993-02-05', 'LMBALC93B45H501P', '3274455667', 'a.lombardi@email.it', 'COMMESSO', '2022-09-01', 1330.00, null, null, null, null, null, null),
('Antonio', 'Moretti', '1978-07-14', 'MRTNTN78L14F205G', '3491122334', 'a.moretti@email.it', 'COMMESSO', '2018-04-12', 1345.00, null, null, null, null, null, null),
('Giorgia', 'Ponti', '1997-04-22', 'PNTGRG97D62L219U', '3335544332', 'g.ponti@email.it', 'COMMESSO', '2023-10-05', 1310.00, null, null, null, null, null, null),
('Riccardo', 'Costa', '1984-05-30', 'CSTRCC84E30H501E', '3289988776', 'r.costa@email.it', 'COMMESSO', '2021-12-01', 1320.00, null, null, null, null, null, null),
('Marta', 'Fontana', '1990-10-10', 'FNTMRT90R50F205R', '3406677881', 'm.fontana@email.it', 'COMMESSO', '2022-01-15', 1335.00, null, null, null, null, null, null),

('Fabio', 'Guerra', '1986-06-18', 'GRRFBA86H18L219T', '3314455660', 'f.guerra@email.it', 'RISTORATORE', '2023-04-10', 1530.00, null, null, null, null, null, null),
('Sara', 'Bernardi', '1995-09-01', 'BRNSRA95P41H501N', '3421122334', 's.bernardi@email.it', 'RISTORATORE', '2022-08-20', 1550.00, null, null, null, null, null, null),
('Roberto', 'Pellegrini', '1981-01-15', 'PLLRRT81A15F205W', '3358877665', 'r.pellegrini@email.it', 'RISTORATORE', '2021-04-05', 1510.00, null, null, null, null, null, null),
('Erika', 'Mazza', '1993-08-28', 'MZZRKE93M68L219B', '3483344556', 'e.mazza@email.it', 'RISTORATORE', '2023-01-12', 1540.00, null, null, null, null, null, null),
('Lorenzo', 'Villa', '1989-11-20', 'VLLLNZ89S20H501C', '3395566778', 'l.villa@email.it', 'RISTORATORE', '2022-02-14', 1520.00, null, null, null, null, null, null),
('Stefania', 'Rinaldi', '1992-04-04', 'RNLSFN92D44F205H', '3209900112', 's.rinaldi@email.it', 'RISTORATORE', '2021-06-30', 1560.00, null, null, null, null, null, null),
('Daniele', 'Serra', '1985-02-25', 'SRRDNL85B25L219G', '3341122334', 'd.serra@email.it', 'RISTORATORE', '2020-10-01', 1500.00, null, null, null, null, null, null),
('Martina', 'Caruso', '1994-03-12', 'CRSMRN94C52H501D', '3474455667', 'm.caruso@email.it', 'RISTORATORE', '2023-03-20', 1535.00, null, null, null, null, null, null),
('Alessandro', 'Messina', '1979-12-05', 'MSSLSN79T05F205Z', '3338877665', 'a.messina@email.it', 'RISTORATORE', '2019-01-15', 1515.00, null, null, null, null, null, null),
('Alessia', 'Leone', '1996-05-18', 'LNELSS96E58L219F', '3401122334', 'a.leone@email.it', 'RISTORATORE', '2022-12-05', 1545.00, null, null, null, null, null, null),
('Gabriele', 'Gatti', '1988-06-30', 'GTTGRL88H30H501M', '3315566778', 'g.gatti@email.it', 'RISTORATORE', '2023-07-10', 1525.00, null, null, null, null, null, null),
('Federica', 'Piras', '1991-10-15', 'PRSFNC91R55F205S', '3424455667', 'f.piras@email.it', 'RISTORATORE', '2021-11-20', 1555.00, null, null, null, null, null, null),
('Giacomo', 'Sala', '1983-09-08', 'SLAGCM83P08L219J', '3352233445', 'g.sala@email.it', 'RISTORATORE', '2020-04-15', 1505.00, null, null, null, null, null, null),
('Beatrice', 'Farina', '1995-07-12', 'FRNBTR95L52H501L', '3489900112', 'b.farina@email.it', 'RISTORATORE', '2023-05-01', 1530.00, null, null, null, null, null, null),
('Filippo', 'Boni', '1980-02-28', 'BNOFPP80B28F205K', '3206677889', 'f.boni@email.it', 'RISTORATORE', '2018-09-01', 1540.00, null, null, null, null, null, null),
('Veronica', 'Pellegrino', '1992-12-22', 'PLLVNC92T62L219N', '3343344556', 'v.pellegrino@email.it', 'RISTORATORE', '2022-04-12', 1510.00, null, null, null, null, null, null),
('Igor', 'Morelli', '1986-01-10', 'MRLGRI86A10H501O', '3475566778', 'i.morelli@email.it', 'RISTORATORE', '2021-10-25', 1550.00, null, null, null, null, null, null),
('Ludovica', 'D Amico', '1997-08-05', 'DMCLDV97M45F205P', '3331122334', 'l.damico@email.it', 'RISTORATORE', '2023-02-01', 1525.00, null, null, null, null, null, null),

('Christian', 'Parisi', '1984-11-15', 'PRSCRS84S15L219A', '3402233445', 'c.parisi@email.it', 'ADDETTO PARCO', '2022-06-15', 1420.00, null, null, null, null, null, null),
('Noemi', 'Riva', '1998-03-30', 'RVINMI98C70H501G', '3318899001', 'n.riva@email.it', 'ADDETTO PARCO', '2023-09-12', 1400.00, null, null, null, null, null, null),
('Claudio', 'Fabbri', '1982-05-05', 'FBBCLD82E05F205V', '3426677889', 'c.fabbri@email.it', 'ADDETTO PARCO', '2021-02-20', 1410.00, null, null, null, null, null, null),
('Sabrina', 'Donati', '1990-04-18', 'DNTSBN90D58L219R', '3354455667', 's.donati@email.it', 'ADDETTO PARCO', '2020-05-15', 1430.00, null, null, null, null, null, null),
('Emanuele', 'Palmieri', '1987-07-25', 'PLMMNL87L25H501F', '3481122334', 'e.palmieri@email.it', 'ADDETTO PARCO', '2023-01-05', 1440.00, null, null, null, null, null, null),
('Rachele', 'Fiori', '1993-10-12', 'FRIRCL93R52F205E', '3203344556', 'r.fiori@email.it', 'ADDETTO PARCO', '2022-08-10', 1415.00, null, null, null, null, null, null),
('Mirko', 'Lupi', '1985-11-20', 'LPUMRK85S20L219H', '3345566778', 'm.lupi@email.it', 'ADDETTO PARCO', '2021-03-12', 1425.00, null, null, null, null, null, null),
('Ilaria', 'Vitali', '1994-02-28', 'VTLRLI94B68H501I', '3478899001', 'i.vitali@email.it', 'ADDETTO PARCO', '2023-04-15', 1405.00, null, null, null, null, null, null),
('Valerio', 'Mariani', '1981-06-08', 'MRNVLR81H08F205L', '3332233445', 'v.mariani@email.it', 'ADDETTO PARCO', '2020-11-01', 1435.00, null, null, null, null, null, null),
('Camilla', 'Sartori', '1996-09-12', 'SRTCML96P52L219M', '3404455667', 'c.sartori@email.it', 'ADDETTO PARCO', '2022-02-20', 1410.00, null, null, null, null, null, null),
('Gianluca', 'Guerra', '1979-04-30', 'GRRGLC79D30H501B', '3316677889', 'g.guerra@email.it', 'ADDETTO PARCO', '2017-06-01', 1445.00, null, null, null, null, null, null),
('Paola', 'Ferri', '1991-01-10', 'FRRPLA91A50F205N', '3428899001', 'p.ferri@email.it', 'ADDETTO PARCO', '2021-12-15', 1400.00, null, null, null, null, null, null),
('Mauro', 'Gatti', '1984-08-22', 'GTTMRA84M22L219P', '3351122334', 'm.gatti@email.it', 'ADDETTO PARCO', '2022-05-01', 1430.00, null, null, null, null, null, null),
('Elisa', 'Pellegrini', '1995-11-05', 'PLLELS95S45H501S', '3484455667', 'e.pellegrini@email.it', 'ADDETTO PARCO', '2023-07-20', 1415.00, null, null, null, null, null, null),
('Renato', 'Carli', '1976-12-18', 'CRLRNT76T18F205T', '3209988776', 'r.carli@email.it', 'ADDETTO PARCO', '2019-03-10', 1420.00, null, null, null, null, null, null),
('Vanessa', 'Basile', '1992-05-30', 'BSLVNS92E70L219V', '3347788990', 'v.basile@email.it', 'ADDETTO PARCO', '2021-10-01', 1440.00, null, null, null, null, null, null),

('Tommaso', 'Orlando', '1988-02-14', 'RLNTMS88B14H501Q', '3472233445', 't.orlando@email.it', 'ADDETTO SICUREZZA', '2022-09-15', 1620.00, null, null, null, null, null, null),
('Cinzia', 'Neri', '1990-03-12', 'NRRCNZ90C52F205R', '3335566778', 'c.negri@email.it', 'ADDETTO SICUREZZA', '2023-01-30', 1650.00, null, null, null, null, null, null),
('Enrico', 'Sanna', '1983-11-25', 'SNNNRC83S25L219Z', '3401122334', 'e.sanna@email.it', 'ADDETTO SICUREZZA', '2020-07-12', 1610.00, null, null, null, null, null, null),
('Silvia', 'Giraudo', '1994-04-04', 'GRDSLV94D44H501X', '3313344556', 's.giraudo@email.it', 'ADDETTO SICUREZZA', '2022-06-20', 1640.00, null, null, null, null, null, null),
('Leonardo', 'Valli', '1989-10-10', 'VLLLND89R10F205W', '3425566778', 'l.valli@email.it', 'ADDETTO SICUREZZA', '2021-11-05', 1630.00, null, null, null, null, null, null),
('Patrizia', 'Manca', '1977-01-15', 'MNCPTR77A55L219D', '3358899001', 'p.manca@email.it', 'ADDETTO SICUREZZA', '2018-02-14', 1655.00, null, null, null, null, null, null),
('Stefano', 'Lorusso', '1986-07-08', 'LRSSFN86L08H501C', '3482233445', 's.lorusso@email.it', 'ADDETTO SICUREZZA', '2023-03-01', 1625.00, null, null, null, null, null, null),
('Debora', 'Basso', '1993-09-22', 'BSSDBR93P62F205F', '3205544332', 'd.basso@email.it', 'ADDETTO SICUREZZA', '2022-11-10', 1645.00, null, null, null, null, null, null),
('Omar', 'Mancini', '1985-05-19', 'MNCMRO85E19L219G', '3349988776', 'o.mancini@email.it', 'ADDETTO SICUREZZA', '2021-01-15', 1600.00, null, null, null, null, null, null),
('Giuliana', 'Monti', '1991-12-30', 'MNTGLN91T70H501E', '3476677889', 'g.monti@email.it', 'ADDETTO SICUREZZA', '2023-05-12', 1635.00, null, null, null, null, null, null),
('Manuel', 'Pellegrino', '1997-02-05', 'PLLMNL97B05F205L', '3334455667', 'm.pellegrino@email.it', 'ADDETTO SICUREZZA', '2022-08-01', 1615.00, null, null, null, null, null, null),
('Cristina', 'Valenti', '1982-06-15', 'VLNCST82H55L219K', '3408877665', 'c.valenti@email.it', 'ADDETTO SICUREZZA', '2021-04-20', 1645.00, null, null, null, null, null, null),
('Luigi', 'Esposito', '1980-03-03', 'SPTLGU80C03H501M', '3311122334', 'l.esposito@email.it', 'ADDETTO SICUREZZA', '2019-10-15', 1660.00, null, null, null, null, null, null),
('Teresa', 'Romano', '1995-10-22', 'RMNTRE95R62F205H', '3423344556', 't.romano@email.it', 'ADDETTO SICUREZZA', '2023-09-01', 1620.00, null, null, null, null, null, null),

('Giorgio', 'Battaglia', '1984-01-25', 'BTTGRG84A25L219S', '3355566778', 'g.battaglia@email.it', 'ARTISTA', '2022-02-14', 2150.00, null, null, null, null, null, null),
('Angela', 'Gallo', '1990-07-14', 'GLLNGL90L54H501A', '3487788990', 'a.gallo@email.it', 'ARTISTA', '2020-12-05', 2200.00, null, null, null, null, null, null),
('Nicola', 'Sanna', '1987-04-10', 'SNNNCL87D10F205O', '3201122334', 'n.sanna@email.it', 'ARTISTA', '2021-06-10', 2100.00, null, null, null, null, null, null),
('Rosa', 'Marchetti', '1993-11-28', 'MRCHRS93S68L219U', '3345544332', 'r.rosa@email.it', 'ARTISTA', '2022-03-30', 2180.00, null, null, null, null, null, null),
('Salvatore', 'Conti', '1981-12-12', 'CNTSVT81T12H501I', '3479900112', 's.conti@email.it', 'ARTISTA', '2019-05-15', 2250.00, null, null, null, null, null, null),
('Barbara', 'De Luca', '1994-08-18', 'DLCBBR94M58F205P', '3336677881', 'b.deluca@email.it', 'ARTISTA', '2023-02-20', 2120.00, null, null, null, null, null, null),
('Massimo', 'Giordano', '1986-09-08', 'GRDMSM86P08L219T', '3402233445', 'm.giordano@email.it', 'ARTISTA', '2020-09-01', 2160.00, null, null, null, null, null, null),
('Simona', 'Rizzi', '1996-03-03', 'RZZSMN96C43H501R', '3318877665', 's.rizzi@email.it', 'ARTISTA', '2022-07-10', 2140.00, null, null, null, null, null, null),
('Fabrizio', 'Mancini', '1982-10-15', 'MNCFBZ82R15F205B', '3421122334', 'f.mancini@email.it', 'ARTISTA', '2021-05-12', 2110.00, null, null, null, null, null, null),
('Daniela', 'Moretti', '1992-02-05', 'MRTDNL92B45L219M', '3354455667', 'd.moretti@email.it', 'ARTISTA', '2023-11-01', 2190.00, null, null, null, null, null, null),
('Claudio', 'Leone', '1978-11-20', 'LNECLD78S20H501N', '3489900112', 'c.leone@email.it', 'ARTISTA', '2018-08-20', 2050.00, null, null, null, null, null, null),
('Beatrice', 'Sanna', '1998-04-22', 'SNNBTR98D62F205V', '3206677889', 'b.sanna@email.it', 'ARTISTA', '2023-10-15', 2130.00, null, null, null, null, null, null),

('Emanuele', 'Fabbri', '1985-05-30', 'FBBMNL85E30L219Q', '3343344556', 'e.fabbri@email.it', 'PULITORE', '2021-04-12', 1260.00, null, null, null, null, null, null),
('Sabrina', 'Vitali', '1991-06-18', 'VTLSBR91H58H501F', '3475566778', 's.vitali@email.it', 'PULITORE', '2022-12-01', 1280.00, null, null, null, null, null, null),
('Valerio', 'Mariani', '1988-09-01', 'MRNVLR88P01F205W', '3331122334', 'v.mariani@email.it', 'PULITORE', '2020-02-14', 1250.00, null, null, null, null, null, null),
('Elisa', 'Marchetti', '1997-12-12', 'MRCHLS97T52L219K', '3402233445', 'e.marchetti@email.it', 'PULITORE', '2023-06-15', 1290.00, null, null, null, null, null, null),
('Mauro', 'Caruso', '1983-08-28', 'CRSMRA83M28H501X', '3318899001', 'm.caruso@email.it', 'PULITORE', '2021-08-10', 1270.00, null, null, null, null, null, null),
('Vanessa', 'Bernardi', '1994-11-20', 'BRNVNS94S60F205C', '3426677889', 'v.bernardi@email.it', 'PULITORE', '2022-09-20', 1255.00, null, null, null, null, null, null),
('Tommaso', 'Giraudo', '1981-04-04', 'GRDTMS81D04L219D', '3354455667', 't.giraudo@email.it', 'PULITORE', '2020-03-12', 1285.00, null, null, null, null, null, null),
('Cinzia', 'Donati', '1996-10-10', 'DNTCNZ96R50H501H', '3481122334', 'c.donati@email.it', 'PULITORE', '2023-04-05', 1275.00, null, null, null, null, null, null),
('Silvia', 'Sartori', '1979-01-15', 'SRTSLV79A55F205E', '3203344556', 's.sartori@email.it', 'PULITORE', '2019-11-20', 1265.00, null, null, null, null, null, null),
('Leonardo', 'Vitali', '1992-07-08', 'VTLLND92L08L219B', '3345566778', 'l.vitali@email.it', 'PULITORE', '2021-07-15', 1295.00, null, null, null, null, null, null),
('Gisella', 'Neri', '1991-05-14', 'NREGSL91E54H501T', '3339988770', 'g.neri.pul@email.it', 'PULITORE', '2023-02-10', 1275.00, null, null, null, null, null, null),
('Ruggero', 'Santi', '1984-11-22', 'SNTRGR84S22L219W', '3471122554', 'r.santi@email.it', 'PULITORE', '2022-09-01', 1290.00, null, null, null, null, null, null),
('Tiziana', 'Bosi', '1996-03-30', 'BSOTZN96C70F205K', '3205566332', 't.bosi@email.it', 'PULITORE', '2023-06-15', 1265.00, null, null, null, null, null, null),
('Pasquale', 'D Amico', '1980-08-08', 'DMCPSQ80M08L219Y', '3407788112', 'p.damico.staff@email.it', 'PULITORE', '2021-04-20', 1285.00, null, null, null, null, null, null),

('Sandro', 'Pini', '1995-02-14', 'PNISND95B14H501F', '3334455667', 's.pini@email.it', 'CASSIERE', '2023-03-01', 1370.00, null, null, null, null, null, null),
('Monica', 'Lori', '1990-05-22', 'LROMNC90E62F205L', '3471122334', 'm.lori@email.it', 'CASSIERE', '2022-06-15', 1380.00, null, null, null, null, null, null),
('Davide', 'Mori', '1988-09-08', 'MRIDVD88P08L219M', '3209988776', 'd.mori@email.it', 'CASSIERE', '2021-10-10', 1360.00, null, null, null, null, null, null),
('Paola', 'Berti', '1996-12-12', 'BRTPLA96T52H501P', '3346677889', 'p.berti@email.it', 'CASSIERE', '2023-01-20', 1390.00, null, null, null, null, null, null),
('Luca', 'Fante', '1993-04-04', 'FNTLCA93D04F205D', '3405566778', 'l.fante@email.it', 'CASSIERE', '2022-04-12', 1375.00, null, null, null, null, null, null),
('Sara', 'Villa', '1997-07-15', 'VLLSRA97L55L219V', '3312233445', 's.villa@email.it', 'CASSIERE', '2023-05-05', 1385.00, null, null, null, null, null, null),
('Fabio', 'Longo', '1991-08-14', 'LNGFBA91M14F205K', '3334455112', 'f.longo@email.it', 'CASSIERE', '2023-02-10', 1375.00, null, null, null, null, null, null),
('Elena', 'Santi', '1994-03-25', 'SNTLNE94C65L219J', '3471122990', 'e.santi@email.it', 'CASSIERE', '2022-11-05', 1380.00, null, null, null, null, null, null),
('Roberto', 'Mele', '1989-10-02', 'MLERRT89R02H501G', '3209988443', 'r.mele@email.it', 'CASSIERE', '2021-06-20', 1365.00, null, null, null, null, null, null),
('Chiara', 'Riva', '1997-12-30', 'RVIMCH97T70F205D', '3346677221', 'c.riva@email.it', 'CASSIERE', '2023-01-15', 1395.00, null, null, null, null, null, null),
('Marco', 'Dosi', '1992-05-18', 'DSOMRC92E18L219S', '3405566118', 'm.dosi@email.it', 'CASSIERE', '2022-04-01', 1370.00, null, null, null, null, null, null),
('Sonia', 'Grassi', '1995-07-07', 'GRSSNO95L47H501W', '3312233996', 's.grassi@email.it', 'CASSIERE', '2023-08-12', 1390.00, null, null, null, null, null, null),

('Enzo', 'Raggi', '1982-10-10', 'RGGNZO82R10H501A', '3481122334', 'e.raggi@email.it', 'MANUTENTORE', '2020-05-12', 1950.00, null, null, null, null, null, null),
('Marta', 'Bini', '1989-01-25', 'BNIMRT89A65F205C', '3203344556', 'm.bini@email.it', 'MANUTENTORE', '2022-02-14', 1900.00, null, null, null, null, null, null),
('Stefano', 'Dore', '1985-06-30', 'DRESFN85H30L219L', '3345566778', 's.dore@email.it', 'MANUTENTORE', '2021-09-01', 1880.00, null, null, null, null, null, null),
('Ilaria', 'Pace', '1994-11-20', 'PCALRI94S60H501M', '3478899001', 'i.pace@email.it', 'MANUTENTORE', '2023-04-15', 1920.00, null, null, null, null, null, null),
('Giacomo', 'Riva', '1983-04-12', 'RVIGCM83D12L219H', '3381122330', 'g.riva@email.it', 'MANUTENTORE', '2021-02-15', 1980.00, null, null, null, null, null, null),
('Simona', 'Lenti', '1991-09-05', 'LNTSMN91P45H501F', '3459988771', 's.lenti@email.it', 'MANUTENTORE', '2022-10-10', 1850.00, null, null, null, null, null, null),
('Andrea', 'Zanni', '1987-11-22', 'ZNNDRA87S22F205C', '3294455662', 'a.zanni@email.it', 'MANUTENTORE', '2020-03-01', 1930.00, null, null, null, null, null, null),
('Valeria', 'Bosi', '1995-01-18', 'BSOVLR95A58L219Z', '3317766554', 'v.bosi@email.it', 'MANUTENTORE', '2023-06-20', 1890.00, null, null, null, null, null, null),
('Daniele', 'Rizzo', '1986-02-12', 'RZZDNL86B12F205X', '3298877661', 'd.rizzo@email.it', 'MANUTENTORE', '2020-07-01', 1915.00, null, null, null, null, null, null);

insert into attrazione_di_paura(nomeAttrazionePaura, CF, disponibilita, prezzoAggiuntivo, dataInizio, dataFine)
values ('Phobia', 'MNCMRO85E19L219G', 'true', 15, '2026-04-01', '2026-10-31'), ('Mortal Circus', 'BSSDBR93P62F205F', 'true', 12, '2026-10-01', '2026-10-31'),
		('Acid Rain', 'LRSSFN86L08H501C', 'true', 0, '2026-10-01', '2026-10-31'), ('Llorona', 'MNCPTR77A55L219D', 'true', 0, '2026-04-01', '2026-10-31'),
        ('Zombie Tunnel', 'VLLLND89R10F205W', 'true', 5, '2026-9-01', '2026-10-31'), ('Ghost House', 'GRDSLV94D44H501X', 'true', 0, '2026-08-01', '2026-10-31'),
        ('Horror Forest', 'SNNNRC83S25L219Z', 'true', 8, '2026-04-01', '2026-10-31'), ('Red Wall', 'MNCPTR77A55L219D', 'false', 0, '2026-04-01', '2026-10-31'),
        ('Booo', 'NRRCNZ90C52F205R', 'true', 0, '2026-04-01', '2026-10-31'), ('Scary Tunnel', 'VLLLND89R10F205W', 'false', 15, '2025-04-01', '2025-10-31'),
        ('Scream', 'GRDSLV94D44H501X', 'false', 7, '2024-09-01', '2024-10-31'), ('Fireball', 'SNNNRC83S25L219Z', 'false', 0, '2024-04-01', '2024-10-31'),
        ('Escape Room', 'RLNTMS88B14H501Q', 'true', 12, '2026-04-01', '2026-10-31'), ('Help!', 'NRRCNZ90C52F205R', 'false', 3, '2022-04-01', '2022-10-31'),
        ('Ahooooo', 'RLNTMS88B14H501Q', 'false', 5, '2023-09-01', '2023-10-31');

insert into bagno(disponibilita, codiceBagno)
values ('true', 1), ('true', 2), ('false', 3), ('true', 4), ('true', 5), ('true', 6),
		('true', 7), ('true', 8), ('true', 9), ('false', 10), ('true', 11), ('true', 12);

insert into biglietto(codiceBiglietto, nomeBiglietto)
values (1, 'Giornaliero'), (2, 'Flash Pass'), (3, 'Pomeridiano'), (4, '2 giorni con pernottamento'),
		(5, 'Giornaliero'), (6, 'Pomeridiano'), (7, 'Pomeridiano'), (8, 'Flash Pass'),
        (9, 'Giornaliero'), (10, 'Flash Pass'), (11, '2 giorni con pernottamento'), (12, 'Flash Pass'),
        (13, 'Pomeridiano'), (14, 'Flash Pass'), (15, 'Giornaliero'), (16, '2 giorni con pernottamento'),
        (17, 'Giornaliero'), (18, '2 giorni con pernottamento'), (19, 'Pomeridiano'), (20, 'Giornaliero'),
        (21, 'Pomeridiano'), (22, 'Flash Pass'), (23, 'Giornaliero'), (24, 'Giornaliero'),
        (25, 'Giornaliero'), (26, '2 giorni con pernottamento'), (27, 'Flash Pass'), (28, 'Flash Pass'),
        (29, 'Pomeridiano'), (30, 'Giornaliero'), (31, '2 giorni con pernottamento'), (32, 'Pomeridiano'),
        (33, 'Flash Pass'), (34, 'Giornaliero'), (35, 'Giornaliero'), (36, 'Pomeridiano'),
        (37, 'Flash Pass'), (38, 'Giornaliero'), (39, 'Pomeridiano'), (40, 'Flash Pass'),
        (41, 'Giornaliero'), (42, 'Pomeridiano'), (43, '2 giorni con pernottamento'), (44, 'Giornaliero'),
        (45, '2 giorni con pernottamento'), (46, 'Pomeridiano'), (47, 'Flash Pass'), (48, 'Giornaliero'),
        (49, 'Flash Pass'), (50, 'Pomeridiano'), (51, 'Giornaliero'), (52, '2 giorni con pernottamento'),
        (53, 'Giornaliero'), (54, 'Pomeridiano'), (55, 'Giornaliero'), (56, 'Giornaliero'),
        (57, 'Flash Pass'), (58, 'Pomeridiano'), (59, 'Giornaliero'), (60, 'Pomeridiano'),
        (61, '2 giorni con pernottamento'), (62, 'Flash Pass'), (63, 'Giornaliero'), (64, 'Giornaliero'),
        (65, 'Pomeridiano'), (66, 'Flash Pass'), (67, 'Giornaliero'), (68, 'Flash Pass'), (69, 'Pomeridiano'),
        (70, '2 giorni con pernottamento'), (71, 'Giornaliero'), (72, 'Pomeridiano'), (73, '2 giorni con pernottamento'),
        (74, 'Flash Pass'), (75, 'Giornaliero'), (76, 'Pomeridiano'), (77, 'Flash Pass'), (78, 'Giornaliero'),
        (79, 'Giornaliero'), (80, 'Pomeridiano'), (81, 'Flash Pass'), (82, '2 giorni con pernottamento'), (83, 'Giornaliero'),
        (84, 'Pomeridiano'), (85, 'Flash Pass'), (86, 'Giornaliero'), (87, 'Giornaliero'), (88, 'Pomeridiano'),
        (89, 'Flash Pass'), (90, 'Giornaliero'), (91, '2 giorni con pernottamento'), (92, 'Pomeridiano'), (93, 'Flash Pass'),
        (94, 'Giornaliero'), (95, 'Giornaliero'), (96, 'Pomeridiano'), (97, 'Flash Pass'),
        (98, '2 giorni con pernottamento'), (99, 'Giornaliero'), (100, 'Pomeridiano');

insert into cassa(numeroCassa, CF, orarioApertura, orarioChiusura, stato)
values ('1', 'PNISND95B14H501F', 10.00, 19.00, 'aperta'), ('2', 'LROMNC90E62F205L', 10.00, 19.00, 'aperta'),
		('3', 'MRIDVD88P08L219M', 10.00, 19.00, 'aperta'), ('4', 'BRTPLA96T52H501P', 10.00, 19.00, 'aperta'),
        ('5', 'FNTLCA93D04F205D', 10.00, 19.00, 'chiusa'), ('6', 'VLLSRA97L55L219V', 10.00, 19.00, 'aperta'),
        ('7', 'LNGFBA91M14F205K', 10.00, 19.00, 'chiusa'), ('8', 'SNTLNE94C65L219J', 10.00, 19.00, 'aperta'),
        ('9', 'MLERRT89R02H501G', 10.00, 19.00, 'aperta'), ('10', 'RVIMCH97T70F205D', 10.00, 19.00, 'aperta'),
        ('11', 'DSOMRC92E18L219S', 10.00, 19.00, 'chiusa'), ('12', 'GRSSNO95L47H501W', 10.00, 19.00, 'chiusa');

insert into manutenzione(codiceManutenzione, dataInizio, tipoGuasto, dataFine, impiantoInManutenzione, nomeRuota,
						nomeGiostra, nomeAreaTematiche, nomeAttrazionePaura)
values ('1', '2026-04-28', 'Elettronico', '2026-05-20', 'giostra', null, 'AiSpeed', null, null),
		('2', '2026-05-02', 'Usura cuscinetti', '2026-05-15', 'giostra', null, 'Katun', null, null),
        ('3', '2026-05-10', 'Controllo freni magnetici', '2026-05-12', 'giostra', null, 'Divertical', null, null),
        ('4', '2026-05-15', 'Guasto idraulico', '2026-05-18', 'giostra', null, 'Oil Towers', null, null),
        ('5', '2026-05-22', 'Calibrazione software', '2026-05-23', 'giostra', null, 'AiSpeed', null, null),
        ('6', '2026-06-01', 'Sostituzione ruote', '2026-06-04', 'giostra', null, 'Katun', null, null),
        ('7', '2026-06-05', 'Riparazione cablaggi', '2026-06-07', 'area tematica', null, null, 'Ducati', null),
        ('8', '2026-06-12', 'Elettronico', null, 'giostra', null, 'Rio Bravo', null, null),
        ('9', '2026-06-20', 'Fissaggio bulloneria', '2026-06-21', 'ruota panoramica', 'AlgigaWheel', null, null, null),
        ('10', '2026-07-01', 'Test di sicurezza annuale', '2026-07-05', 'giostra', null, 'Katun', null, null),
        ('11', '2026-07-10', 'Cortocircuito luci', '2026-07-11', 'attrazione di paura', null, null, null, 'Mortal Circus'),
        ('12', '2026-07-15', 'Ossidazione contatti', null, 'giostra', null, 'Master Thai', null, null),
        ('13', '2026-07-22', 'Riparazione scenografia', null, 'attrazione di paura', null, null, null, 'Phobia'),
        ('14', '2025-08-01', 'Rumore anomalo motore', '2025-08-03', 'giostra', null, 'Reset', null, null),
        ('15', '2025-08-05', 'Lubrificazione binari', '2025-08-06', 'giostra', null, 'Katun', null, null),
        ('16', '2025-08-12', 'Malfunzionamento sbarre', '2025-08-13', 'giostra', null, 'Divertical', null, null),
        ('17', '2025-08-20', 'Cambio software', '2025-08-20', 'area tematica', null, null, 'Ducati', null),
        ('18', '2024-09-02', 'Sostituzione pulegge', '2024-09-05', 'giostra', null, 'Oil Towers', null, null),
        ('19', '2024-09-10', 'Danni da intemperie', '2024-09-15', 'giostra', null, 'Katun', null, null),
        ('20', '2024-09-20', 'Verifica strutturale', '2024-09-22', 'ruota panormaica', 'AlgigaWheel', null, null, null);
        
insert into esecuzione(CF, codiceManutenzione)
values  ('RGGNZO82R10H501A', 1), ('BNIMRT89A65F205C', 2), ('DRESFN85H30L219L', 3), ('PCALRI94S60H501M', 4),
		('RGGNZO82R10H501A', 5), ('RVIGCM83D12L219H', 5), ('BNIMRT89A65F205C', 6), ('LNTSMN91P45H501F', 6),
        ('ZNNDRA87S22F205C', 7), ('BSOVLR95A58L219Z', 8), ('DRESFN85H30L219L', 9), ('PCALRI94S60H501M', 10),
        ('RVIGCM83D12L219H', 10), ('ZNNDRA87S22F205C', 11), ('RGGNZO82R10H501A', 12), ('BNIMRT89A65F205C', 13),
        ('PCALRI94S60H501M', 14), ('PCALRI94S60H501M', 15), ('DRESFN85H30L219L', 16), ('LNTSMN91P45H501F', 17),
        ('RVIGCM83D12L219H', 18), ('RZZDNL86B12F205X', 19), ('RZZDNL86B12F205X', 20), ('ZNNDRA87S22F205C', 20);

insert into TURNO_DI_LAVORO(CF, oraInizio, oraFine, data)
values
('RSSMRA85C12H501Z', '10.00', '16.30', '2026-07-28'), ('BNCHGL92L62F205A', '10.00', '16.30', '2026-07-28'),
('VRDLCA80S05L219X', '10.00', '16.30', '2026-07-28'), ('NREANN95T70H501Q', '10.00', '16.30', '2026-07-28'),
('GLLMRC88B14F205D', '10.00', '16.30', '2026-07-28'), ('RZZLNE90P48L219W', '10.00', '16.30', '2026-07-28'),
('FRRPLA75E19H501B', '10.00', '16.30', '2026-07-28'), ('RSSSFO98A65F205C', '10.00', '16.30', '2026-07-28'),
('RMNMTT83D10L219K', '10.00', '16.30', '2026-07-28'), ('CLMCHR94M55H501Y', '10.00', '16.30', '2026-07-28'),
('BRNDVD87R22F205J', '10.00', '16.30', '2026-07-28'), ('RCCFNC91C43L219S', '10.00', '16.30', '2026-07-28'),
('MRNNDR82M18H501V', '10.00', '16.30', '2026-07-28'), ('GRCVNT96S68F205M', '10.00', '16.30', '2026-07-28'),
('BRBSMN89T12L219O', '10.00', '16.30', '2026-07-28'), ('LMBALC93B45H501P', '10.00', '16.30', '2026-07-28'),
('MRTNTN78L14F205G', '10.00', '16.30', '2026-07-28'), ('PNTGRG97D62L219U', '10.00', '16.30', '2026-07-28'),
('CSTRCC84E30H501E', '10.00', '16.30', '2026-07-28'), ('FNTMRT90R50F205R', '10.00', '16.30', '2026-07-28'),
('GRRFBA86H18L219T', '10.00', '16.30', '2026-07-28'), ('BRNSRA95P41H501N', '10.00', '16.30', '2026-07-28'),
('PLLRRT81A15F205W', '10.00', '16.30', '2026-07-28'), ('MZZRKE93M68L219B', '10.00', '16.30', '2026-07-28'),
('VLLLNZ89S20H501C', '10.00', '16.30', '2026-07-28'), ('RNLSFN92D44F205H', '10.00', '16.30', '2026-07-28'),
('SRRDNL85B25L219G', '10.00', '16.30', '2026-07-28'), ('CRSMRN94C52H501D', '16.30', '23.00', '2026-07-28'),
('MSSLSN79T05F205Z', '16.30', '23.00', '2026-07-28'), ('LNELSS96E58L219F', '16.30', '23.00', '2026-07-28'),
('GTTGRL88H30H501M', '16.30', '23.00', '2026-07-28'), ('PRSFNC91R55F205S', '16.30', '23.00', '2026-07-28'),
('SLAGCM83P08L219J', '16.30', '23.00', '2026-07-28'), ('FRNBTR95L52H501L', '16.30', '23.00', '2026-07-28'),
('BNOFPP80B28F205K', '16.30', '23.00', '2026-07-28'), ('PLLVNC92T62L219N', '16.30', '23.00', '2026-07-28'),
('MRLGRI86A10H501O', '16.30', '23.00', '2026-07-28'), ('DMCLDV97M45F205P', '16.30', '23.00', '2026-07-28'),
('PRSCRS84S15L219A', '16.30', '23.00', '2026-07-28'), ('RVINMI98C70H501G', '16.30', '23.00', '2026-07-28'),
('FBBCLD82E05F205V', '16.30', '23.00', '2026-07-28'), ('DNTSBN90D58L219R', '16.30', '23.00', '2026-07-28'),
('PLMMNL87L25H501F', '16.30', '23.00', '2026-07-28'), ('FRIRCL93R52F205E', '16.30', '23.00', '2026-07-28'),
('LPUMRK85S20L219H', '16.30', '23.00', '2026-07-28'), ('VTLRLI94B68H501I', '16.30', '23.00', '2026-07-28'),
('MRNVLR81H08F205L', '16.30', '23.00', '2026-07-28'), ('SRTCML96P52L219M', '16.30', '23.00', '2026-07-28'),
('GRRGLC79D30H501B', '16.30', '23.00', '2026-07-28'), ('FRRPLA91A50F205N', '16.30', '23.00', '2026-07-28'),
('GTTMRA84M22L219P', '16.30', '23.00', '2026-07-28'), ('PLLELS95S45H501S', '16.30', '23.00', '2026-07-28'),
('CRLRNT76T18F205T', '16.30', '23.00', '2026-07-28'), ('BSLVNS92E70L219V', '16.30', '23.00', '2026-07-28'),
('RLNTMS88B14H501Q', '10.00', '16.30', '2026-07-28'), ('NRRCNZ90C52F205R', '11.15', '17.45', '2026-07-28'),
('SNNNRC83S25L219Z', '12.30', '19.00', '2026-07-28'), ('GRDSLV94D44H501X', '13.45', '20.15', '2026-07-28'),
('VLLLND89R10F205W', '15.00', '21.30', '2026-07-28'), ('MNCPTR77A55L219D', '16.30', '23.00', '2026-07-28'),
('LRSSFN86L08H501C', '10.30', '17.00', '2026-07-28'), ('BSSDBR93P62F205F', '11.45', '18.15', '2026-07-28'),
('MNCMRO85E19L219G', '13.00', '19.30', '2026-07-28'), ('MNTGLN91T70H501E', '14.15', '20.45', '2026-07-28'),
('PLLMNL97B05F205L', '15.30', '22.00', '2026-07-28'), ('VLNCST82H55L219K', '16.00', '22.30', '2026-07-28'),
('SPTLGU80C03H501M', '10.00', '16.30', '2026-07-28'), ('RMNTRE95R62F205H', '16.30', '23.00', '2026-07-28'),
('BTTGRG84A25L219S', '10.00', '16.30', '2026-07-28'), ('GLLNGL90L54H501A', '11.00', '17.30', '2026-07-28'),
('SNNNCL87D10F205O', '12.00', '18.30', '2026-07-28'), ('MRCHRS93S68L219U', '13.00', '19.30', '2026-07-28'),
('CNTSVT81T12H501I', '14.00', '20.30', '2026-07-28'), ('DLCBBR94M58F205P', '15.00', '21.30', '2026-07-28'),
('GRDMSM86P08L219T', '16.00', '22.30', '2026-07-28'), ('RZZSMN96C43H501R', '16.30', '23.00', '2026-07-28'),
('MNCFBZ82R15F205B', '10.30', '17.00', '2026-07-28'), ('MRTDNL92B45L219M', '11.30', '18.00', '2026-07-28'),
('LNECLD78S20H501N', '12.30', '19.00', '2026-07-28'), ('SNNBTR98D62F205V', '15.30', '22.00', '2026-07-28'),
('FBBMNL85E30L219Q', '10.00', '16.30', '2026-07-28'), ('VTLSBR91H58H501F', '11.00', '17.30', '2026-07-28'),
('MRNVLR88P01F205W', '12.00', '18.30', '2026-07-28'), ('MRCHLS97T52L219K', '13.00', '19.30', '2026-07-28'),
('CRSMRA83M28H501X', '14.00', '20.30', '2026-07-28'), ('BRNVNS94S60F205C', '15.00', '21.30', '2026-07-28'),
('GRDTMS81D04L219D', '16.00', '22.30', '2026-07-28'), ('DNTCNZ96R50H501H', '16.30', '23.00', '2026-07-28'),
('SRTSLV79A55F205E', '10.15', '16.45', '2026-07-28'), ('VTLLND92L08L219B', '14.45', '21.15', '2026-07-28'),
('PNISND95B14H501F', '10.00', '16.30', '2026-07-28'), ('LROMNC90E62F205L', '11.00', '17.30', '2026-07-28'),
('MRIDVD88P08L219M', '12.00', '18.30', '2026-07-28'), ('BRTPLA96T52H501P', '13.00', '19.30', '2026-07-28'),
('FNTLCA93D04F205D', '14.00', '20.30', '2026-07-28'), ('VLLSRA97L55L219V', '15.00', '21.30', '2026-07-28'),
('LNGFBA91M14F205K', '16.00', '22.30', '2026-07-28'), ('SNTLNE94C65L219J', '16.30', '23.00', '2026-07-28'),
('MLERRT89R02H501G', '10.30', '17.00', '2026-07-28'), ('RVIMCH97T70F205D', '11.30', '18.00', '2026-07-28'),
('DSOMRC92E18L219S', '12.30', '19.00', '2026-07-28'), ('GRSSNO95L47H501W', '15.30', '22.00', '2026-07-28'),
('RGGNZO82R10H501A', '10.00', '16.30', '2026-07-28'), ('BNIMRT89A65F205C', '11.00', '17.30', '2026-07-28'),
('DRESFN85H30L219L', '12.00', '18.30', '2026-07-28'), ('PCALRI94S60H501M', '13.00', '19.30', '2026-07-28'),
('RVIGCM83D12L219H', '14.00', '20.30', '2026-07-28'), ('LNTSMN91P45H501F', '15.00', '21.30', '2026-07-28'),
('ZNNDRA87S22F205C', '16.00', '22.30', '2026-07-28'), ('BSOVLR95A58L219Z', '16.30', '23.00', '2026-07-28'),
('RZZDNL86B12F205X', '10.45', '17.15', '2026-07-28');

insert into pulizia_b(codiceBagno, CF)
values (4, 'FBBMNL85E30L219Q'), (12, 'VTLSBR91H58H501F'), (2, 'MRNVLR88P01F205W'), (4, 'MRCHLS97T52L219K'),
(7, 'CRSMRA83M28H501X'), (11, 'BRNVNS94S60F205C'), (12, 'GRDTMS81D04L219D'), (5, 'DNTCNZ96R50H501H'),
(1, 'SRTSLV79A55F205E'), (8, 'VTLLND92L08L219B'), (6, 'FBBMNL85E30L219Q'), (2, 'VTLSBR91H58H501F'),
(4, 'CRSMRA83M28H501X'), (9, 'BRNVNS94S60F205C'), (5, 'GRDTMS81D04L219D'), (12, 'SRTSLV79A55F205E'),
(8, 'DNTCNZ96R50H501H'), (6, 'VTLLND92L08L219B');

insert into pulizia_a(codiceAttivita, CF)
values (1, 'FBBMNL85E30L219Q'), (2, 'VTLSBR91H58H501F'), (3, 'MRNVLR88P01F205W'), (4, 'MRCHLS97T52L219K'), (5, 'CRSMRA83M28H501X'),
(6, 'BRNVNS94S60F205C'), (7, 'GRDTMS81D04L219D'), (8, 'DNTCNZ96R50H501H'), (9, 'SRTSLV79A55F205E'), (10, 'VTLLND92L08L219B'),
(11, 'NREGSL91E54H501T'), (12, 'SNTRGR84S22L219W'), (13, 'BSOTZN96C70F205K'), (14, 'DMCPSQ80M08L219Y'), (15, 'FBBMNL85E30L219Q'),
(16, 'VTLSBR91H58H501F'), (17, 'MRNVLR88P01F205W'), (18, 'MRCHLS97T52L219K'), (19, 'CRSMRA83M28H501X'), (20, 'BRNVNS94S60F205C'),
(21, 'GRDTMS81D04L219D'), (22, 'DNTCNZ96R50H501H'), (23, 'SRTSLV79A55F205E'), (24, 'VTLLND92L08L219B'), (25, 'NREGSL91E54H501T'),
(26, 'SNTRGR84S22L219W'), (27, 'BSOTZN96C70F205K'), (28, 'DMCPSQ80M08L219Y'), (29, 'FBBMNL85E30L219Q'), (30, 'VTLSBR91H58H501F'),
(31, 'MRNVLR88P01F205W'), (32, 'MRCHLS97T52L219K'), (33, 'CRSMRA83M28H501X'), (34, 'BRNVNS94S60F205C'), (35, 'GRDTMS81D04L219D'),
(36, 'DNTCNZ96R50H501H'), (37, 'SRTSLV79A55F205E'), (38, 'VTLLND92L08L219B'), (39, 'NREGSL91E54H501T'), (40, 'SNTRGR84S22L219W'),
(41, 'BSOTZN96C70F205K'), (42, 'DMCPSQ80M08L219Y'), (43, 'FBBMNL85E30L219Q'), (44, 'VTLSBR91H58H501F'), (45, 'MRNVLR88P01F205W'),
(46, 'MRCHLS97T52L219K'), (47, 'CRSMRA83M28H501X'), (48, 'BRNVNS94S60F205C'), (49, 'GRDTMS81D04L219D'), (50, 'DNTCNZ96R50H501H'),
(51, 'SRTSLV79A55F205E'), (52, 'VTLLND92L08L219B'), (53, 'NREGSL91E54H501T'), (54, 'SNTRGR84S22L219W'), (55, 'BSOTZN96C70F205K'),
(56, 'DMCPSQ80M08L219Y'), (57, 'FBBMNL85E30L219Q'), (58, 'VTLSBR91H58H501F');

insert into esibizione_e(codiceEvento, CF, ruolo)
values ('BTTGRG84A25L219S', 1, 'attore'), ('GLLNGL90L54H501A', 1, 'ballerino'), ('SNNNCL87D10F205O', 1, 'cantante'),
('MRCHRS93S68L219U', 1, 'stuntman'), ('CNTSVT81T12H501I', 1, 'attore'), ('DLCBBR94M58F205P', 2, 'ballerino'),
('GRDMSM86P08L219T', 2, 'ballerino'), ('RZZSMN96C43H501R', 2, 'stuntman'), ('MNCFBZ82R15F205B', 2, 'attore'),
('MRTDNL92B45L219M', 3, 'ballerino'), ('LNECLD78S20H501N', 3, 'ballerino'), ('SNNBTR98D62F205V', 3, 'stuntman'),
('BTTGRG84A25L219S', 4, 'ballerino'), ('GLLNGL90L54H501A', 4, 'cantante'), ('SNNNCL87D10F205O', 4, 'attore'),
('MRCHRS93S68L219U', 5, 'stuntman'), ('CNTSVT81T12H501I', 5, 'cantante'), ('DLCBBR94M58F205P', 5, 'attore'),
('GRDMSM86P08L219T', 6, 'ballerino'), ('RZZSMN96C43H501R', 6, 'stuntman'), ('MNCFBZ82R15F205B', 7, 'ballerino'),
('MRTDNL92B45L219M', 7, 'attore'), ('LNECLD78S20H501N', 8, 'ballerino'), ('SNNBTR98D62F205V', 8, 'stuntman'),
('BTTGRG84A25L219S', 9, 'ballerino'), ('GLLNGL90L54H501A', 9, 'attore'), ('SNNNCL87D10F205O', 10, 'ballerino'),
('MRCHRS93S68L219U', 10, 'stuntman'), ('CNTSVT81T12H501I', 11, 'ballerino'), ('DLCBBR94M58F205P', 11, 'attore'),
('GRDMSM86P08L219T', 12, 'ballerino'), ('RZZSMN96C43H501R', 12, 'stuntman'), ('MNCFBZ82R15F205B', 13, 'ballerino'),
('MRTDNL92B45L219M', 13, 'attore'), ('LNECLD78S20H501N', 14, 'ballerino'), ('SNNBTR98D62F205V', 14, 'stuntman'),
('BTTGRG84A25L219S', 15, 'attore'), ('GLLNGL90L54H501A', 15, 'ballerino'), ('SNNNCL87D10F205O', 15, 'cantante'),
('MRCHRS93S68L219U', 15, 'stuntman'), ('CNTSVT81T12H501I', 15, 'ballerino'), ('DLCBBR94M58F205P', 1, 'cantante'),
('GRDMSM86P08L219T', 1, 'stuntman'), ('RZZSMN96C43H501R', 1, 'attore'), ('MNCFBZ82R15F205B', 3, 'ballerino'),
('MRTDNL92B45L219M', 2, 'ballerino'), ('LNECLD78S20H501N', 2, 'stuntman'), ('SNNBTR98D62F205V', 2, 'attore'),
('BTTGRG84A25L219S', 3, 'stuntman'), ('GLLNGL90L54H501A', 3, 'attore'), ('SNNNCL87D10F205O', 5, 'ballerino'),
('MRCHRS93S68L219U', 4, 'cantante'), ('CNTSVT81T12H501I', 4, 'stuntman'), ('DLCBBR94M58F205P', 6, 'attore'),
('GRDMSM86P08L219T', 7, 'stuntman'), ('RZZSMN96C43H501R', 8, 'attore'), ('MNCFBZ82R15F205B', 9, 'ballerino'),
('MRTDNL92B45L219M', 10, 'cantante'), ('LNECLD78S20H501N', 11, 'stuntman'), ('SNNBTR98D62F205V', 12, 'attore');

insert into esibizione_s(CF, codiceReplica, ruolo)
values ('BTTGRG84A25L219S', 1, 'attore'), ('GLLNGL90L54H501A', 2, 'ballerino'), ('SNNNCL87D10F205O', 3, 'cantante'),
('MRCHRS93S68L219U', 4, 'stuntman'), ('CNTSVT81T12H501I', 5, 'attore'), ('DLCBBR94M58F205P', 1, 'ballerino'),
('GRDMSM86P08L219T', 2, 'cantante'), ('RZZSMN96C43H501R', 3, 'stuntman'), ('MNCFBZ82R15F205B', 4, 'attore'),
('MRTDNL92B45L219M', 5, 'ballerino'), ('LNECLD78S20H501N', 1, 'cantante'), ('SNNBTR98D62F205V', 2, 'stuntman'),
('BTTGRG84A25L219S', 3, 'ballerino'), ('GLLNGL90L54H501A', 4, 'ballerino'), ('SNNNCL87D10F205O', 5, 'attore'),
('MRCHRS93S68L219U', 1, 'ballerino'), ('CNTSVT81T12H501I', 2, 'stuntman'), ('DLCBBR94M58F205P', 3, 'attore'),
('GRDMSM86P08L219T', 4, 'ballerino'), ('RZZSMN96C43H501R', 5, 'cantante'), ('MNCFBZ82R15F205B', 1, 'stuntman'),
('MRTDNL92B45L219M', 2, 'attore'), ('LNECLD78S20H501N', 3, 'ballerino'), ('SNNBTR98D62F205V', 4, 'cantante'),
('BTTGRG84A25L219S', 5, 'stuntman'), ('GLLNGL90L54H501A', 1, 'attore'), ('SNNNCL87D10F205O', 2, 'ballerino'),
('MRCHRS93S68L219U', 3, 'cantante'), ('CNTSVT81T12H501I', 4, 'attore'), ('DLCBBR94M58F205P', 5, 'stuntman');
