INSERT INTO abbonamento (scadenza, codAbbonamento, nomeAbbonamento) VALUES
('2026-10-31', 1, 'Stagionale'),
('2026-10-31', 2, 'Stagionale'),
('2026-10-31', 3, '5 ingressi'),
('2026-10-31', 4, 'Stagionale'),
('2026-10-31', 5, '5 Ingressi'),
('2026-10-31', 6, 'Stagionale'),
('2026-10-31', 7, 'Stagionale'),
('2026-10-31', 8, 'Stagionale'),
('2026-10-31', 9, 'Stagionale'),
('2026-10-31', 10, '5 ingressi'),
('2026-10-31', 11, '5 ingressi'),
('2026-10-31', 12, 'Stagionale'),
('2026-10-31', 13, 'Stagionale'),
('2026-10-31', 14, '5 ingressi'),
('2026-10-31', 15, 'Stagionale'),
('2026-10-31', 16, '5 ingressi'),
('2026-10-31', 17, '5 ingressi'),
('2026-10-31', 18, 'Stagionale'),
('2026-10-31', 19, 'stagionale'),
('2026-10-31', 20, '5 ingressi'),
('2026-10-31', 21, 'Stagionale'),
('2026-10-31', 22, 'Stagionale'),
('2026-10-31', 23, '5 ingressi'),
('2026-10-31', 24, '5 ingressi'),
('2026-10-31', 25, 'Stagionale'),
('2026-10-31', 26, 'Stagionale'),
('2026-10-31', 27, 'Stagionale'),
('2026-10-31', 28, '5 ingressi'),
('2026-10-31', 29, '5 ingressi'),
('2026-10-31', 30, 'Stagionale'),
('2026-10-31', 31, '5 ingressi'),
('2026-10-31', 32, 'Stagionale'),
('2026-10-31', 33, 'Stagionale'),
('2026-10-31', 34, '5 ingressi'),
('2026-10-31', 35, 'Stagionale'),
('2026-10-31', 36, '5 ingressi'),
('2026-10-31', 37, '5 ingressi'),
('2026-10-31', 38, 'Stagionale'),
('2026-10-31', 39, 'Stagionale'),
('2026-10-31', 40, '5 ingressi'),
('2026-10-31', 41, 'Stagionale'),
('2026-10-31', 42, '5 ingressi'),
('2026-10-31', 43, 'Stagionale'),
('2026-10-31', 44, 'Stagionale'),
('2026-10-31', 45, '5 ingressi'),
('2026-10-31', 46, '5 ingressi'),
('2026-10-31', 47, 'Stagionale'),
('2026-10-31', 48, 'Stagionale'),
('2026-10-31', 49, '5 ingressi'),
('2026-10-31', 50, 'Stagionale');

INSERT INTO tipologia_biglietto (nomeBiglietto, prezzo) VALUES 
('Pomeridiano', 19),
('Flash Pass', 60),
('Giornaliero', 40),
('Due giorni con pernottamento', 200);

INSERT INTO acquisto_a (CF, codAbbonamento, data, orario) VALUES
('TC18WX', 1, '2026-06-04', '10:00:00'),
('SC05CD', 2, '2026-06-04', '10:12:00'),
('SP09LK', 3, '2026-06-04', '10:25:00'),
('MD18VW', 4, '2026-06-04', '10:30:00'),
('VB25CC', 5, '2026-06-04', '10:44:00'),
('EP21GG', 6, '2026-06-04', '10:57:00'),
('RN17YY', 7, '2026-06-04', '11:05:00'),
('AL15LL', 8, '2026-06-04', '11:24:00'),
('CF21DE', 9, '2026-06-04', '11:37:00'),
('MP07MM', 10, '2026-06-04', '11:50:00'),
('NT17HH', 11, '2026-06-04', '12:05:00'),
('RF06XX', 12, '2026-06-04', '12:15:00'),
('DS22QR', 13, '2026-06-04', '12:25:00'),
('AR23JI', 14, '2026-06-04', '12:35:00'),
('SM09XX', 15, '2026-06-04', '12:50:00'),
('DA31VV', 16, '2026-06-04', '13:08:00'),
('FB23JJ', 17, '2026-06-04', '13:14:00'),
('LB30KJ', 18, '2026-06-04', '13:26:00'),
('NV24ZA', 19, '2026-06-04', '13:38:00'),
('SF07XY', 20, '2026-06-04', '13:50:00'),
('IM10JK', 21, '2026-06-04', '14:09:00'),
('GN09GH', 22, '2026-06-04', '14:15:00'),
('EB30XX', 23, '2026-06-04', '14:22:00'),
('CM14IH', 24, '2026-06-04', '14:33:00'),
('BP04II', 25, '2026-06-04', '14:45:00'),
('BR01ZA', 26, '2026-06-04', '14:55:00'),
('LF12YY', 27, '2026-06-04', '15:05:00'),
('MG18IJ', 28, '2026-06-04', '15:15:00'),
('SR10KK', 29, '2026-06-04', '15:25:00'),
('AC18QQ', 30, '2026-06-04', '15:35:00'),
('TB09RR', 31, '2026-06-04', '15:45:00'),
('SF26SS', 32, '2026-06-04', '15:57:00'),
('EP03TT', 33, '2026-06-04', '16:05:00'),
('GS20UU', 34, '2026-06-04', '16:15:00'),
('DA31VV', 35, '2026-06-04', '16:25:00'),
('VC27WW', 36, '2026-06-04', '16:38:00'),
('RF06XX', 37, '2026-06-04', '16:47:00'),
('EM12YY', 38, '2026-06-04', '16:55:00'),
('PC19AZ', 39, '2026-06-04', '17:07:00'),
('NV08BA', 40, '2026-06-04', '17:13:00'),
('GO24CB', 41, '2026-06-04', '17:25:00'),
('FS16DC', 42, '2026-06-04', '17:30:00'),
('ED02ED', 43, '2026-06-04', '17:35:00'),
('CF11FE', 44, '2026-06-04', '17:40:00'),
('SP29GF', 45, '2026-06-04', '17:45:00'),
('IG05HG', 46, '2026-06-04', '17:48:00'),
('CM14IH', 47, '2026-06-04', '17:52:00'),
('AR23JI', 48, '2026-06-04', '17:55:00'),
('LB30KJ', 49, '2026-06-04', '17:56:00'),
('SP09LK', 50, '2026-06-04', '17:57:00');

INSERT INTO tipologia_abbonamento (nomeAbbonamento, prezzo) VALUES 
('5 ingressi', 170),
('Stagionale', 280);

INSERT INTO visitatore (nome, cognome, dataNascita, CF, numeroTelefono, e_mail, altezzaVisitatore, codiceGruppo) VALUES
('Mario','Rossi','2004-10-12','MR12AB','3333000001','mario.rossi@gmail.com',175,NULL),
('Luca','Bianchi','2001-03-05','LB05CD','3333000002','luca.bianchi@gmail.com',182,NULL),
('Anna','Verdi','1999-07-22','AV22EF','3333000003','anna.verdi@gmail.com',165,NULL),
('Giulia','Neri','2002-11-09','GN09GH','3333000004','giulia.neri@gmail.com',158,NULL),
('Marco','Galli','1998-01-18','MG18IJ','3333000005','marco.galli@gmail.com',190,NULL),
('Sara','Ferrari','2000-06-30','SF30KL','3333000006','sara.ferrari@gmail.com',172,NULL),
('Paolo','Russo','2003-09-14','PR14MN','3333000007','paolo.russo@gmail.com',168,NULL),
('Elena','Romano','2001-12-03','ER03OP','3333000008','elena.romano@gmail.com',160,NULL),
('Davide','Conti','1997-04-27','DC27QR','3333000009','davide.conti@gmail.com',185,NULL),
('Francesca','Marino','2005-02-16','FM16ST','3333000010','francesca.marino@gmail.com',170,NULL),
('Alessandro','Costa','1996-08-11','AC11UV','3333000011','alessandro.costa@gmail.com',178,NULL),
('Chiara','Giordano','2002-05-24','CG24WX','3333000012','chiara.giordano@gmail.com',162,NULL),
('Stefano','Rizzo','1999-10-02','SR02YZ','3333000013','stefano.rizzo@gmail.com',188,NULL),
('Martina','Lombardi','2003-01-19','ML19AA','3333000014','martina.lombardi@gmail.com',166,NULL),
('Federico','Moretti','1998-06-08','FM08BB','3333000015','federico.moretti@gmail.com',181,NULL),
('Valentina','Barbieri','2000-09-25','VB25CC','3333000016','valentina.barbieri@gmail.com',159,NULL),
('Simone','Fontana','2001-11-06','SF06DD','3333000017','simone.fontana@gmail.com',174,NULL),
('Laura','DeLuca','1997-02-13','LD13EE','3333000018','laura.deluca@gmail.com',167,NULL),
('Matteo','Serra','2004-07-29','MS29FF','3333000019','matteo.serra@gmail.com',183,NULL),
('Ilaria','Greco','2002-12-21','IG21GG','3333000020','ilaria.greco@gmail.com',164,NULL),
('Nicola','Testa','1996-03-17','NT17HH','3333000021','nicola.testa@gmail.com',176,NULL),
('Beatrice','Pellegrini','2003-08-04','BP04II','3333000022','beatrice.pellegrini@gmail.com',161,NULL),
('Giorgio','Fabbri','1998-10-28','GF28JJ','3333000023','giorgio.fabbri@gmail.com',187,NULL),
('Silvia','Rinaldi','2001-01-10','SR10KK','3333000024','silvia.rinaldi@gmail.com',169,NULL),
('Andrea','Leone','1999-05-15','AL15LL','3333000025','andrea.leone@gmail.com',180,NULL),
('Marta','Palmieri','2004-09-07','MP07MM','3333000026','marta.palmieri@gmail.com',157,NULL),
('Roberto','Martini','1997-11-23','RM23NN','3333000027','roberto.martini@gmail.com',192,NULL),
('Claudia','Villa','2000-02-14','CV14OO','3333000028','claudia.villa@gmail.com',163,NULL),
('Fabio','Longo','1996-06-01','FL01PP','3333000029','fabio.longo@gmail.com',186,NULL),
('Alessia','Colombo','2002-04-18','AC18QQ','3333000030','alessia.colombo@gmail.com',168,NULL),
('Tommaso','Bernardi','1999-12-09','TB09RR','3333000031','tommaso.bernardi@gmail.com',177,NULL),
('Serena','Fiore','2001-07-26','SF26SS','3333000032','serena.fiore@gmail.com',160,NULL),
('Emanuele','Parisi','1998-09-03','EP03TT','3333000033','emanuele.parisi@gmail.com',184,NULL),
('Giada','Sanna','2003-03-20','GS20UU','3333000034','giada.sanna@gmail.com',155,NULL),
('Daniele','Amato','1997-10-31','DA31VV','3333000035','daniele.amato@gmail.com',189,NULL),
('Veronica','Coppola','2000-01-27','VC27WW','3333000036','veronica.coppola@gmail.com',162,NULL),
('Riccardo','Ferraro','1996-05-06','RF06XX','3333000037','riccardo.ferraro@gmail.com',193,NULL),
('Elisa','Messina','2004-08-12','EM12YY','3333000038','elisa.messina@gmail.com',159,NULL),
('Pietro','Caruso','1999-11-19','PC19AZ','3333000039','pietro.caruso@gmail.com',181,NULL),
('Noemi','Vitale','2002-02-08','NV08BA','3333000040','noemi.vitale@gmail.com',158,NULL),
('Gabriele','Orlando','1998-04-24','GO24CB','3333000041','gabriele.orlando@gmail.com',185,NULL),
('Federica','Sala','2001-09-16','FS16DC','3333000042','federica.sala@gmail.com',164,NULL),
('Enrico','DeSantis','1997-06-02','ED02ED','3333000043','enrico.desantis@gmail.com',188,NULL),
('Camilla','Farina','2003-12-11','CF11FE','3333000044','camilla.farina@gmail.com',156,NULL),
('Samuele','Pagani','1999-01-29','SP29GF','3333000045','samuele.pagani@gmail.com',179,NULL),
('Irene','Gatti','2000-10-05','IG05HG','3333000046','irene.gatti@gmail.com',161,NULL),
('Christian','Monti','1996-03-14','CM14IH','3333000047','christian.monti@gmail.com',190,NULL),
('Arianna','Riva','2002-07-23','AR23JI','3333000048','arianna.riva@gmail.com',166,NULL),
('Leonardo','Bellini','1998-11-30','LB30KJ','3333000049','leonardo.bellini@gmail.com',183,NULL),
('Sofia','Piras','2004-05-09','SP09LK','3333000050','sofia.piras@gmail.com',160,NULL),
('Giacomo','Fabbri','1999-08-10','GF10ML','3333000051','giacomo.fabbri@gmail.com',170,NULL),
('Rebecca','Neri','2001-03-21','RN21NM','3333000052','rebecca.neri@gmail.com',165,NULL),
('Lorenzo','Moretti','1998-06-05','LM05OP','3333000053','lorenzo.moretti@gmail.com',190,NULL),
('Alice','Barbieri','2000-07-15','AB15PQ','3333000054','alice.barbieri@gmail.com',158,NULL),
('Mattia','Fontana','2002-11-22','MF22QR','3333000055','mattia.fontana@gmail.com',182,NULL),
('Elena','Leone','1997-02-28','EL28RS','3333000056','elena.leone@gmail.com',175,NULL),
('Davide','Palmieri','2003-05-11','DP11ST','3333000057','davide.palmieri@gmail.com',168,NULL),
('Giulia','Martini','1999-12-07','GM07TU','3333000058','giulia.martini@gmail.com',160,NULL),
('Francesco','Villa','2001-01-30','FV30UV','3333000059','francesco.villa@gmail.com',185,NULL),
('Sara','Longo','2000-09-02','SL02VW','3333000060','sara.longo@gmail.com',172,NULL),
('Tommaso','Colombo','1996-06-18','TC18WX','3333000061','tommaso.colombo@gmail.com',178,NULL),
('Martina','Bernardi','2002-04-10','MB10XY','3333000062','martina.bernardi@gmail.com',165,NULL),
('Alessandro','Fiore','1997-07-25','AF25YZ','3333000063','alessandro.fiore@gmail.com',190,NULL),
('Chiara','Parisi','2001-03-19','CP19ZA','3333000064','chiara.parisi@gmail.com',158,NULL),
('Andrea','Sanna','1999-08-14','AS14AB','3333000065','andrea.sanna@gmail.com',182,NULL),
('Valentina','Amato','2003-02-23','VA23BC','3333000066','valentina.amato@gmail.com',160,NULL),
('Simone','Coppola','1998-11-05','SC05CD','3333000067','simone.coppola@gmail.com',185,NULL),
('Irene','Ferraro','2000-10-10','IF10DE','3333000068','irene.ferraro@gmail.com',170,NULL),
('Matteo','Messina','2002-12-01','MM01EF','3333000069','matteo.messina@gmail.com',178,NULL),
('Elisa','Caruso','1997-01-17','EC17FG','3333000070','elisa.caruso@gmail.com',160,NULL),
('Nicola','Vitale','1999-05-28','NV28GH','3333000071','nicola.vitale@gmail.com',188,NULL),
('Beatrice','Orlando','2001-08-13','BO13HI','3333000072','beatrice.orlando@gmail.com',165,NULL),
('Giorgio','Sala','1996-04-04','GS04IJ','3333000073','giorgio.sala@gmail.com',180,NULL),
('Silvia','DeSantis','2000-09-22','SD22JK','3333000074','silvia.desantis@gmail.com',162,NULL),
('Andrea','Farina','1998-11-16','AF16KL','3333000075','andrea.farina@gmail.com',175,NULL),
('Marta','Pagani','2003-03-09','MP09LM','3333000076','marta.pagani@gmail.com',158,NULL),
('Roberto','Gatti','1997-10-01','RG01MN','3333000077','roberto.gatti@gmail.com',192,NULL),
('Claudia','Monti','2000-07-07','CM07NO','3333000078','claudia.monti@gmail.com',163,NULL),
('Fabio','Riva','1996-05-19','FR19OP','3333000079','fabio.riva@gmail.com',186,NULL),
('Alessia','Bellini','2002-01-05','AB05PQ','3333000080','alessia.bellini@gmail.com',168,NULL),
('Tommaso','Piras','1999-12-20','TP20QR','3333000081','tommaso.piras@gmail.com',177,NULL),
('Serena','Fabbri','2001-06-06','SF06RS','3333000082','serena.fabbri@gmail.com',160,NULL),
('Emanuele','Neri','1998-03-13','EN13ST','3333000083','emanuele.neri@gmail.com',184,NULL),
('Giada','Moretti','2003-10-30','GM30TU','3333000084','giada.moretti@gmail.com',155,NULL),
('Daniele','Barbieri','1997-09-08','DB08UV','3333000085','daniele.barbieri@gmail.com',189,NULL),
('Veronica','Fontana','2000-01-01','VF01VW','3333000086','veronica.fontana@gmail.com',162,NULL),
('Riccardo','Leone','1996-07-11','RL11WX','3333000087','riccardo.leone@gmail.com',193,NULL),
('Elisa','Palmieri','2004-05-18','EP18XY','3333000088','elisa.palmieri@gmail.com',159,NULL),
('Pietro','Martini','1999-02-02','PM02YZ','3333000089','pietro.martini@gmail.com',181,NULL),
('Noemi','Villa','2002-08-24','NV24ZA','3333000090','noemi.villa@gmail.com',158,NULL),
('Gabriele','Longo','1998-04-12','GL12AB','3333000091','gabriele.longo@gmail.com',185,NULL),
('Federica','Colombo','2001-09-06','FC06BC','3333000092','federica.colombo@gmail.com',164,NULL),
('Enrico','Bernardi','1997-06-15','EB15CD','3333000093','enrico.bernardi@gmail.com',188,NULL),
('Camilla','Fiore','2003-12-21','CF21DE','3333000094','camilla.fiore@gmail.com',156,NULL),
('Samuele','Parisi','1999-01-03','SP03EF','3333000095','samuele.parisi@gmail.com',179,NULL),
('Irene','Sanna','2000-10-19','IS19FG','3333000096','irene.sanna@gmail.com',161,NULL),
('Christian','Amato','1996-03-28','CA28GH','3333000097','christian.amato@gmail.com',190,NULL),
('Arianna','Coppola','2002-07-12','AC12HI','3333000098','arianna.coppola@gmail.com',166,NULL),
('Leonardo','Ferraro','1998-11-21','LF21IJ','3333000099','leonardo.ferraro@gmail.com',183,NULL),
('Sofia','Messina','2004-05-14','SM14JK','3333000100','sofia.messina@gmail.com',160,NULL),
('Marco','DeAngelis','1997-02-08','MD08KL','3333000101','marco.deangelis@gmail.com',178,NULL),
('Chiara','Ruggeri','2001-06-17','CR17LM','3333000102','chiara.ruggeri@gmail.com',162,NULL),
('Lorenzo','Pellegrino','1999-09-25','LP25MN','3333000103','lorenzo.pellegrino@gmail.com',185,NULL),
('Valeria','Sereni','2003-03-04','VS04NO','3333000104','valeria.sereni@gmail.com',158,NULL),
('Alberto','Marchetti','1996-12-19','AM19OP','3333000105','alberto.marchetti@gmail.com',190,NULL),
('Francesca','Gentile','2000-05-11','FG11PQ','3333000106','francesca.gentile@gmail.com',165,NULL),
('Davide','Sartori','1998-08-22','DS22QR','3333000107','davide.sartori@gmail.com',180,NULL),
('Elisa','Vitali','2002-01-09','EV09RS','3333000108','elisa.vitali@gmail.com',160,NULL),
('Giorgio','Mariani','1997-10-27','GM27ST','3333000109','giorgio.mariani@gmail.com',188,NULL),
('Ilaria','Pozzi','2004-04-15','IP15TU','3333000110','ilaria.pozzi@gmail.com',155,NULL),
('Stefano','Rinaldi','1999-07-03','SR03UV','3333000111','stefano.rinaldi@gmail.com',182,NULL),
('Martina','Donati','2001-11-18','MD18VW','3333000112','martina.donati@gmail.com',168,NULL),
('Riccardo','Bellotti','1996-06-29','RB29WX','3333000113','riccardo.bellotti@gmail.com',192,NULL),
('Silvia','Ferranti','2000-02-07','SF07XY','3333000114','silvia.ferranti@gmail.com',163,NULL),
('Andrea','Locatelli','1998-09-14','AL14YZ','3333000115','andrea.locatelli@gmail.com',175,NULL),
('Beatrice','Rossi','2003-12-01','BR01ZA','3333000116','beatrice.rossi@gmail.com',159,NULL),
('Tommaso','Pagliari','1997-05-20','TP20ZZ','3333000117','tommaso.pagliari@gmail.com',185,NULL),
('Elena','Bianchi','2001-08-30','EB30XX','3333000118','elena.bianchi@gmail.com',162,NULL),
('Luca','Fiorentini','1999-01-12','LF12YY','3333000119','luca.fiorentini@gmail.com',180,NULL),
('Sofia','Morelli','2002-06-06','SM06WW','3333000120','sofia.morelli@gmail.com',158,NULL),
('Gabriele','Ruggieri','1998-11-11','GR11KK','3333000121','gabriele.ruggieri@gmail.com',190,NULL),
('Federica','Barbieri','2000-03-23','FB23JJ','3333000122','federica.barbieri@gmail.com',165,NULL),
('Enrico','Sanna','1997-07-19','ES19MM','3333000123','enrico.sanna@gmail.com',178,NULL),
('Camilla','Moretti','2003-09-04','CM04LL','3333000124','camilla.moretti@gmail.com',160,NULL),
('Samuele','Riva','1999-12-28','SR28PP','3333000125','samuele.riva@gmail.com',185,NULL),
('Irene','Martini','2001-02-10','IM10QQ','3333000126','irene.martini@gmail.com',162,NULL),
('Christian','Villa','1996-06-05','CV05RR','3333000127','christian.villa@gmail.com',188,NULL),
('Arianna','Longo','2002-01-17','AL17SS','3333000128','arianna.longo@gmail.com',166,NULL),
('Leonardo','Colombo','1998-10-29','LC29TT','3333000129','leonardo.colombo@gmail.com',183,NULL),
('Sofia','Bellini','2004-05-09','SB09UU','3333000130','sofia.bellini@gmail.com',160,NULL),
('Marco','Fabbri','1997-03-06','MF06VV','3333000131','marco.fabbri@gmail.com',178,NULL),
('Chiara','Neri','2001-08-22','CN22AA','3333000132','chiara.neri@gmail.com',162,NULL),
('Lorenzo','Moretti','1999-12-15','LM15BB','3333000133','lorenzo.moretti@gmail.com',185,NULL),
('Valeria','Barbieri','2003-06-03','VB03CC','3333000134','valeria.barbieri@gmail.com',158,NULL),
('Alberto','Ferrari','1996-11-11','AF11DD','3333000135','alberto.ferrari@gmail.com',190,NULL),
('Francesca','Russo','2000-04-19','FR19EE','3333000136','francesca.russo@gmail.com',165,NULL),
('Davide','Leone','1998-09-30','DL30FF','3333000137','davide.leone@gmail.com',180,NULL),
('Elisa','Palmieri','2002-01-21','EP21GG','3333000138','elisa.palmieri@gmail.com',160,NULL),
('Giorgio','Martini','1997-10-05','GM05HH','3333000139','giorgio.martini@gmail.com',188,NULL),
('Ilaria','Villa','2004-04-14','IV14II','3333000140','ilaria.villa@gmail.com',155,NULL),
('Stefano','Bianchi','1999-07-07','SB07OO','3333000141','stefano.bianchi@gmail.com',182,NULL),
('Martina','Fabbri','2001-11-22','MF22ZZ','3333000142','martina.fabbri@gmail.com',168,NULL),
('Riccardo','Neri','1996-06-17','RN17YY','3333000143','riccardo.neri@gmail.com',192,NULL),
('Silvia','Moretti','2000-02-09','SM09XX','3333000144','silvia.moretti@gmail.com',163,NULL),
('Andrea','Barbieri','1998-09-20','AB20WW','3333000145','andrea.barbieri@gmail.com',175,NULL),
('Beatrice','Ferrari','2003-12-03','BF03VV','3333000146','beatrice.ferrari@gmail.com',159,NULL),
('Tommaso','Russo','1997-05-12','TR12UU','3333000147','tommaso.russo@gmail.com',185,NULL),
('Elena','Leone','2001-08-28','EL28TT','3333000148','elena.leone@gmail.com',162,NULL),
('Luca','Palmieri','1999-01-30','LP30SS','3333000149','luca.palmieri@gmail.com',180,NULL),
('Sofia','Lucchini','2004-04-06','SL06RR','3333000150','sofia.lucchini@gmail.com',159,NULL);


INSERT INTO gruppo (codiceGruppo, gruppoScuola) VALUES 
(1, 'false'),
(2, 'false'),
(3, 'false');

INSERT INTO vendita_a (codAbbonamento, data, orario, numeroCassa) VALUES
(1, '2026-06-04', '10:00:00', NULL),
(2, '2026-06-04', '10:12:00', NULL),
(3, '2026-06-04', '10:25:00', NULL),
(4, '2026-06-04', '10:30:00', NULL),
(5, '2026-06-04', '10:44:00', NULL),
(6, '2026-06-04', '10:57:00', NULL),
(7, '2026-06-04', '11:05:00', NULL),
(8, '2026-06-04', '11:24:00', NULL),
(9, '2026-06-04', '11:37:00', NULL),
(10, '2026-06-04', '11:50:00', NULL),
(11, '2026-06-04', '12:05:00', NULL),
(12, '2026-06-04', '12:15:00', NULL),
(13, '2026-06-04', '12:25:00', NULL),
(14, '2026-06-04', '12:35:00', NULL),
(15, '2026-06-04', '12:50:00', NULL),
(16, '2026-06-04', '13:08:00', NULL),
(17, '2026-06-04', '13:14:00', NULL),
(18, '2026-06-04', '13:26:00', NULL),
(19, '2026-06-04', '13:38:00', NULL),
(20, '2026-06-04', '13:50:00', NULL),
(21, '2026-06-04', '14:09:00', NULL),
(22, '2026-06-04', '14:15:00', NULL),
(23, '2026-06-04', '14:22:00', NULL),
(24, '2026-06-04', '14:33:00', NULL),
(25, '2026-06-04', '14:45:00', NULL),
(26, '2026-06-04', '14:55:00', NULL),
(27, '2026-06-04', '15:05:00', NULL),
(28, '2026-06-04', '15:15:00', NULL),
(29, '2026-06-04', '15:25:00', NULL),
(30, '2026-06-04', '15:35:00', NULL),
(31, '2026-06-04', '15:45:00', NULL),
(32, '2026-06-04', '15:57:00', NULL),
(33, '2026-06-04', '16:05:00', NULL),
(34, '2026-06-04', '16:15:00', NULL),
(35, '2026-06-04', '16:25:00', NULL),
(36, '2026-06-04', '16:38:00', NULL),
(37, '2026-06-04', '16:47:00', NULL),
(38, '2026-06-04', '16:55:00', NULL),
(39, '2026-06-04', '17:07:00', NULL),
(40, '2026-06-04', '17:13:00', NULL),
(41, '2026-06-04', '17:25:00', NULL),
(42, '2026-06-04', '17:30:00', NULL),
(43, '2026-06-04', '17:35:00', NULL),
(44, '2026-06-04', '17:40:00', NULL),
(45, '2026-06-04', '17:45:00', NULL),
(46, '2026-06-04', '17:48:00', NULL),
(47, '2026-06-04', '17:52:00', NULL),
(48, '2026-06-04', '17:55:00', NULL),
(49, '2026-06-04', '17:56:00', NULL),
(50, '2026-06-04', '17:57:00', NULL);

INSERT INTO acquisto_b (CF, codiceBiglietto, data, orario) VALUES
('MR12AB', 1, '2026-06-04', '10:00:00'),
('AV22EF', 2, '2026-06-04', '10:04:48'),
('SF30KL', 3, '2026-06-04', '10:09:36'),
('PR14MN', 4, '2026-06-04', '10:14:24'),
('ER03OP', 5, '2026-06-04', '10:19:12'),
('DC27QR', 6, '2026-06-04', '10:24:00'),
('FM16ST', 7, '2026-06-04', '10:28:48'),
('AC11UV', 8, '2026-06-04', '10:33:36'),
('CG24WX', 9, '2026-06-04', '10:38:24'),
('SR02YZ', 10, '2026-06-04', '10:43:12'),
('ML19AA', 11, '2026-06-04', '10:48:00'),
('SF06DD', 12, '2026-06-04', '10:52:48'),
('LD13EE', 13, '2026-06-04', '10:57:36'),
('MS29FF', 14, '2026-06-04', '11:02:24'),
('IG21GG', 15, '2026-06-04', '11:07:12'),
('GF28JJ', 16, '2026-06-04', '11:12:00'),
('RM23NN', 17, '2026-06-04', '11:16:48'),
('CV14OO', 18, '2026-06-04', '11:21:36'),
('FL01PP', 19, '2026-06-04', '11:26:24'),
('TB09RR', 20, '2026-06-04', '11:31:12'),
('SF26SS', 21, '2026-06-04', '11:36:00'),
('EM12YY', 22, '2026-06-04', '11:40:48'),
('PC19AZ', 23, '2026-06-04', '11:45:36'),
('NV08BA', 24, '2026-06-04', '11:50:24'),
('GO24CB', 25, '2026-06-04', '11:55:12'),
('FS16DC', 26, '2026-06-04', '12:00:00'),
('ED02ED', 27, '2026-06-04', '12:04:48'),
('CF11FE', 28, '2026-06-04', '12:09:36'),
('SP29GF', 29, '2026-06-04', '12:14:24'),
('IG05HG', 30, '2026-06-04', '12:19:12'),
('AR23JI', 31, '2026-06-04', '12:24:00'),
('GF10ML', 32, '2026-06-04', '12:28:48'),
('RN21NM', 33, '2026-06-04', '12:33:36'),
('LM05OP', 34, '2026-06-04', '12:38:24'),
('AB15PQ', 35, '2026-06-04', '12:43:12'),
('MF22QR', 36, '2026-06-04', '12:48:00'),
('EL28RS', 37, '2026-06-04', '12:52:48'),
('DP11ST', 38, '2026-06-04', '12:57:36'),
('FV30UV', 39, '2026-06-04', '13:02:24'),
('MB10XY', 40, '2026-06-04', '13:07:12'),
('AF25YZ', 41, '2026-06-04', '13:12:00'),
('CP19ZA', 42, '2026-06-04', '13:16:48'),
('AS14AB', 43, '2026-06-04', '13:21:36'),
('VA23BC', 44, '2026-06-04', '13:26:24'),
('IF10DE', 45, '2026-06-04', '13:31:12'),
('MM01EF', 46, '2026-06-04', '13:36:00'),
('EC17FG', 47, '2026-06-04', '13:40:48'),
('NV28GH', 48, '2026-06-04', '13:45:36'),
('BO13HI', 49, '2026-06-04', '13:50:24'),
('GS04IJ', 50, '2026-06-04', '13:55:12'),
('AF16KL', 51, '2026-06-04', '14:00:00'),
('CM07NO', 52, '2026-06-04', '14:04:48'),
('AB05PQ', 53, '2026-06-04', '14:09:36'),
('TP20QR', 54, '2026-06-04', '14:14:24'),
('SF06RS', 55, '2026-06-04', '14:19:12'),
('EN13ST', 56, '2026-06-04', '14:24:00'),
('GM30TU', 57, '2026-06-04', '14:28:48'),
('DB08UV', 58, '2026-06-04', '14:33:36'),
('VF01VW', 59, '2026-06-04', '14:38:24'),
('RL11WX', 60, '2026-06-04', '14:43:12'),
('EP18XY', 61, '2026-06-04', '14:48:00'),
('PM02YZ', 62, '2026-06-04', '14:52:48'),
('GL12AB', 63, '2026-06-04', '14:57:36'),
('FC06BC', 64, '2026-06-04', '15:02:24'),
('EB15CD', 65, '2026-06-04', '15:07:12'),
('IS19FG', 66, '2026-06-04', '15:12:00'),
('CA28GH', 67, '2026-06-04', '15:16:48'),
('AC12HI', 68, '2026-06-04', '15:21:36'),
('LF21IJ', 69, '2026-06-04', '15:26:24'),
('CR17LM', 70, '2026-06-04', '15:31:12'),
('LP25MN', 71, '2026-06-04', '15:36:00'),
('VS04NO', 72, '2026-06-04', '15:40:48'),
('FG11PQ', 73, '2026-06-04', '15:45:36'),
('GM27ST', 74, '2026-06-04', '15:50:24'),
('IP15TU', 75, '2026-06-04', '15:55:12'),
('SR03UV', 76, '2026-06-04', '16:00:00'),
('RB29WX', 77, '2026-06-04', '16:04:48'),
('AL14YZ', 78, '2026-06-04', '16:09:36'),
('TP20ZZ', 79, '2026-06-04', '16:14:24'),
('LF12CD', 80, '2026-06-04', '16:19:12'),
('SM06DE', 81, '2026-06-04', '16:24:00'),
('GR11EF', 82, '2026-06-04', '16:28:48'),
('ES19GH', 83, '2026-06-04', '16:33:36'),
('CM04HI', 84, '2026-06-04', '16:38:24'),
('SR28IJ', 85, '2026-06-04', '16:43:12'),
('CV05KL', 86, '2026-06-04', '16:48:00'),
('AL17LM', 87, '2026-06-04', '16:52:48'),
('LC29MN', 88, '2026-06-04', '16:57:36'),
('SB09NO', 89, '2026-06-04', '17:02:24'),
('MF06OP', 90, '2026-06-04', '17:07:12'),
('CN22PQ', 91, '2026-06-04', '17:12:00'),
('LM15QR', 92, '2026-06-04', '17:16:48'),
('VB03ST', 93, '2026-06-04', '17:21:36'),
('AF11TU', 94, '2026-06-04', '17:26:24'),
('FR19UV', 95, '2026-06-04', '17:31:12'),
('DL30VW', 96, '2026-06-04', '17:36:00'),
('EP21WX', 97, '2026-06-04', '17:40:48'),
('GM05XY', 98, '2026-06-04', '17:45:36'),
('IV14YZ', 99, '2026-06-04', '17:50:24'),
('SB07ZA', 100, '2026-06-04', '17:55:12');

INSERT INTO vendita_b (codiceBiglietto, data, orario, numeroCassa) VALUES
(1, '2026-06-04', '10:00:00', NULL),
(2, '2026-06-04', '10:04:48', NULL),
(3, '2026-06-04', '10:09:36', NULL),
(4, '2026-06-04', '10:14:24', NULL),
(5, '2026-06-04', '10:19:12', NULL),
(6, '2026-06-04', '10:24:00', NULL),
(7, '2026-06-04', '10:28:48', NULL),
(8, '2026-06-04', '10:33:36', NULL),
(9, '2026-06-04', '10:38:24', NULL),
(10, '2026-06-04', '10:43:12', NULL),
(11, '2026-06-04', '10:48:00', NULL),
(12, '2026-06-04', '10:52:48', NULL),
(13, '2026-06-04', '10:57:36', NULL),
(14, '2026-06-04', '11:02:24', NULL),
(15, '2026-06-04', '11:07:12', NULL),
(16, '2026-06-04', '11:12:00', NULL),
(17, '2026-06-04', '11:16:48', NULL),
(18, '2026-06-04', '11:21:36', NULL),
(19, '2026-06-04', '11:26:24', NULL),
(20, '2026-06-04', '11:31:12', NULL),
(21, '2026-06-04', '11:36:00', NULL),
(22, '2026-06-04', '11:40:48', NULL),
(23, '2026-06-04', '11:45:36', NULL),
(24, '2026-06-04', '11:50:24', NULL),
(25, '2026-06-04', '11:55:12', NULL),
(26, '2026-06-04', '12:00:00', NULL),
(27, '2026-06-04', '12:04:48', NULL),
(28, '2026-06-04', '12:09:36', NULL),
(29, '2026-06-04', '12:14:24', NULL),
(30, '2026-06-04', '12:19:12', NULL),
(31, '2026-06-04', '12:24:00', NULL),
(32, '2026-06-04', '12:28:48', NULL),
(33, '2026-06-04', '12:33:36', NULL),
(34, '2026-06-04', '12:38:24', NULL),
(35, '2026-06-04', '12:43:12', NULL),
(36, '2026-06-04', '12:48:00', NULL),
(37, '2026-06-04', '12:52:48', NULL),
(38, '2026-06-04', '12:57:36', NULL),
(39, '2026-06-04', '13:02:24', NULL),
(40, '2026-06-04', '13:07:12', NULL),
(41, '2026-06-04', '13:12:00', NULL),
(42, '2026-06-04', '13:16:48', NULL),
(43, '2026-06-04', '13:21:36', NULL),
(44, '2026-06-04', '13:26:24', NULL),
(45, '2026-06-04', '13:31:12', NULL),
(46, '2026-06-04', '13:36:00', NULL),
(47, '2026-06-04', '13:40:48', NULL),
(48, '2026-06-04', '13:45:36', NULL),
(49, '2026-06-04', '13:50:24', NULL),
(50, '2026-06-04', '13:55:12', NULL),
(51, '2026-06-04', '14:00:00', NULL),
(52, '2026-06-04', '14:04:48', NULL),
(53, '2026-06-04', '14:09:36', NULL),
(54, '2026-06-04', '14:14:24', NULL),
(55, '2026-06-04', '14:19:12', NULL),
(56, '2026-06-04', '14:24:00', NULL),
(57, '2026-06-04', '14:28:48', NULL),
(58, '2026-06-04', '14:33:36', NULL),
(59, '2026-06-04', '14:38:24', NULL),
(60, '2026-06-04', '14:43:12', NULL),
(61, '2026-06-04', '14:48:00', NULL),
(62, '2026-06-04', '14:52:48', NULL),
(63, '2026-06-04', '14:57:36', NULL),
(64, '2026-06-04', '15:02:24', NULL),
(65, '2026-06-04', '15:07:12', NULL),
(66, '2026-06-04', '15:12:00', NULL),
(67, '2026-06-04', '15:16:48', NULL),
(68, '2026-06-04', '15:21:36', NULL),
(69, '2026-06-04', '15:26:24', NULL),
(70, '2026-06-04', '15:31:12', NULL),
(71, '2026-06-04', '15:36:00', NULL),
(72, '2026-06-04', '15:40:48', NULL),
(73, '2026-06-04', '15:45:36', NULL),
(74, '2026-06-04', '15:50:24', NULL),
(75, '2026-06-04', '15:55:12', NULL),
(76, '2026-06-04', '16:00:00', NULL),
(77, '2026-06-04', '16:04:48', NULL),
(78, '2026-06-04', '16:09:36', NULL),
(79, '2026-06-04', '16:14:24', NULL),
(80, '2026-06-04', '16:19:12', NULL),
(81, '2026-06-04', '16:24:00', NULL),
(82, '2026-06-04', '16:28:48', NULL),
(83, '2026-06-04', '16:33:36', NULL),
(84, '2026-06-04', '16:38:24', NULL),
(85, '2026-06-04', '16:43:12', NULL),
(86, '2026-06-04', '16:48:00', NULL),
(87, '2026-06-04', '16:52:48', NULL),
(88, '2026-06-04', '16:57:36', NULL),
(89, '2026-06-04', '17:02:24', NULL),
(90, '2026-06-04', '17:07:12', NULL),
(91, '2026-06-04', '17:12:00', NULL),
(92, '2026-06-04', '17:16:48', NULL),
(93, '2026-06-04', '17:21:36', NULL),
(94, '2026-06-04', '17:26:24', NULL),
(95, '2026-06-04', '17:31:12', NULL),
(96, '2026-06-04', '17:36:00', NULL),
(97, '2026-06-04', '17:40:48', NULL),
(98, '2026-06-04', '17:45:36', NULL),
(99, '2026-06-04', '17:50:24', NULL),
(100, '2026-06-04', '17:55:12', NULL);

INSERT INTO sconto (nomeBiglietto, motivazione, percentuale) VALUES 
('Pomeridiano', 'Disabilità', 60),
('Pomeridiano', 'Over 65', 40),
('Pomeridiano', 'Bambino', 50),
('Pomeridiano', 'Sponsor', 50),
('Pomeridiano', 'Gruppo', 10),
('Due giorni con pernottamento', 'Disabilità', 30),
('Due giorni con pernottamento', 'Over 65', 20),
('Due giorni con pernottamento', 'Bambino', 20),
('Giornaliero', 'Disabilità', 60),
('Giornaliero', 'Over 65', 40),
('Giornaliero', 'Bambino', 50),
('Giornaliero', 'Sponsor', 50),
('Giornaliero', 'Gruppo', 10),
('Flash Pass', 'Disabilità', 10),
('Flash Pass', 'Bambino', 10),
('Flash Pass', 'Over 65', 10);