insert into lavoratore(nome, cognome, dataNascita, CF, numeroTelefono, e_mail, mansione, dataInizioContratto, stipendio,
						codiceAttivita_puntoRistoro, codiceAttivita_negozio, nomeGiostra, nomeAreaTematica, nomeRuota,
                        nomeAttrazionePaura)
values
('Mario', 'Rossi', '1985-03-12', 'RSSMRA85C12H501Z', '3331234567', 'm.rossi@email.it', 'RISTORATORE', '2023-01-15', 1320.00, 1, null, null, null, null, null),
('Giulia', 'Bianchi', '1992-07-22', 'BNCHGL92L62F205A', '3479876543', 'g.bianchi@email.it', 'RISTORATORE', '2022-05-10', 1300.00, 2, null, null, null, null, null),
('Luca', 'Verdi', '1980-11-05', 'VRDLCA80S05L219X', '3201122334', 'l.verdi@email.it', 'RISTORATORE', '2021-03-01', 1310.00, 3, null, null, null, null, null),
('Anna', 'Neri', '1995-12-30', 'NREANN95T70H501Q', '3385566778', 'a.neri@email.it', 'RISTORATORE', '2023-06-20', 1330.00, 4, null, null, null, null, null),
('Marco', 'Galli', '1988-02-14', 'GLLMRC88B14F205D', '3293344556', 'm.galli@email.it', 'RISTORATORE', '2022-11-12', 1340.00, 5, null, null, null, null, null),
('Elena', 'Rizzo', '1990-09-08', 'RZZLNE90P48L219W', '3407788990', 'e.rizzo@email.it', 'RISTORATORE', '2020-02-25', 1315.00, 6, null, null, null, null, null),
('Paolo', 'Ferrari', '1975-05-19', 'FRRPLA75E19H501B', '3312233445', 'p.ferrari@email.it', 'RISTORATORE', '2019-09-15', 1325.00, 7, null, null, null, null, null),
('Sofia', 'Russo', '1998-01-25', 'RSSSFO98A65F205C', '3456677889', 's.russo@email.it', 'RISTORATORE', '2023-08-01', 1345.00, 8, null, null, null, null, null),
('Matteo', 'Romano', '1983-04-10', 'RMNMTT83D10L219K', '3281112223', 'm.romano@email.it', 'RISTORATORE', '2021-05-12', 1305.00, 9, null, null, null, null, null),
('Chiara', 'Colombo', '1994-06-15', 'CLMCHR94M55H501Y', '3349900112', 'c.colombo@email.it', 'RISTORATORE', '2022-03-10', 1335.00, 10, null, null, null, null, null),
('Davide', 'Bruno', '1987-10-22', 'BRNDVD87R22F205J', '3471122334', 'd.bruno@email.it', 'RISTORATORE', '2023-02-15', 1315.00, 11, null, null, null, null, null),
('Francesca', 'Ricci', '1991-03-03', 'RCCFNC91C43L219S', '3205566778', 'f.ricci@email.it', 'RISTORATORE', '2022-07-01', 1340.00, 12, null, null, null, null, null),
('Andrea', 'Marino', '1982-08-18', 'MRNNDR82M18H501V', '3398899001', 'a.marino@email.it', 'RISTORATORE', '2021-01-20', 1320.00, 13, null, null, null, null, null),
('Valentina', 'Greco', '1996-11-28', 'GRCVNT96S68F205M', '3462233445', 'v.greco@email.it', 'RISTORATORE', '2023-05-15', 1300.00, 14, null, null, null, null, null),
('Simone', 'Barbieri', '1989-12-12', 'BRBSMN89T12L219O', '3357788990', 's.barbieri@email.it', 'RISTORATORE', '2020-06-10', 1325.00, 15, null, null, null, null, null),
('Alice', 'Lombardi', '1993-02-05', 'LMBALC93B45H501P', '3274455667', 'a.lombardi@email.it', 'RISTORATORE', '2022-09-01', 1330.00, 16, null, null, null, null, null),
('Antonio', 'Moretti', '1978-07-14', 'MRTNTN78L14F205G', '3491122334', 'a.moretti@email.it', 'RISTORATORE', '2018-04-12', 1345.00, 8, null, null, null, null, null),
('Giorgia', 'Ponti', '1997-04-22', 'PNTGRG97D62L219U', '3335544332', 'g.ponti@email.it', 'RISTORATORE', '2023-10-05', 1310.00, 8, null, null, null, null, null),
('Riccardo', 'Costa', '1984-05-30', 'CSTRCC84E30H501E', '3289988776', 'r.costa@email.it', 'RISTORATORE', '2021-12-01', 1320.00, 3, null, null, null, null, null),
('Marta', 'Fontana', '1990-10-10', 'FNTMRT90R50F205R', '3406677881', 'm.fontana@email.it', 'RISTORATORE', '2022-01-15', 1335.00, 3, null, null, null, null, null),
('Luca', 'Verdi', '1980-11-06', 'VRDLCA80S05L219G', '3201122334', 'l.verdi@email.it', 'RISTORATORE', '2021-03-01', 1310.00, 1, null, null, null, null, null),
('Anna', 'Neri', '1995-11-20', 'NREANN95T70H501B', '3385566778', 'a.neri@email.it', 'RISTORATORE', '2023-06-22', 1330.00, 1, null, null, null, null, null),
('Marco', 'Galli', '1988-03-12', 'GLLMRC88B14F202E', '3293344556', 'm.galli@email.it', 'RISTORATORE', '2022-10-11', 1340.00, 2, null, null, null, null, null),
('Elena', 'Rizzo', '1990-04-03', 'RZZLNE90P48L213W', '3407788990', 'e.rizzo@email.it', 'RISTORATORE', '2020-03-15', 1315.00, 2, null, null, null, null, null),
('Paolo', 'Ferrari', '1975-04-16', 'FRRPLA75E19H502S', '3312233445', 'p.ferrari@email.it', 'RISTORATORE', '2019-07-15', 1325.00, 8, null, null, null, null, null),
('Sofia', 'Russo', '1998-02-22', 'RSSSFO98A65F202X', '3456677889', 's.russo@email.it', 'RISTORATORE', '2023-08-01', 1345.00, 12, null, null, null, null, null),

('Fabio', 'Guerra', '1986-06-18', 'GRRFBA86H18L219T', '3314455660', 'f.guerra@email.it', 'COMMESSO', '2023-04-10', 1530.00, null, 17, null, null, null, null),
('Sara', 'Bernardi', '1995-09-01', 'BRNSRA95P41H501N', '3421122334', 's.bernardi@email.it', 'COMMESSO', '2022-08-20', 1550.00, null, 18, null, null, null, null),
('Roberto', 'Pellegrini', '1981-01-15', 'PLLRRT81A15F205W', '3358877665', 'r.pellegrini@email.it', 'COMMESSO', '2021-04-05', 1510.00, null, 19, null, null, null, null),
('Erika', 'Mazza', '1993-08-28', 'MZZRKE93M68L219B', '3483344556', 'e.mazza@email.it', 'COMMESSO', '2023-01-12', 1540.00, null, 20, null, null, null, null),
('Lorenzo', 'Villa', '1989-11-20', 'VLLLNZ89S20H501C', '3395566778', 'l.villa@email.it', 'COMMESSO', '2022-02-14', 1520.00, null, 21, null, null, null, null),
('Stefania', 'Rinaldi', '1992-04-04', 'RNLSFN92D44F205H', '3209900112', 's.rinaldi@email.it', 'COMMESSO', '2021-06-30', 1560.00, null, 22, null, null, null, null),
('Daniele', 'Serra', '1985-02-25', 'SRRDNL85B25L219G', '3341122334', 'd.serra@email.it', 'COMMESSO', '2020-10-01', 1500.00, null, 23, null, null, null, null),
('Martina', 'Caruso', '1994-03-12', 'CRSMRN94C52H501D', '3474455667', 'm.caruso@email.it', 'COMMESSO', '2023-03-20', 1535.00, null, 24, null, null, null, null),
('Alessandro', 'Messina', '1979-12-05', 'MSSLSN79T05F205Z', '3338877665', 'a.messina@email.it', 'COMMESSO', '2019-01-15', 1515.00, null, 25, null, null, null, null),
('Alessia', 'Leone', '1996-05-18', 'LNELSS96E58L219F', '3401122334', 'a.leone@email.it', 'COMMESSO', '2022-12-05', 1545.00, null, 26, null, null, null, null),
('Gabriele', 'Gatti', '1988-06-30', 'GTTGRL88H30H501M', '3315566778', 'g.gatti@email.it', 'COMMESSO', '2023-07-10', 1525.00, null, 27, null, null, null, null),
('Federica', 'Piras', '1991-10-15', 'PRSFNC91R55F205S', '3424455667', 'f.piras@email.it', 'COMMESSO', '2021-11-20', 1555.00, null, 28, null, null, null, null),
('Giacomo', 'Sala', '1983-09-08', 'SLAGCM83P08L219J', '3352233445', 'g.sala@email.it', 'COMMESSO', '2020-04-15', 1505.00, null, 29, null, null, null, null),
('Beatrice', 'Farina', '1995-07-12', 'FRNBTR95L52H501L', '3489900112', 'b.farina@email.it', 'COMMESSO', '2023-05-01', 1530.00, null, 30, null, null, null, null),
('Filippo', 'Boni', '1980-02-28', 'BNOFPP80B28F205K', '3206677889', 'f.boni@email.it', 'COMMESSO', '2018-09-01', 1540.00, null, 31, null, null, null, null),
('Veronica', 'Pellegrino', '1992-12-22', 'PLLVNC92T62L219N', '3343344556', 'v.pellegrino@email.it', 'COMMESSO', '2022-04-12', 1510.00, null, 32, null, null, null, null),
('Igor', 'Morelli', '1986-01-10', 'MRLGRI86A10H501O', '3475566778', 'i.morelli@email.it', 'COMMESSO', '2021-10-25', 1550.00, null, 33, null, null, null, null),
('Ludovica', 'D Amico', '1997-08-05', 'DMCLDV97M45F205P', '3331122334', 'l.damico@email.it', 'COMMESSO', '2023-02-01', 1525.00, null, 34, null, null, null, null),
('Riccardo', 'Santi', '1984-11-15', 'SNTRCC84S15L219A', '3471122990', 'r.santi84@email.it', 'COMMESSO', '2022-09-01', 1510.00, null, 35, null, null, null, null),
('Noemi', 'Ravi', '1998-03-30', 'RVINMI98C70H501G', '3205566112', 'n.ravi@email.it', 'COMMESSO', '2023-04-15', 1530.00, null, 36, null, null, null, null),
('Claudio', 'Fabbri', '1982-05-05', 'FBBCLD82E05F205V', '3334455667', 'c.fabbri@email.it', 'COMMESSO', '2021-11-10', 1495.00, null, 37, null, null, null, null),
('Sabrina', 'Danti', '1990-04-18', 'DNTSBN90D58L219R', '3408899223', 's.danti.staff@email.it', 'COMMESSO', '2022-06-15', 1520.00, null, 38, null, null, null, null),
('Emanuele', 'Palumbo', '1987-07-25', 'PLMMNL87L25H501F', '3397788445', 'e.palumbo@email.it', 'COMMESSO', '2020-01-20', 1540.00, null, 39, null, null, null, null),
('Rachele', 'Fiori', '1993-10-12', 'FRIRCL93R52F205E', '3281122334', 'r.fiori93@email.it', 'COMMESSO', '2023-01-05', 1505.00, null, 40, null, null, null, null),
('Mirko', 'Lupi', '1985-11-20', 'LPUMRK85S20L219H', '3456677889', 'm.lupi@email.it', 'COMMESSO', '2021-05-12', 1515.00, null, 41, null, null, null, null),
('Ilaria', 'Vitali', '1994-02-28', 'VTLRLI94B68H501I', '3319988776', 'i.vitali@email.it', 'COMMESSO', '2022-03-22', 1525.00, null, 42, null, null, null, null),
('Valerio', 'Marini', '1981-06-08', 'MRNVLR81H08F205L', '3275544332', 'v.marini@email.it', 'COMMESSO', '2019-12-01', 1550.00, null, 43, null, null, null, null),
('Camilla', 'Sarti', '1996-09-12', 'SRTCML96P52L219M', '3401122556', 'c.sarti@email.it', 'COMMESSO', '2023-07-10', 1490.00, null, 44, null, null, null, null),
('Gianluca', 'Guerra', '1979-04-30', 'GRRGLC79D30H501B', '3338877665', 'g.guerra@email.it', 'COMMESSO', '2018-02-15', 1580.00, null, 45, null, null, null, null),
('Lara', 'Ferrari', '1991-01-10', 'FRRPLA91A50F205N', '3294433221', 'l.ferrari91@email.it', 'COMMESSO', '2022-10-01', 1535.00, null, 46, null, null, null, null),
('Mattia', 'Gatti', '1984-08-22', 'GTTMRA84M22L219P', '3475566778', 'm.gatti84@email.it', 'COMMESSO', '2021-08-20', 1520.00, null, 47, null, null, null, null),
('Elisa', 'Pellegrini', '1995-11-05', 'PLLELS95S45H501S', '3312233667', 'e.pellegrini@email.it', 'COMMESSO', '2023-03-12', 1510.00, null, 48, null, null, null, null),
('Renato', 'Carli', '1976-12-18', 'CRLRNT76T18F205T', '3209988112', 'r.carli@email.it', 'COMMESSO', '2017-06-01', 1600.00, null, 49, null, null, null, null),
('Vanessa', 'Bosi', '1992-05-30', 'BSLVNS92E70L219V', '3487766554', 'v.bosi@email.it', 'COMMESSO', '2022-01-15', 1525.00, null, 50, null, null, null, null),
('Tommaso', 'Rinaldi', '1988-02-14', 'RLNTMS88B14H501Q', '3332211445', 't.rinaldi@email.it', 'COMMESSO', '2020-05-10', 1545.00, null, 51, null, null, null, null),
('Cinzia', 'Neri', '1990-03-12', 'NRRCNZ90C52F205R', '3296655443', 'c.neri90@email.it', 'COMMESSO', '2021-04-20', 1530.00, null, 52, null, null, null, null),
('Enrico', 'Sanna', '1983-11-25', 'SNNNRC83S25L219Z', '3405544889', 'e.sanna@email.it', 'COMMESSO', '2019-03-15', 1560.00, null, 53, null, null, null, null),
('Silvia', 'Grandi', '1994-04-04', 'GRDSLV94D44H501X', '3318899776', 's.grandi@email.it', 'COMMESSO', '2023-05-01', 1515.00, null, 54, null, null, null, null),
('Orlando', 'Villa', '1989-10-10', 'VLLLND89R10F205W', '3271122330', 'o.villa@email.it', 'COMMESSO', '2020-11-20', 1540.00, null, 55, null, null, null, null),
('Pietro', 'Mancini', '1977-01-15', 'MNCPTR77A55L219D', '3335566001', 'p.mancini@email.it', 'COMMESSO', '2016-12-01', 1620.00, null, 56, null, null, null, null),
('Stefania', 'Loris', '1986-07-08', 'LRSSFN86L08H501C', '3490011223', 's.loris@email.it', 'COMMESSO', '2021-02-10', 1535.00, null, 57, null, null, null, null),

('Christian', 'Parisi', '1984-11-15', 'PRSCRS84S15L219A', '3402233445', 'c.parisi@email.it', 'ADDETTO PARCO', '2022-06-15', 1420.00, null, null, 'Katun', null, null, null),
('Noemi', 'Riva', '1998-03-30', 'RVINMI98C70H502R', '3318899001', 'n.riva@email.it', 'ADDETTO PARCO', '2023-09-12', 1400.00, null, null, 'Desmo Race', null, null, null),
('Claudio', 'Fabbri', '1982-05-05', 'FBBCLD82E05F207C', '3426677889', 'c.fabbri@email.it', 'ADDETTO PARCO', '2021-02-20', 1410.00, null, null, 'Gold Digger', null, null, null),
('Sabrina', 'Donati', '1990-04-18', 'DNTSBN90D58L218R', '3354455667', 's.donati@email.it', 'ADDETTO PARCO', '2020-05-15', 1430.00, null, null, 'Master Thai', null, null, null),
('Emanuele', 'Palmieri', '1987-07-25', 'PLMMNL87L25H506F', '3481122334', 'e.palmieri@email.it', 'ADDETTO PARCO', '2023-01-05', 1440.00, null, null, 'Rexplorer', null, null, null),
('Rachele', 'Fiori', '1993-10-12', 'FRIRCL93R52F208E', '3203344556', 'r.fiori@email.it', 'ADDETTO PARCO', '2022-08-10', 1415.00, null, null, 'Buffalo Bill Rodeo', null, null, null),
('Mirko', 'Lupi', '1985-11-20', 'LPUMRK85S20L211H', '3345566778', 'm.lupi@email.it', 'ADDETTO PARCO', '2021-03-12', 1425.00, null, null, 'Diavel Ring', null, null, null),
('Ilaria', 'Vitali', '1994-02-28', 'VTLRLI94B68H501P', '3478899001', 'i.vitali@email.it', 'ADDETTO PARCO', '2023-04-15', 1405.00, null, null, 'Vortex', null, null, null),
('Valerio', 'Mariani', '1981-06-08', 'MRNVLR81H08F203L', '3332233445', 'v.mariani@email.it', 'ADDETTO PARCO', '2020-11-01', 1435.00, null, null, 'Titan', null, null, null),
('Camilla', 'Sartori', '1996-09-12', 'SRTCML96P52L218M', '3404455667', 'c.sartori@email.it', 'ADDETTO PARCO', '2022-02-20', 1410.00, null, null, 'Sky Piercer', null, null, null),
('Gianluca', 'Guerra', '1979-04-30', 'GRRGLC79D30H509B', '3316677889', 'g.guerra@email.it', 'ADDETTO PARCO', '2017-06-01', 1445.00, null, null, 'Shadow Racer', null, null, null),
('Paola', 'Ferri', '1991-01-10', 'FRRPLA91A50F207N', '3428899001', 'p.ferri@email.it', 'ADDETTO PARCO', '2021-12-15', 1400.00, null, null, 'Cobra Express', null, null, null),
('Mauro', 'Gatti', '1984-08-22', 'GTTMRA84M22L217P', '3351122334', 'm.gatti@email.it', 'ADDETTO PARCO', '2022-05-01', 1430.00, null, null, 'Meteorite', null, null, null),
('Elisa', 'Pellegrini', '1995-11-05', 'PLLELS95S45H503S', '3484455667', 'e.pellegrini@email.it', 'ADDETTO PARCO', '2023-07-20', 1415.00, null, null, 'Reset', null, null, null),
('Renato', 'Carli', '1976-12-18', 'CRLRNT76T18F201T', '3209988776', 'r.carli@email.it', 'ADDETTO PARCO', '2019-03-10', 1420.00, null, null, 'Rio Bravo', null, null, null),
('Vanessa', 'Basile', '1992-05-30', 'BSLVNS92E70L218V', '3347788990', 'v.basile@email.it', 'ADDETTO PARCO', '2021-10-01', 1440.00, null, null, 'Autosplash', null, null, null),
('Alberto', 'Genovese', '1983-05-14', 'GNVLBR83E14F205H', '3331122334', 'a.genovese@email.it', 'ADDETTO PARCO', '2020-02-15', 1450.00, null, null, 'El Dorado Falls', null, null, null),
('Simona', 'Mastri', '1992-08-22', 'MSTRMN92M62L219P', '3475566778', 's.mastri@email.it', 'ADDETTO PARCO', '2021-06-10', 1410.00, null, null, 'Raratonga', null, null, null),
('Filippo', 'Neri', '1987-11-30', 'NREFPP87S30H501Z', '3209988112', 'f.neri.staff@email.it', 'ADDETTO PARCO', '2019-12-05', 1435.00, null, null, 'Rubble''s Rapids', null, null, null),
('Beatrice', 'Valli', '1995-04-12', 'VLLBTR95D52F205K', '3314455667', 'b.valli@email.it', 'ADDETTO PARCO', '2022-03-20', 1405.00, null, null, 'Adventure Bay Carousel', null, null, null),
('Daniele', 'Grisolia', '1980-09-01', 'GRSDNL80P01L219Y', '3382233445', 'd.grisolia@email.it', 'ADDETTO PARCO', '2018-05-14', 1460.00, null, null, 'Aquila Tonante', null, null, null),
('Elena', 'Bernardi', '1994-01-25', 'BRNLNE94A65H501J', '3406677889', 'e.bernardi@email.it', 'ADDETTO PARCO', '2023-01-12', 1415.00, null, null, 'Torri Geronimo', null, null, null),
('Paolo', 'Rizzo', '1988-06-18', 'RZZPLA88H18F205W', '3351122990', 'p.rizzo88@email.it', 'ADDETTO PARCO', '2020-11-01', 1425.00, null, null, 'Boots'' Balloons', null, null, null),
('Marta', 'Fontana', '1991-03-03', 'FNTMRT91C43L219G', '3427788991', 'm.fontana@email.it', 'ADDETTO PARCO', '2021-08-15', 1440.00, null, null, 'Bicisauro', null, null, null),
('Stefano', 'Moretti', '1985-07-28', 'MRTSFN85L28H501R', '3318899002', 's.moretti@email.it', 'ADDETTO PARCO', '2019-05-30', 1430.00, null, null, 'Cowabunga Carts', null, null, null),
('Chiara', 'Longo', '1997-12-05', 'LNGCHR97T45F205L', '3483344556', 'c.longo97@email.it', 'ADDETTO PARCO', '2023-05-20', 1400.00, null, null, 'Jellyfish Jam', null, null, null),
('Giacomo', 'Pellegrino', '1982-10-15', 'PLLGCM82R15L219X', '3291122334', 'g.pellegrino@email.it', 'ADDETTO PARCO', '2020-04-12', 1445.00, null, null, 'Kiddy Monster', null, null, null),
('Ilaria', 'Costa', '1990-02-14', 'CSTRLI90B54H501B', '3345566778', 'i.costa@email.it', 'ADDETTO PARCO', '2022-09-01', 1415.00, null, null, 'Monosauro', null, null, null),
('Valerio', 'Serra', '1984-05-30', 'SRRVLR84E30F205Q', '3339900112', 'v.serra@email.it', 'ADDETTO PARCO', '2021-12-10', 1425.00, null, null, 'Raptotana', null, null, null),
('Ludovica', 'Mazza', '1996-11-20', 'MZZLDV96S60L219V', '3402233441', 'l.mazza@email.it', 'ADDETTO PARCO', '2023-02-01', 1405.00, null, null, 'Reptilium', null, null, null),
('Matteo', 'Rinaldi', '1981-04-10', 'RNLMTT81D10H501U', '3358877665', 'm.rinaldi@email.it', 'ADDETTO PARCO', '2019-07-15', 1455.00, null, null, 'Il Trenino Arcobaleno', null, null, null),
('Sara', 'Basile', '1993-09-12', 'BSLSRA93P52F205Z', '3426655443', 's.basile@email.it', 'ADDETTO PARCO', '2022-10-05', 1410.00, null, null, 'Le Tazze Magiche', null, null, null),
('Gisella', 'Ponti', '1989-06-25', 'PNTGSL89H65L219I', '3334455881', 'g.ponti@email.it', 'ADDETTO PARCO', '2021-03-15', 1430.00, null, null, null, 'Adventureland', null, null),
('Ruggero', 'Mori', '1982-01-14', 'MRORGR82A14H501K', '3471122003', 'r.mori.staff@email.it', 'ADDETTO PARCO', '2020-05-20', 1445.00, null, null, null, 'Nickelodeon Land', null, null),
('Tiziana', 'Galli', '1995-10-05', 'GLLTZN95R45F205C', '3209988445', 't.galli@email.it', 'ADDETTO PARCO', '2022-11-01', 1410.00, null, null, null, 'Ducati World', null, null),
('Pasquale', 'Esposito', '1978-02-28', 'SPSPSQ78B28L219W', '3405566771', 'p.esposito@email.it', 'ADDETTO PARCO', '2018-09-12', 1465.00, null, null, null, 'FarWest Valley', null, null),
('Lorena', 'Santi', '1993-04-18', 'SNTLRN93D58H501D', '3312233994', 'l.santi@email.it', 'ADDETTO PARCO', '2023-06-10', 1420.00, null, null, null, null, 'AlgigaWheel', null),
('Edoardo', 'Lucci', '1986-12-05', 'LCCDRD86T05F205S', '3331122440', 'e.lucci@email.it', 'ADDETTO PARCO', '2020-09-12', 1440.00, null, null, null, null, null, 'Phobia'),
('Sabina', 'Riva', '1994-07-14', 'RVISBN94L54L219E', '3475566112', 's.riva@email.it', 'ADDETTO PARCO', '2022-04-20', 1415.00, null, null, null, null, null, 'Mortal Circus'),
('Valter', 'Gatti', '1981-03-22', 'GTTVTR81C22H501M', '3209988334', 'v.gatti.staff@email.it', 'ADDETTO PARCO', '2019-10-05', 1455.00, null, null, null, null, null, 'Llorona'),
('Nadia', 'Berti', '1997-10-30', 'BRTNDA97R70F205N', '3314455223', 'n.berti@email.it', 'ADDETTO PARCO', '2023-08-15', 1405.00, null, null, null, null, null, 'Acid Rain'),
('Cristian', 'Mori', '1984-05-18', 'MRICRS84E18L219B', '3382233990', 'c.mori@email.it', 'ADDETTO PARCO', '2021-01-12', 1435.00, null, null, null, null, null, 'Zombie Tunnel'),
('Monica', 'Leone', '1990-11-02', 'LNEMNC90S42H501V', '3406677441', 'm.leone90@email.it', 'ADDETTO PARCO', '2022-12-01', 1420.00, null, null, null, null, null, 'Horror Forest'),
('Fabrizio', 'Santi', '1988-02-14', 'SNTFBZ88B14F205T', '3351122667', 'f.santi88@email.it', 'ADDETTO PARCO', '2020-03-30', 1445.00, null, null, null, null, null, 'Ghost House'),
('Raffaella', 'Dosi', '1992-06-25', 'DSORFL92H65L219K', '3427788110', 'r.dosi@email.it', 'ADDETTO PARCO', '2021-07-10', 1410.00, null, null, null, null, null, 'Booo'),
('Giovanni', 'Mele', '1979-08-08', 'MLEGNN79M08H501Q', '3318899554', 'g.mele@email.it', 'ADDETTO PARCO', '2018-05-20', 1460.00, null, null, null, null, null, 'Escape Room'),
('Ilaria', 'Zamboni', '1991-05-22', 'ZMBLRI91E62H501K', '3381122990', 'i.zamboni@email.it', 'ADDETTO PARCO', '2023-01-15', 1410.00, null, null, 'Katun', null, null, null),
('Giacomo', 'Galli', '1988-11-04', 'GLLGCM88S04F205P', '3294455660', 'g.galli.staff@email.it', 'ADDETTO PARCO', '2022-03-12', 1435.00, null, null, 'Rexplorer', null, null, null),
('Elena', 'Morelli', '1995-02-14', 'MRLLNE95B54L219H', '3407788112', 'e.morelli@email.it', 'ADDETTO PARCO', '2021-11-20', 1400.00, null, null, 'Rio Bravo', null, null, null),
('Daniele', 'Fabbri', '1982-08-30', 'FBBDNL82M30H501T', '3315566778', 'd.fabbri82@email.it', 'ADDETTO PARCO', '2020-05-10', 1445.00, null, null, null, null, 'AlgigaWheel', null),
('Sofia', 'Neri', '1993-06-25', 'NRESFO93H65F205J', '3472233441', 's.neri.park@email.it', 'ADDETTO PARCO', '2023-09-01', 1425.00, null, null, null, 'Adventureland', null, null),

('Tommaso', 'Orlando', '1988-02-14', 'RLNTMS88B14H503Q', '3472233445', 't.orlando@email.it', 'ADDETTO SICUREZZA', '2022-09-15', 1620.00, null, null, 'Katun', null, null, null),
('Cinzia', 'Neri', '1990-03-12', 'NRRCNZ90C52F207R', '3335566778', 'c.negri@email.it', 'ADDETTO SICUREZZA', '2023-01-30', 1650.00, null, null, 'Desmo Race', null, null, null),
('Enrico', 'Sanna', '1983-11-25', 'SNNNRC83S25L215Z', '3401122334', 'e.sanna@email.it', 'ADDETTO SICUREZZA', '2020-07-12', 1610.00, null, null, 'Gold Digger', null, null, null),
('Silvia', 'Giraudo', '1994-04-04', 'GRDSLV94D44H508X', '3313344556', 's.giraudo@email.it', 'ADDETTO SICUREZZA', '2022-06-20', 1640.00, null, null, 'Master Thai', null, null, null),
('Leonardo', 'Valli', '1989-10-10', 'VLLLND89R10F203W', '3425566778', 'l.valli@email.it', 'ADDETTO SICUREZZA', '2021-11-05', 1630.00, null, null, 'Rexplorer', null, null, null),
('Patrizia', 'Manca', '1977-01-15', 'MNCPTR77A55L213D', '3358899001', 'p.manca@email.it', 'ADDETTO SICUREZZA', '2018-02-14', 1655.00, null, null, 'Buffalo Bill Rodeo', null, null, null),
('Stefano', 'Lorusso', '1986-07-08', 'LRSSFN86L08H503C', '3482233445', 's.lorusso@email.it', 'ADDETTO SICUREZZA', '2023-03-01', 1625.00, null, null, 'Diavel Ring', null, null, null),
('Debora', 'Basso', '1993-09-22', 'BSSDBR93P62F205F', '3205544332', 'd.basso@email.it', 'ADDETTO SICUREZZA', '2022-11-10', 1645.00, null, null, 'Vortex', null, null, null),
('Omar', 'Mancini', '1985-05-19', 'MNCMRO85E19L219G', '3349988776', 'o.mancini@email.it', 'ADDETTO SICUREZZA', '2021-01-15', 1600.00, null, null, 'Titan', null, null, null),
('Giuliana', 'Monti', '1991-12-30', 'MNTGLN91T70H501E', '3476677889', 'g.monti@email.it', 'ADDETTO SICUREZZA', '2023-05-12', 1635.00, null, null, 'Sky Piercer', null, null, null),
('Manuel', 'Pellegrino', '1997-02-05', 'PLLMNL97B05F205L', '3334455667', 'm.pellegrino@email.it', 'ADDETTO SICUREZZA', '2022-08-01', 1615.00, null, null, 'Shadow Racer', null, null, null),
('Cristina', 'Valenti', '1982-06-15', 'VLNCST82H55L219K', '3408877665', 'c.valenti@email.it', 'ADDETTO SICUREZZA', '2021-04-20', 1645.00, null, null, 'Cobra Express', null, null, null),
('Luigi', 'Esposito', '1980-03-03', 'SPTLGU80C03H501M', '3311122334', 'l.esposito@email.it', 'ADDETTO SICUREZZA', '2019-10-15', 1660.00, null, null, 'Meteorite', null, null, null),
('Teresa', 'Romano', '1995-10-22', 'RMNTRE95R62F205H', '3423344556', 't.romano@email.it', 'ADDETTO SICUREZZA', '2023-09-01', 1620.00, null, null, 'Reset', null, null, null),
('Paolo', 'Ricci', '1984-04-12', 'RCCPLA84D12F205S', '3391122445', 'p.ricci@email.it', 'ADDETTO SICUREZZA', '2021-03-10', 1625.00, null, null, 'Rio Bravo', null, null, null),
('Simona', 'Gallo', '1992-08-19', 'GLLSMN92M59L219J', '3456677990', 's.gallo@email.it', 'ADDETTO SICUREZZA', '2022-12-05', 1640.00, null, null, 'Autosplash', null, null, null),
('Matteo', 'Riva', '1987-05-25', 'RVAMTT87E25H501K', '3384455772', 'm.riva@email.it', 'ADDETTO SICUREZZA', '2020-05-14', 1615.00, null, null, 'El Dorado Falls', null, null, null),
('Valentina', 'Dotti', '1996-01-30', 'DTTVNT96A70F205P', '3490011334', 'v.dotti@email.it', 'ADDETTO SICUREZZA', '2023-04-15', 1630.00, null, null, 'Raratonga', null, null, null),
('Fabio', 'Moretti', '1981-11-14', 'MRT FBA81S14L219Q', '3317788001', 'f.moretti@email.it', 'ADDETTO SICUREZZA', '2019-06-20', 1655.00, null, null, 'Rubble''s Rapids', null, null, null),
('Elena', 'Parodi', '1994-09-02', 'PRDLNE94P42H501B', '3426677112', 'e.parodi@email.it', 'ADDETTO SICUREZZA', '2022-02-10', 1620.00, null, null, 'Adventure Bay Carousel', null, null, null),
('Daniele', 'Bruno', '1988-07-28', 'BRNDNL88L28F205M', '3354455883', 'd.bruno@email.it', 'ADDETTO SICUREZZA', '2021-09-01', 1645.00, null, null, 'Aquila Tonante', null, null, null),
('Chiara', 'Serra', '1993-02-15', 'SRRCHR93B55L219Y', '3481122667', 'c.serra@email.it', 'ADDETTO SICUREZZA', '2023-02-28', 1635.00, null, null, 'Torri Geronimo', null, null, null),
('Alessio', 'De Luca', '1985-10-10', 'DLCLSS85R10H501W', '3203344889', 'a.deluca@email.it', 'ADDETTO SICUREZZA', '2020-11-12', 1650.00, null, null, 'Boots'' Balloons', null, null, null),
('Federica', 'Costa', '1990-12-04', 'CSTFRC90T44F205G', '3345566112', 'f.costa@email.it', 'ADDETTO SICUREZZA', '2021-07-20', 1625.00, null, null, 'Bicisauro', null, null, null),
('Marco', 'Lombardi', '1983-06-22', 'LMBMRC83H22L219R', '3339988110', 'm.lombardi@email.it', 'ADDETTO SICUREZZA', '2018-09-15', 1665.00, null, null, 'Cowabunga Carts', null, null, null),
('Sara', 'Fontana', '1997-03-08', 'FNT SRA97C48H501Z', '3471122998', 's.fontana@email.it', 'ADDETTO SICUREZZA', '2023-06-01', 1610.00, null, null, 'Jellyfish Jam', null, null, null),
('Giacomo', 'Grasso', '1989-01-25', 'GRSGCM89A25F205T', '3205566114', 'g.grasso@email.it', 'ADDETTO SICUREZZA', '2022-05-12', 1635.00, null, null, 'Kiddy Monster', null, null, null),
('Marta', 'Piras', '1982-11-11', 'PR SMRT82S51L219X', '3407788334', 'm.piras@email.it', 'ADDETTO SICUREZZA', '2019-12-01', 1645.00, null, null, 'Monosauro', null, null, null),
('Riccardo', 'Ferri', '1995-07-14', 'FRRRCR95L14H501V', '3314455226', 'r.ferri@email.it', 'ADDETTO SICUREZZA', '2023-01-10', 1620.00, null, null, 'Raptotana', null, null, null),
('Ilaria', 'Mariani', '1986-08-30', 'MRNLRI86M70F205A', '3429988445', 'i.mariani@email.it', 'ADDETTO SICUREZZA', '2020-03-25', 1650.00, null, null, 'Reptilium', null, null, null),
('Davide', 'Guerra', '1991-04-05', 'GRRDVD91D05L219O', '3341122778', 'd.guerra@email.it', 'ADDETTO SICUREZZA', '2022-10-18', 1630.00, null, null, 'Il Trenino Arcobaleno', null, null, null),
('Barbara', 'Russo', '1979-05-20', 'RSSBBR79E60H501N', '3487766554', 'b.russo@email.it', 'ADDETTO SICUREZZA', '2017-08-14', 1670.00, null, null, 'Le Tazze Magiche', null, null, null),
('Anna', 'Bianchi', '1992-05-20', 'BNCNNA92E60F205D', '3479876543', 'a.bianchi@email.it', 'ADDETTO SICUREZZA', '2022-04-10', 1650.00, null, null, null, 'Adventureland', null, null),
('Luca', 'Verdi', '1988-11-04', 'VRDLUC88S04L219P', '3204455667', 'l.verdi@email.it', 'ADDETTO SICUREZZA', '2021-06-15', 1635.00, null, null, null, 'Nickelodeon Land', null, null),
('Elena', 'Rizzo', '1995-07-28', 'RZZLNE95L68H501Q', '3381122334', 'e.rizzo@email.it', 'ADDETTO SICUREZZA', '2023-03-01', 1610.00, null, null, null, 'Ducati World', null, null),
('Roberto', 'Neri', '1980-09-14', 'NRRRRT80P14F205W', '3495566778', 'r.neri@email.it', 'ADDETTO SICUREZZA', '2020-02-20', 1680.00, null, null, null, 'FarWest Valley', null, null),
('Federico', 'Russo', '1984-08-22', 'RSSFDR84M22H501U', '3351239874', 'f.russo@email.it', 'ADDETTO SICUREZZA', '2019-11-10', 1645.00, null, null, null, null, 'AlgigaWheel', null),
('Giorgio', 'Moretti', '1987-04-18', 'MRTGRG87D18L219V', '3312233441', 'g.moretti@email.it', 'ADDETTO SICUREZZA', '2021-02-10', 1625.00, null, null, null, null, null, 'Phobia'),
('Francesca', 'Pellegrini', '1993-11-22', 'PLLFNC93S62H501Y', '3405566772', 'f.pellegrini@email.it', 'ADDETTO SICUREZZA', '2022-08-15', 1640.00, null, null, null, null, null, 'Mortal Circus'),
('Claudio', 'Serra', '1982-01-30', 'SRRCLD82A30F205T', '3389988773', 'c.serra.sic@email.it', 'ADDETTO SICUREZZA', '2019-05-20', 1665.00, null, null, null, null, null, 'Acid Rain'),
('Martina', 'Caruso', '1996-06-05', 'CRSMTN96H45L219K', '3471122334', 'm.caruso@email.it', 'ADDETTO SICUREZZA', '2023-03-12', 1615.00, null, null, null, null, null, 'Llorona'),
('Andrea', 'Fontana', '1989-09-14', 'FNTNDR89P14H501X', '3354455665', 'a.fontana@email.it', 'ADDETTO SICUREZZA', '2020-11-01', 1650.00, null, null, null, null, null, 'Zombie Tunnel'),
('Simona', 'Longhi', '1991-03-27', 'LNGSMN91C67F205W', '3427788996', 's.longhi@email.it', 'ADDETTO SICUREZZA', '2021-07-25', 1630.00, null, null, null, null, null, 'Ghost House'),
('Davide', 'Villa', '1984-12-10', 'VLLDVD84T10L219O', '3336677887', 'd.villa@email.it', 'ADDETTO SICUREZZA', '2018-04-14', 1675.00, null, null, null, null, null, 'Horror Forest'),
('Paola', 'Marini', '1995-02-28', 'MRNPLA95B68H501E', '3490011228', 'p.marini@email.it', 'ADDETTO SICUREZZA', '2022-10-05', 1620.00, null, null, null, null, null, 'Booo'),
('Enzo', 'Gatti', '1980-07-19', 'GTTNZE80L19F205B', '3318899009', 'e.gatti@email.it', 'ADDETTO SICUREZZA', '2017-09-30', 1685.00, null, null, null, null, null, 'Escape Room'),

('Giorgio', 'Battaglia', '1984-01-25', 'BTTGRG84A25L219S', '3355566778', 'g.battaglia@email.it', 'ARTISTA', '2022-02-14', 2150.00, null, null, null, null, null, null),
('Angela', 'Gallo', '1990-07-14', 'GLLNGL90L54H501A', '3487788990', 'a.gallo@email.it', 'ARTISTA', '2020-12-05', 2200.00, null, null, null, null, null, null),
('Nicola', 'Sanna', '1987-04-10', 'SNNNCL87D10F205O', '3201122334', 'n.sanna@email.it', 'ARTISTA', '2021-06-10', 2100.00, null, null, null, null, null, null),
('Rosa', 'Marchetti', '1993-11-28', 'MRCHRS93S68L219U', '3345544332', 'r.rosa@email.it', 'ARTISTA', '2022-03-30', 2180.00, null, null, null, null, null, null),
('Salvatore', 'Conti', '1981-12-12', 'CNTSVT81T12H501I', '3479900112', 's.conti@email.it', 'ARTISTA', '2019-05-15', 2250.00, null, null, null, null, null, null),
('Barbara', 'De Luca', '1994-08-18', 'DLCBBR94M58F205P', '3336677881', 'b.deluca@email.it', 'ARTISTA', '2023-02-20', 2120.00, null, null, null, null, null, null),
('Massimo', 'Giordano', '1986-09-08', 'GRDMSM86P08L219T', '3402233445', 'm.giordano@email.it', 'ARTISTA', '2020-09-01', 2160.00, null, null, null, null, null, null),
('Simona', 'Rizzi', '1996-03-03', 'RZZSMN96C43H501R', '3318877665', 's.rizzi@email.it', 'ARTISTA', '2022-07-10', 2140.00, null, null, null, null, null, null),
('Fabrizio', 'Mancini', '1982-10-15', 'MNCFBZ82R15F205B', '3421122334', 'f.mancini@email.it', 'ARTISTA', '2021-05-12', 2110.00, null, null, null, null, null, null),
('Daniela', 'Moretti', '1992-02-05', 'MRTDNL92B45L219M', '3354455667', 'd.moretti@email.it', 'ARTISTA', '2023-11-01', 2190.00, null, null, null, null, null, null),
('Claudio', 'Leone', '1978-11-20', 'LNECLD78S20H501N', '3489900112', 'c.leone@email.it', 'ARTISTA', '2018-08-20', 2050.00, null, null, null, null, null, null),
('Beatrice', 'Sanna', '1998-04-22', 'SNNBTR98D62F205V', '3206677889', 'b.sanna@email.it', 'ARTISTA', '2023-10-15', 2130.00, null, null, null, null, null, null),

('Emanuele', 'Fabbri', '1985-05-30', 'FBBMNL85E30L219Q', '3343344556', 'e.fabbri@email.it', 'PULITORE', '2021-04-12', 1260.00, null, null, null, null, null, null),
('Sabrina', 'Vitali', '1991-06-18', 'VTLSBR91H58H501F', '3475566778', 's.vitali@email.it', 'PULITORE', '2022-12-01', 1280.00, null, null, null, null, null, null),
('Valerio', 'Mariani', '1988-09-01', 'MRNVLR88P01F205W', '3331122334', 'v.mariani@email.it', 'PULITORE', '2020-02-14', 1250.00, null, null, null, null, null, null),
('Elisa', 'Marchetti', '1997-12-12', 'MRCHLS97T52L219K', '3402233445', 'e.marchetti@email.it', 'PULITORE', '2023-06-15', 1290.00, null, null, null, null, null, null),
('Mauro', 'Caruso', '1983-08-28', 'CRSMRA83M28H501X', '3318899001', 'm.caruso@email.it', 'PULITORE', '2021-08-10', 1270.00, null, null, null, null, null, null),
('Vanessa', 'Bernardi', '1994-11-20', 'BRNVNS94S60F205C', '3426677889', 'v.bernardi@email.it', 'PULITORE', '2022-09-20', 1255.00, null, null, null, null, null, null),
('Tommaso', 'Giraudo', '1981-04-04', 'GRDTMS81D04L219D', '3354455667', 't.giraudo@email.it', 'PULITORE', '2020-03-12', 1285.00, null, null, null, null, null, null),
('Cinzia', 'Donati', '1996-10-10', 'DNTCNZ96R50H501H', '3481122334', 'c.donati@email.it', 'PULITORE', '2023-04-05', 1275.00, null, null, null, null, null, null),
('Silvia', 'Sartori', '1979-01-15', 'SRTSLV79A55F205E', '3203344556', 's.sartori@email.it', 'PULITORE', '2019-11-20', 1265.00, null, null, null, null, null, null),
('Leonardo', 'Vitali', '1992-07-08', 'VTLLND92L08L219B', '3345566778', 'l.vitali@email.it', 'PULITORE', '2021-07-15', 1295.00, null, null, null, null, null, null),
('Gisella', 'Neri', '1991-05-14', 'NREGSL91E54H501T', '3339988770', 'g.neri.pul@email.it', 'PULITORE', '2023-02-10', 1275.00, 1, 50, null, null, null, null),
('Ruggero', 'Santi', '1984-11-22', 'SNTRGR84S22L219W', '3471122554', 'r.santi@email.it', 'PULITORE', '2022-09-01', 1290.00, 5, 52, null, null, null, null),
('Tiziana', 'Bosi', '1996-03-30', 'BSOTZN96C70F205K', '3205566332', 't.bosi@email.it', 'PULITORE', '2023-06-15', 1265.00, 3, 55, null, null, null, null),
('Pasquale', 'D Amico', '1980-08-08', 'DMCPSQ80M08L219Y', '3407788112', 'p.damico.staff@email.it', 'PULITORE', '2021-04-20', 1285.00, 9, 56, null, null, null, null),
('Marco', 'Rizzo', '1987-03-12', 'RZZMRC87C12F205G', '3391122334', 'm.rizzo@email.it', 'PULITORE', '2021-05-10', 1260.00, 10, 57, null, null, null, null),
('Giulia', 'Ferrari', '1995-11-04', 'FRRGLI95S44L219H', '3456677889', 'g.ferrari@email.it', 'PULITORE', '2023-01-15', 1275.00, 8, 53, null, null, null, null),
('Stefano', 'Bianchi', '1982-02-25', 'BNCSTF82B25H501J', '3384455661', 's.bianchi@email.it', 'PULITORE', '2020-09-01', 1290.00, 4, 51, null, null, null, null),
('Alessia', 'Romano', '1990-06-30', 'RMNLSS90H70L219Z', '3490011223', 'a.romano@email.it', 'PULITORE', '2022-03-20', 1265.00, 6, 54, null, null, null, null),
('Roberto', 'Gallo', '1989-12-14', 'GLLRRT89T14F205K', '3317788990', 'r.gallo@email.it', 'PULITORE', '2021-11-12', 1280.00, 16, 58, null, null, null, null),

('Sandro', 'Pini', '1995-02-14', 'PNISND95B14H501F', '3334455667', 's.pini@email.it', 'CASSIERE', '2023-03-01', 1370.00, null, null, null, null, null, null),
('Monica', 'Lori', '1990-05-22', 'LROMNC90E62F205L', '3471122334', 'm.lori@email.it', 'CASSIERE', '2022-06-15', 1380.00, null, null, null, null, null, null),
('Davide', 'Mori', '1988-09-08', 'MRIDVD88P08L219M', '3209988776', 'd.mori@email.it', 'CASSIERE', '2021-10-10', 1360.00, null, null, null, null, null, null),
('Paola', 'Berti', '1996-12-12', 'BRTPLA96T52H501P', '3346677889', 'p.berti@email.it', 'CASSIERE', '2023-01-20', 1390.00, null, null, null, null, null, null),
('Luca', 'Fante', '1993-04-04', 'FNTLCA93D04F205D', '3405566778', 'l.fante@email.it', 'CASSIERE', '2022-04-12', 1375.00, null, null, null, null, null, null),
('Sara', 'Villa', '1997-07-15', 'VLLSRA97L55L219V', '3312233445', 's.villa@email.it', 'CASSIERE', '2023-05-05', 1385.00, null, null, null, null, null, null),
('Fabio', 'Longo', '1991-08-14', 'LNGFBA91M14F205K', '3334455112', 'f.longo@email.it', 'CASSIERE', '2023-02-10', 1375.00, null, null, null, null, null, null),
('Elena', 'Santi', '1994-03-25', 'SNTLNE94C65L219J', '3471122990', 'e.santi@email.it', 'CASSIERE', '2022-11-05', 1380.00, null, null, null, null, null, null),
('Roberto', 'Mele', '1989-10-02', 'MLERRT89R02H501G', '3209988443', 'r.mele@email.it', 'CASSIERE', '2021-06-20', 1365.00, null, null, null, null, null, null),
('Chiara', 'Riva', '1997-12-30', 'RVIMCH97T70F205D', '3346677221', 'c.riva@email.it', 'CASSIERE', '2023-01-15', 1395.00, null, null, null, null, null, null),
('Marco', 'Dosi', '1992-05-18', 'DSOMRC92E18L219S', '3405566118', 'm.dosi@email.it', 'CASSIERE', '2022-04-01', 1370.00, null, null, null, null, null, null),
('Sonia', 'Grassi', '1995-07-07', 'GRSSNO95L47H501W', '3312233996', 's.grassi@email.it', 'CASSIERE', '2023-08-12', 1390.00, null, null, null, null, null, null),

('Enzo', 'Raggi', '1982-10-10', 'RGGNZO82R10H501A', '3481122334', 'e.raggi@email.it', 'MANUTENTORE', '2020-05-12', 1950.00, null, null, null, null, null, null),
('Marta', 'Bini', '1989-01-25', 'BNIMRT89A65F205C', '3203344556', 'm.bini@email.it', 'MANUTENTORE', '2022-02-14', 1900.00, null, null, null, null, null, null),
('Stefano', 'Dore', '1985-06-30', 'DRESFN85H30L219L', '3345566778', 's.dore@email.it', 'MANUTENTORE', '2021-09-01', 1880.00, null, null, null, null, null, null),
('Ilaria', 'Pace', '1994-11-20', 'PCALRI94S60H501M', '3478899001', 'i.pace@email.it', 'MANUTENTORE', '2023-04-15', 1920.00, null, null, null, null, null, null),
('Giacomo', 'Riva', '1983-04-12', 'RVIGCM83D12L219H', '3381122330', 'g.riva@email.it', 'MANUTENTORE', '2021-02-15', 1980.00, null, null, null, null, null, null),
('Simona', 'Lenti', '1991-09-05', 'LNTSMN91P45H501F', '3459988771', 's.lenti@email.it', 'MANUTENTORE', '2022-10-10', 1850.00, null, null, null, null, null, null),
('Andrea', 'Zanni', '1987-11-22', 'ZNNDRA87S22F205C', '3294455662', 'a.zanni@email.it', 'MANUTENTORE', '2020-03-01', 1930.00, null, null, null, null, null, null),
('Valeria', 'Bosi', '1995-01-18', 'BSOVLR95A58L219Z', '3317766554', 'v.bosi@email.it', 'MANUTENTORE', '2023-06-20', 1890.00, null, null, null, null, null, null),
('Daniele', 'Rizzo', '1986-02-12', 'RZZDNL86B12F205X', '3298877661', 'd.rizzo@email.it', 'MANUTENTORE', '2020-07-01', 1915.00, null, null, null, null, null, null);

insert into attrazione_di_paura(nomeAttrazionePaura, disponibilita, prezzoAggiuntivo, dataInizio, dataFine)
values ('Phobia', 1, 15, '2026-04-01', '2026-10-31'), ('Mortal Circus', 1, 12, '2026-10-01', '2026-10-31'),
		('Acid Rain', 1, 0, '2026-10-01', '2026-10-31'), ('Llorona', 1, 0, '2026-04-01', '2026-10-31'),
        ('Zombie Tunnel', 1, 5, '2026-9-01', '2026-10-31'), ('Ghost House', 1, 0, '2026-08-01', '2026-10-31'),
        ('Horror Forest', 1, 8, '2026-04-01', '2026-10-31'), ('Red Wall', 0, 0, '2026-04-01', '2026-10-31'),
        ('Booo', 1, 0, '2026-04-01', '2026-10-31'), ('Scary Tunnel', 0, 15, '2025-04-01', '2025-10-31'),
        ('Scream', 0, 7, '2024-09-01', '2024-10-31'), ('Fireball', 0, 0, '2024-04-01', '2024-10-31'),
        ('Escape Room', 1, 12, '2026-04-01', '2026-10-31'), ('Help!', 0, 3, '2022-04-01', '2022-10-31'),
        ('Ahooooo', 0, 5, '2023-09-01', '2023-10-31');

insert into bagno(disponibilita, codiceBagno)
values (1, 1), (1, 2), (0, 3), (1, 4), (1, 5), (1, 6), (1, 7), (1, 8), (1, 9), (0, 10), (1, 11), (1, 12);

insert into biglietto(codiceBiglietto, nomeBiglietto)
values (1, 'Giornaliero'), (2, 'Flash Pass'), (3, 'Pomeridiano'), (4, '2 giorni con pernottamento'),
		(5, 'Giornaliero'), (6, 'Pomeridiano'), (7, 'Pomeridiano'), (8, 'Flash Pass'),
        (9, 'Giornaliero'), (10, 'Flash Pass'), (11, '2 giorni con pernottamento'), (12, 'Flash Pass'),
        (13, 'Pomeridiano'), (14, 'Flash Pass'), (15, 'Giornaliero'), (16, '2 giorni con pernottamento'),
        (17, 'Giornaliero'), (18, '2 giorni con pernottamento'), (19, 'Pomeridiano'), (20, 'Giornaliero'),
        (21, 'Pomeridiano'), (22, 'Flash Pass'), (23, 'Giornaliero'), (24, 'Giornaliero'),
        (25, 'Giornaliero'), (26, '2 giorni con pernottamento'), (27, 'Flash Pass'), (28, 'Flash Pass'),
        (29, 'Pomeridiano'), (30, 'Giornaliero'), (31, '2 giorni con pernottamento'), (32, 'Pomeridiano'),
        (33, 'Flash Pass'), (34, 'Giornaliero'), (35, 'Giornaliero'), (36, 'Pomeridiano'),
        (37, 'Flash Pass'), (38, 'Giornaliero'), (39, 'Pomeridiano'), (40, 'Flash Pass'),
        (41, 'Giornaliero'), (42, 'Pomeridiano'), (43, '2 giorni con pernottamento'), (44, 'Giornaliero'),
        (45, '2 giorni con pernottamento'), (46, 'Pomeridiano'), (47, 'Flash Pass'), (48, 'Giornaliero'),
        (49, 'Flash Pass'), (50, 'Pomeridiano'), (51, 'Giornaliero'), (52, '2 giorni con pernottamento'),
        (53, 'Giornaliero'), (54, 'Pomeridiano'), (55, 'Giornaliero'), (56, 'Giornaliero'),
        (57, 'Flash Pass'), (58, 'Pomeridiano'), (59, 'Giornaliero'), (60, 'Pomeridiano'),
        (61, '2 giorni con pernottamento'), (62, 'Flash Pass'), (63, 'Giornaliero'), (64, 'Giornaliero'),
        (65, 'Pomeridiano'), (66, 'Flash Pass'), (67, 'Giornaliero'), (68, 'Flash Pass'), (69, 'Pomeridiano'),
        (70, '2 giorni con pernottamento'), (71, 'Giornaliero'), (72, 'Pomeridiano'), (73, '2 giorni con pernottamento'),
        (74, 'Flash Pass'), (75, 'Giornaliero'), (76, 'Pomeridiano'), (77, 'Flash Pass'), (78, 'Giornaliero'),
        (79, 'Giornaliero'), (80, 'Pomeridiano'), (81, 'Flash Pass'), (82, '2 giorni con pernottamento'), (83, 'Giornaliero'),
        (84, 'Pomeridiano'), (85, 'Flash Pass'), (86, 'Giornaliero'), (87, 'Giornaliero'), (88, 'Pomeridiano'),
        (89, 'Flash Pass'), (90, 'Giornaliero'), (91, '2 giorni con pernottamento'), (92, 'Pomeridiano'), (93, 'Flash Pass'),
        (94, 'Giornaliero'), (95, 'Giornaliero'), (96, 'Pomeridiano'), (97, 'Flash Pass'),
        (98, '2 giorni con pernottamento'), (99, 'Giornaliero'), (100, 'Pomeridiano'), (101, 'Giornaliero'),
		(102, 'Pomeridiano'), (103, '2 giorni con pernottamento'), (104, 'Giornaliero'), (105, 'Pomeridiano'),
		(106, '2 giorni con pernottamento'), (107, 'Giornaliero'), (108, 'Pomeridiano'), (109, '2 giorni con pernottamento'),
		(110, 'Giornaliero'), (111, 'Pomeridiano'), (112, '2 giorni con pernottamento'), (113, 'Giornaliero'), (114, 'Pomeridiano'),
		(115, '2 giorni con pernottamento'), (116, 'Giornaliero'), (117, 'Pomeridiano'), (118, '2 giorni con pernottamento'),
		(119, 'Giornaliero'), (120, 'Pomeridiano'), (121, '2 giorni con pernottamento'), (122, 'Giornaliero'), (123, 'Pomeridiano'),
		(124, '2 giorni con pernottamento'), (125, 'Giornaliero'), (126, 'Pomeridiano'), (127, '2 giorni con pernottamento'),
		(128, 'Giornaliero'), (129, 'Pomeridiano'), (130, '2 giorni con pernottamento'), (131, 'Giornaliero'), (132, 'Giornaliero'),
        (133, 'Giornaliero'), (134, 'Giornaliero'), (135, 'Giornaliero'),
		(136, 'Giornaliero'), (137, 'Giornaliero'), (138, 'Giornaliero'), (139, 'Giornaliero'), (140, 'Giornaliero'),
		(141, 'Giornaliero'), (142, 'Giornaliero'), (143, 'Giornaliero'), (144, 'Giornaliero'), (145, 'Giornaliero'),
		(146, 'Giornaliero'), (147, 'Giornaliero'), (148, 'Giornaliero'), (149, 'Giornaliero'), (150, 'Giornaliero'),
		(151, 'Giornaliero'), (152, 'Giornaliero'), (153, 'Giornaliero'), (154, 'Giornaliero'), (155, 'Giornaliero'),
		(156, 'Giornaliero'), (157, 'Giornaliero'), (158, 'Giornaliero'), (159, 'Giornaliero'), (160, 'Giornaliero'),
		(161, 'Giornaliero'), (162, 'Giornaliero'), (163, 'Giornaliero'), (164, 'Giornaliero'), (165, 'Giornaliero'),
		(166, 'Giornaliero'), (167, 'Giornaliero'), (168, 'Giornaliero'), (169, 'Giornaliero'), (170, 'Giornaliero'),
		(171, 'Giornaliero'), (172, 'Giornaliero'), (173, 'Giornaliero'), (174, 'Giornaliero'), (175, 'Giornaliero'),
		(176, 'Giornaliero'), (177, 'Giornaliero'), (178, 'Giornaliero'), (179, 'Giornaliero'), (180, 'Giornaliero'),
		(181, 'Giornaliero'), (182, 'Giornaliero'), (183, 'Giornaliero'), (184, 'Giornaliero'), (185, 'Giornaliero'),
		(186, 'Giornaliero'), (187, 'Giornaliero'), (188, 'Giornaliero'), (189, 'Giornaliero'), (190, 'Giornaliero'),
		(191, 'Giornaliero'), (192, 'Giornaliero'), (193, 'Giornaliero'), (194, 'Giornaliero'), (195, 'Giornaliero'),
		(196, 'Giornaliero'), (197, 'Giornaliero'), (198, 'Giornaliero'), (199, 'Giornaliero'), (200, 'Giornaliero'),
		(201, 'Giornaliero'), (202, 'Giornaliero'), (203, 'Giornaliero'), (204, 'Giornaliero'), (205, 'Giornaliero'),
		(206, 'Giornaliero'), (207, 'Giornaliero'), (208, 'Giornaliero'), (209, 'Giornaliero'), (210, 'Giornaliero'),
		(211, 'Giornaliero'), (212, 'Giornaliero'), (213, 'Giornaliero'), (214, 'Giornaliero'), (215, 'Giornaliero'),
		(216, 'Giornaliero'), (217, 'Giornaliero'), (218, 'Giornaliero'), (219, 'Giornaliero'), (220, 'Giornaliero'),
		(221, 'Giornaliero'), (222, 'Giornaliero'), (223, 'Giornaliero'), (224, 'Giornaliero'), (225, 'Giornaliero'),
		(226, 'Giornaliero'), (227, 'Giornaliero'), (228, 'Giornaliero'), (229, 'Giornaliero'), (230, 'Giornaliero'),
		(231, 'Giornaliero'), (232, 'Giornaliero'), (233, 'Giornaliero'), (234, 'Giornaliero'), (235, 'Giornaliero'),
		(236, 'Giornaliero'), (237, 'Giornaliero'), (238, 'Giornaliero'), (239, 'Giornaliero'), (240, 'Giornaliero'),
		(241, 'Giornaliero');

insert into cassa(numeroCassa, CF, orarioApertura, orarioChiusura, stato)
values  ('1', 'PNISND95B14H501F', '10:00:00', '19:00:00', true), ('2', 'LROMNC90E62F205L', '10:00:00', '19:00:00', true),
('3', 'MRIDVD88P08L219M', '10:00:00', '19:00:00', true), ('4', 'BRTPLA96T52H501P', '10:00:00', '19:00:00', true),
('5', 'FNTLCA93D04F205D', '10:00:00', '19:00:00', false), ('6', 'VLLSRA97L55L219V', '10:00:00', '19:00:00', true),
('7', 'LNGFBA91M14F205K', '10:00:00', '19:00:00', false), ('8', 'SNTLNE94C65L219J', '10:00:00', '19:00:00', true),
('9', 'MLERRT89R02H501G', '10:00:00', '19:00:00', true), ('10', 'RVIMCH97T70F205D', '10:00:00', '19:00:00', true),
('11', 'DSOMRC92E18L219S', '10:00:00', '19:00:00', false), ('12', 'GRSSNO95L47H501W', '10:00:00', '19:00:00', false);

insert into manutenzione(codiceManutenzione, dataInizio, tipoGuasto, dataFine, impiantoInManutenzione, nomeRuota,
						nomeGiostra, nomeAreaTematiche, nomeAttrazionePaura)
values ('1', '2026-04-28', 'Elettronico', '2026-05-20', 'giostra', null, 'El Dorado Falls', null, null),
		('2', '2026-05-02', 'Usura cuscinetti', '2026-05-15', 'giostra', null, 'Katun', null, null),
        ('3', '2026-05-10', 'Controllo freni magnetici', '2026-05-12', 'giostra', null, 'Divertical', null, null),
        ('4', '2026-05-15', 'Guasto idraulico', '2026-05-18', 'giostra', null, 'Oil Towers', null, null),
        ('5', '2026-05-22', 'Calibrazione software', '2026-05-23', 'giostra', null, 'Autosplash', null, null),
        ('6', '2026-06-01', 'Sostituzione ruote', '2026-06-04', 'giostra', null, 'El Dorado Falls', null, null),
        ('7', '2026-06-05', 'Riparazione cablaggi', '2026-06-07', 'area tematica', null, null, 'FarWest Valley', null),
        ('8', '2026-06-12', 'Elettronico', null, 'giostra', null, 'Rio Bravo', null, null),
        ('9', '2026-06-20', 'Fissaggio bulloneria', '2026-06-21', 'ruota panoramica', 'AlgigaWheel', null, null, null),
        ('10', '2026-07-01', 'Test di sicurezza annuale', '2026-07-05', 'giostra', null, 'Katun', null, null),
        ('11', '2026-07-10', 'Cortocircuito luci', '2026-07-11', 'attrazione di paura', null, null, null, 'Mortal Circus'),
        ('12', '2026-07-15', 'Ossidazione contatti', null, 'giostra', null, 'Master Thai', null, null),
        ('13', '2026-07-22', 'Riparazione scenografia', null, 'attrazione di paura', null, null, null, 'Phobia'),
        ('14', '2025-08-01', 'Rumore anomalo motore', '2025-08-03', 'giostra', null, 'Reset', null, null),
        ('15', '2025-08-05', 'Lubrificazione binari', '2025-08-06', 'giostra', null, 'Katun', null, null),
        ('16', '2025-08-12', 'Malfunzionamento sbarre', '2025-08-13', 'giostra', null, 'Divertical', null, null),
        ('17', '2025-08-20', 'Cambio software', '2025-08-20', 'area tematica', null, null, 'Ducati World', null),
        ('18', '2024-09-02', 'Sostituzione pulegge', '2024-09-05', 'giostra', null, 'Oil Towers', null, null),
        ('19', '2024-09-10', 'Danni da intemperie', '2024-09-15', 'giostra', null, 'Katun', null, null),
        ('20', '2024-09-20', 'Verifica strutturale', '2024-09-22', 'ruota panormaica', 'AlgigaWheel', null, null, null);
        
insert into esecuzione(CF, codiceManutenzione)
values  ('RGGNZO82R10H501A', 1), ('BNIMRT89A65F205C', 2), ('DRESFN85H30L219L', 3), ('PCALRI94S60H501M', 4),
		('RGGNZO82R10H501A', 5), ('RVIGCM83D12L219H', 5), ('BNIMRT89A65F205C', 6), ('LNTSMN91P45H501F', 6),
        ('ZNNDRA87S22F205C', 7), ('BSOVLR95A58L219Z', 8), ('DRESFN85H30L219L', 9), ('PCALRI94S60H501M', 10),
        ('RVIGCM83D12L219H', 10), ('ZNNDRA87S22F205C', 11), ('RGGNZO82R10H501A', 12), ('BNIMRT89A65F205C', 13),
        ('PCALRI94S60H501M', 14), ('PCALRI94S60H501M', 15), ('DRESFN85H30L219L', 16), ('LNTSMN91P45H501F', 17),
        ('RVIGCM83D12L219H', 18), ('RZZDNL86B12F205X', 19), ('RZZDNL86B12F205X', 20), ('ZNNDRA87S22F205C', 20);

insert into TURNO_DI_LAVORO(CF, oraInizio, oraFine, data)
values
('RSSMRA85C12H501Z', '10:15:00', '18:45:00', '2026-07-28'),
('BNCHGL92L62F205A', '11:30:00', '20:00:00', '2026-07-28'),
('VRDLCA80S05L219X', '14:00:00', '22:30:00', '2026-07-28'),
('NREANN95T70H501Q', '10:00:00', '19:00:00', '2026-07-28'),
('GLLMRC88B14F205D', '12:45:00', '21:15:00', '2026-07-28'),
('RZZLNE90P48L219W', '13:20:00', '22:00:00', '2026-07-28'),
('FRRPLA75E19H501B', '10:30:00', '18:00:00', '2026-07-28'),
('RSSSFO98A65F205C', '15:00:00', '23:00:00', '2026-07-28'),
('RMNMTT83D10L219K', '11:10:00', '20:10:00', '2026-07-28'),
('CLMCHR94M55H501Y', '12:00:00', '21:30:00', '2026-07-28'),
('BRNDVD87R22F205J', '10:05:00', '19:05:00', '2026-07-28'),
('RCCFNC91C43L219S', '14:30:00', '22:45:00', '2026-07-28'),
('MRNNDR82M18H501V', '11:50:00', '20:50:00', '2026-07-28'),
('GRCVNT96S68F205M', '13:15:00', '22:15:00', '2026-07-28'),
('BRBSMN89T12L219O', '10:40:00', '19:40:00', '2026-07-28'),
('LMBALC93B45H501P', '12:20:00', '21:20:00', '2026-07-28'),
('MRTNTN78L14F205G', '15:10:00', '23:00:00', '2026-07-28'),
('PNTGRG97D62L219U', '10:00:00', '18:30:00', '2026-07-28'),
('CSTRCC84E30H501E', '11:00:00', '20:00:00', '2026-07-28'),
('FNTMRT90R50F205R', '13:00:00', '22:00:00', '2026-07-28'),
('GRRFBA86H18L219T', '10:30:00', '19:30:00', '2026-07-28'),
('BRNSRA95P41H501N', '12:00:00', '21:00:00', '2026-07-28'),
('PLLRRT81A15F205W', '14:00:00', '23:00:00', '2026-07-28'),
('MZZRKE93M68L219B', '11:45:00', '20:45:00', '2026-07-28'),
('VLLLNZ89S20H501C', '10:15:00', '19:15:00', '2026-07-28'),
('RNLSFN92D44F205H', '13:30:00', '22:30:00', '2026-07-28'),
('SRRDNL85B25L219G', '11:00:00', '18:00:00', '2026-07-28'),
('CRSMRN94C52H501D', '14:20:00', '22:20:00', '2026-07-28'),
('MSSLSN79T05F205Z', '10:50:00', '19:50:00', '2026-07-28'),
('LNELSS96E58L219F', '12:10:00', '21:10:00', '2026-07-28'),
('GTTGRL88H30H501M', '11:35:00', '20:35:00', '2026-07-28'),
('PRSFNC91R55F205S', '15:00:00', '23:00:00', '2026-07-28'),
('SLAGCM83P08L219J', '10:25:00', '19:25:00', '2026-07-28'),
('FRNBTR95L52H501L', '12:40:00', '21:40:00', '2026-07-28'),
('BNOFPP80B28F205K', '13:55:00', '22:55:00', '2026-07-28'),
('PLLVNC92T62L219N', '11:15:00', '20:15:00', '2026-07-28'),
('MRLGRI86A10H501O', '10:00:00', '18:00:00', '2026-07-28'),
('DMCLDV97M45F205P', '14:45:00', '22:45:00', '2026-07-28'),
('SNTRCC84S15L219A', '12:30:00', '21:30:00', '2026-07-28'),
('RVINMI98C70H501G', '11:20:00', '20:20:00', '2026-07-28'),
('FBBCLD82E05F205V', '10:45:00', '19:45:00', '2026-07-28'),
('DNTSBN90D58L219R', '13:00:00', '22:00:00', '2026-07-28'),
('PLMMNL87L25H501F', '11:55:00', '20:55:00', '2026-07-28'),
('FRIRCL93R52F205E', '14:10:00', '22:10:00', '2026-07-28'),
('LPUMRK85S20L219H', '10:10:00', '19:10:00', '2026-07-28'),
('VTLRLI94B68H501I', '12:50:00', '21:50:00', '2026-07-28'),
('MRNVLR81H08F205L', '15:00:00', '23:00:00', '2026-07-28'),
('SRTCML96P52L219M', '11:30:00', '20:30:00', '2026-07-28'),
('GRRGLC79D30H501B', '10:20:00', '19:20:00', '2026-07-28'),
('FRRPLA91A50F205N', '13:40:00', '22:40:00', '2026-07-28'),
('GTTMRA84M22L219P', '11:10:00', '20:10:00', '2026-07-28'),
('PLLELS95S45H501S', '14:15:00', '22:15:00', '2026-07-28'),
('CRLRNT76T18F205T', '10:55:00', '19:55:00', '2026-07-28'),
('BSLVNS92E70L219V', '12:25:00', '21:25:00', '2026-07-28'),
('RLNTMS88B14H501Q', '15:30:00', '23:00:00', '2026-07-28'),
('NRRCNZ90C52F205R', '10:35:00', '19:35:00', '2026-07-28'),
('SNNNRC83S25L219Z', '13:10:00', '22:10:00', '2026-07-28'),
('GRDSLV94D44H501X', '11:40:00', '20:40:00', '2026-07-28'),
('VLLLND89R10F205W', '14:50:00', '22:50:00', '2026-07-28'),
('MNCPTR77A55L219D', '10:00:00', '19:00:00', '2026-07-28'),
('LRSSFN86L08H501C', '12:00:00', '21:00:00', '2026-07-28'),
('PRSCRS84S15L219A', '13:30:00', '22:30:00', '2026-07-28'),
('GNVLBR83E14F205H', '10:45:00', '19:45:00', '2026-07-28'),
('MSTRMN92M62L219P', '14:00:00', '22:00:00', '2026-07-28'),
('NREFPP87S30H501Z', '11:20:00', '20:20:00', '2026-07-28'),
('VLLBTR95D52F205K', '15:15:00', '23:00:00', '2026-07-28'),
('GRSDNL80P01L219Y', '10:10:00', '19:10:00', '2026-07-28'),
('BRNLNE94A65H501J', '13:00:00', '22:00:00', '2026-07-28'),
('RZZPLA88H18F205W', '11:45:00', '20:45:00', '2026-07-28'),
('FNTMRT91C43L219G', '14:30:00', '22:30:00', '2026-07-28'),
('MRTSFN85L28H501R', '10:25:00', '19:25:00', '2026-07-28'),
('LNGCHR97T45F205L', '12:50:00', '21:50:00', '2026-07-28'),
('PLLGCM82R15L219X', '15:00:00', '23:00:00', '2026-07-28'),
('CSTRLI90B54H501B', '11:15:00', '20:15:00', '2026-07-28'),
('SRRVLR84E30F205Q', '13:20:00', '22:20:00', '2026-07-28'),
('MZZLDV96S60L219V', '10:50:00', '19:50:00', '2026-07-28'),
('RNLMTT81D10H501U', '14:10:00', '22:10:00', '2026-07-28'),
('BSLSRA93P52F205Z', '11:40:00', '20:40:00', '2026-07-28'),
('PNTGSL89H65L219I', '12:30:00', '21:30:00', '2026-07-28'),
('MRORGR82A14H501K', '15:20:00', '23:00:00', '2026-07-28'),
('GLLTZN95R45F205C', '10:05:00', '19:05:00', '2026-07-28'),
('SPSPSQ78B28L219W', '13:15:00', '22:15:00', '2026-07-28'),
('SNTLRN93D58H501D', '11:55:00', '20:55:00', '2026-07-28'),
('LCCDRD86T05F205S', '14:40:00', '22:40:00', '2026-07-28'),
('RVISBN94L54L219E', '10:50:00', '19:50:00', '2026-07-28'),
('GTTVTR81C22H501M', '12:15:00', '21:15:00', '2026-07-28'),
('BRTNDA97R70F205N', '15:00:00', '23:00:00', '2026-07-28'),
('MRICRS84E18L219B', '11:30:00', '20:30:00', '2026-07-28'),
('LNEMNC90S42H501V', '13:50:00', '22:50:00', '2026-07-28'),
('SNTFBZ88B14F205T', '10:20:00', '19:20:00', '2026-07-28'),
('DSORFL92H65L219K', '12:45:00', '21:45:00', '2026-07-28'),
('MLEGNN79M08H501Q', '14:15:00', '22:15:00', '2026-07-28'),
('BSSDBR93P62F205F', '11:00:00', '20:00:00', '2026-07-28'),
('MNCMRO85E19L219G', '13:35:00', '22:35:00', '2026-07-28'),
('MNTGLN91T70H501E', '10:40:00', '19:40:00', '2026-07-28'),
('PLLMNL97B05F205L', '15:25:00', '23:00:00', '2026-07-28'),
('VLNCST82H55L219K', '11:10:00', '20:10:00', '2026-07-28'),
('SPTLGU80C03H501M', '13:55:00', '22:55:00', '2026-07-28'),
('RMNTRE95R62F205H', '10:30:00', '19:30:00', '2026-07-28'),
('RCCPLA84D12F205S', '12:20:00', '21:20:00', '2026-07-28'),
('GLLSMN92M59L219J', '14:50:00', '22:50:00', '2026-07-28'),
('RVAMTT87E25H501K', '11:25:00', '20:25:00', '2026-07-28'),
('DTTVNT96A70F205P', '13:05:00', '22:05:00', '2026-07-28'),
('PRDLNE94P42H501B', '10:15:00', '19:15:00', '2026-07-28'),
('BRNDNL88L28F205M', '12:55:00', '21:55:00', '2026-07-28'),
('SRRCHR93B55L219Y', '14:25:00', '22:25:00', '2026-07-28'),
('DLCLSS85R10H501W', '11:40:00', '20:40:00', '2026-07-28'),
('CSTFRC90T44F205G', '13:10:00', '22:10:00', '2026-07-28'),
('LMBMRC83H22L219R', '10:55:00', '19:55:00', '2026-07-28'),
('GRSGCM89A25F205T', '12:35:00', '21:35:00', '2026-07-28'),
('FRRRCR95L14H501V', '15:00:00', '23:00:00', '2026-07-28'),
('MRNLRI86M70F205A', '11:15:00', '20:15:00', '2026-07-28'),
('GRRDVD91D05L219O', '13:45:00', '22:45:00', '2026-07-28'),
('RSSBBR79E60H501N', '10:30:00', '19:30:00', '2026-07-28'),
('BNCNNA92E60F205D', '12:10:00', '21:10:00', '2026-07-28'),
('VRDLUC88S04L219P', '14:55:00', '22:55:00', '2026-07-28'),
('RZZLNE95L68H501Q', '11:20:00', '20:20:00', '2026-07-28'),
('NRRRRT80P14F205W', '13:25:00', '22:25:00', '2026-07-28'),
('RSSFDR84M22H501U', '10:45:00', '19:45:00', '2026-07-28'),
('MRTGRG87D18L219V', '15:10:00', '23:00:00', '2026-07-28'),
('PLLFNC93S62H501Y', '11:50:00', '20:50:00', '2026-07-28'),
('SRRCLD82A30F205T', '14:00:00', '22:00:00', '2026-07-28'),
('CRSMTN96H45L219K', '10:10:00', '19:10:00', '2026-07-28'),
('FNTNDR89P14H501X', '13:00:00', '22:00:00', '2026-07-28'),
('LNGSMN91C67F205W', '11:35:00', '20:35:00', '2026-07-28'),
('VLLDVD84T10L219O', '14:20:00', '22:20:00', '2026-07-28'),
('MRNPLA95B68H501E', '10:40:00', '19:40:00', '2026-07-28'),
('GTTNZE80L19F205B', '12:50:00', '21:50:00', '2026-07-28'),

('PNISND95B14H501F', '10:00:00', '19:00:00', '2026-07-28'),
('LROMNC90E62F205L', '10:00:00', '19:00:00', '2026-07-28'),
('MRIDVD88P08L219M', '10:00:00', '19:00:00', '2026-07-28'),
('BRTPLA96T52H501P', '10:00:00', '19:00:00', '2026-07-28'),
('FNTLCA93D04F205D', '10:00:00', '19:00:00', '2026-07-28'),
('VLLSRA97L55L219V', '10:00:00', '19:00:00', '2026-07-28'),
('LNGFBA91M14F205K', '10:00:00', '19:00:00', '2026-07-28'),
('SNTLNE94C65L219J', '10:00:00', '19:00:00', '2026-07-28'),
('MLERRT89R02H501G', '10:00:00', '19:00:00', '2026-07-28'),
('RVIMCH97T70F205D', '10:00:00', '19:00:00', '2026-07-28'),
('DSOMRC92E18L219S', '10:00:00', '19:00:00', '2026-07-28'),
('GRSSNO95L47H501W', '10:00:00', '19:00:00', '2026-07-28'),
('BTTGRG84A25L219S', '10:00:00', '18:00:00', '2026-07-28'),
('GLLNGL90L54H501A', '11:30:00', '19:30:00', '2026-07-28'),
('SNNNCL87D10F205O', '13:00:00', '21:00:00', '2026-07-28'),
('MRCHRS93S68L219U', '14:45:00', '22:45:00', '2026-07-28'),
('CNTSVT81T12H501I', '10:15:00', '18:15:00', '2026-07-28'),
('DLCBBR94M58F205P', '12:00:00', '20:00:00', '2026-07-28'),
('GRDMSM86P08L219T', '14:00:00', '22:00:00', '2026-07-28'),
('RZZSMN96C43H501R', '10:45:00', '18:45:00', '2026-07-28'),
('MNCFBZ82R15F205B', '15:00:00', '23:00:00', '2026-07-28'),
('MRTDNL92B45L219M', '11:15:00', '19:15:00', '2026-07-28'),
('LNECLD78S20H501N', '13:30:00', '21:30:00', '2026-07-28'),
('SNNBTR98D62F205V', '10:00:00', '18:00:00', '2026-07-28'),

('BTTGRG84A25L219S', '10:00:00', '18:00:00', '2026-07-28'),
('GLLNGL90L54H501A', '11:30:00', '19:30:00', '2026-07-28'),
('SNNNCL87D10F205O', '13:00:00', '21:00:00', '2026-07-28'),
('MRCHRS93S68L219U', '14:45:00', '22:45:00', '2026-07-28'),
('CNTSVT81T12H501I', '10:15:00', '18:15:00', '2026-07-28'),
('DLCBBR94M58F205P', '12:00:00', '20:00:00', '2026-07-28'),
('GRDMSM86P08L219T', '14:00:00', '22:00:00', '2026-07-28'),
('RZZSMN96C43H501R', '10:45:00', '18:45:00', '2026-07-28'),
('MNCFBZ82R15F205B', '15:00:00', '23:00:00', '2026-07-28'),
('MRTDNL92B45L219M', '11:15:00', '19:15:00', '2026-07-28'),
('LNECLD78S20H501N', '13:30:00', '21:30:00', '2026-07-28'),
('SNNBTR98D62F205V', '10:00:00', '18:00:00', '2026-07-28'),
('FBBMNL85E30L219Q', '12:45:00', '20:45:00', '2026-07-28'),
('VTLSBR91H58H501F', '14:20:00', '22:20:00', '2026-07-28'),
('MRNVLR88P01F205W', '10:30:00', '18:30:00', '2026-07-28'),
('MRCHLS97T52L219K', '11:50:00', '19:50:00', '2026-07-28'),
('CRSMRA83M28H501X', '13:10:00', '21:10:00', '2026-07-28'),
('BRNVNS94S60F205C', '15:00:00', '23:00:00', '2026-07-28'),
('GRDTMS81D04L219D', '10:10:00', '18:10:00', '2026-07-28'),
('DNTCNZ96R50H501H', '12:25:00', '20:25:00', '2026-07-28'),
('SRTSLV79A55F205E', '14:00:00', '22:00:00', '2026-07-28'),
('VTLLND92L08L219B', '11:00:00', '19:00:00', '2026-07-28'),
('NREGSL91E54H501T', '10:40:00', '18:40:00', '2026-07-28'),
('SNTRGR84S22L219W', '13:45:00', '21:45:00', '2026-07-28'),
('BSOTZN96C70F205K', '15:00:00', '23:00:00', '2026-07-28'),
('DMCPSQ80M08L219Y', '10:00:00', '18:00:00', '2026-07-28'),
('RZZMRC87C12F205G', '11:20:00', '19:20:00', '2026-07-28'),
('FRRGLI95S44L219H', '12:15:00', '20:15:00', '2026-07-28'),
('BNCSTF82B25H501J', '14:00:00', '22:00:00', '2026-07-28'),
('RMNLSS90H70L219Z', '10:50:00', '18:50:00', '2026-07-28'),
('GLLRRT89T14F205K', '13:00:00', '21:00:00', '2026-07-28'),
('RGGNZO82R10H501A', '10:00:00', '16:00:00', '2026-07-28'),
('BNIMRT89A65F205C', '12:30:00', '18:30:00', '2026-07-28'),
('DRESFN85H30L219L', '15:15:00', '21:15:00', '2026-07-28'),
('PCALRI94S60H501M', '11:00:00', '17:00:00', '2026-07-28'),
('RVIGCM83D12L219H', '16:45:00', '22:45:00', '2026-07-28'),
('LNTSMN91P45H501F', '13:00:00', '19:00:00', '2026-07-28'),
('ZNNDRA87S22F205C', '10:45:00', '16:45:00', '2026-07-28'),
('BSOVLR95A58L219Z', '14:20:00', '20:20:00', '2026-07-28'),
('RZZDNL86B12F205X', '17:00:00', '23:00:00', '2026-07-28'),
('ZMBLRI91E62H501K', '10:30:00', '18:30:00', '2026-07-28'),
('GLLGCM88S04F205P', '14:00:00', '22:00:00', '2026-07-28'),
('MRLLNE95B54L219H', '11:15:00', '19:45:00', '2026-07-28'),
('FBBDNL82M30H501T', '13:30:00', '21:30:00', '2026-07-28'),
('NRESFO93H65F205J', '15:00:00', '23:00:00', '2026-07-28'),

('RSSMRA85C12H501Z', '10:00:00', '18:00:00', '2026-07-27'),	('VLNCST82H55L219K', '11:00:00', '19:30:00', '2026-07-27'),
('BNCHGL92L62F205A', '11:30:00', '20:00:00', '2026-07-27'),	('SPTLGU80C03H501M', '13:00:00', '22:00:00', '2026-07-27'),
('VRDLCA80S05L219X', '14:00:00', '22:00:00', '2026-07-27'),	('RMNTRE95R62F205H', '10:00:00', '18:30:00', '2026-07-27'),
('NREANN95T70H501Q', '10:00:00', '19:00:00', '2026-07-27'),	('RCCPLA84D12F205S', '12:00:00', '20:30:00', '2026-07-27'),
('GLLMRC88B14F205D', '12:00:00', '21:00:00', '2026-07-27'),	('GLLSMN92M59L219J', '14:30:00', '23:00:00', '2026-07-27'),
('RZZLNE90P48L219W', '13:30:00', '22:00:00', '2026-07-27'),	('RVAMTT87E25H501K', '11:00:00', '19:30:00', '2026-07-27'),
('FRRPLA75E19H501B', '10:15:00', '18:15:00', '2026-07-27'),	('DTTVNT96A70F205P', '12:15:00', '20:45:00', '2026-07-27'),
('RSSSFO98A65F205C', '15:00:00', '23:00:00', '2026-07-27'),	('PRDLNE94P42H501B', '10:00:00', '18:00:00', '2026-07-27'),
('RMNMTT83D10L219K', '11:00:00', '20:00:00', '2026-07-27'),	('BRNDNL88L28F205M', '13:00:00', '21:30:00', '2026-07-27'),
('CLMCHR94M55H501Y', '12:30:00', '21:30:00', '2026-07-27'),	('SRRCHR93B55L219Y', '14:00:00', '22:30:00', '2026-07-27'),
('BRNDVD87R22F205J', '10:00:00', '19:00:00', '2026-07-27'),	('DLCLSS85R10H501W', '11:30:00', '20:00:00', '2026-07-27'),
('RCCFNC91C43L219S', '14:30:00', '23:00:00', '2026-07-27'),	('CSTFRC90T44F205G', '13:15:00', '22:00:00', '2026-07-27'),
('MRNNDR82M18H501V', '11:45:00', '20:45:00', '2026-07-27'),	('LMBMRC83H22L219R', '10:00:00', '18:30:00', '2026-07-27'),
('GRCVNT96S68F205M', '13:00:00', '22:00:00', '2026-07-27'),	('GRSGCM89A25F205T', '12:45:00', '21:15:00', '2026-07-27'),
('BRBSMN89T12L219O', '10:15:00', '19:15:00', '2026-07-27'),	('FRRRCR95L14H501V', '15:00:00', '23:00:00', '2026-07-27'),
('LMBALC93B45H501P', '12:15:00', '21:15:00', '2026-07-27'),	('MRNLRI86M70F205A', '11:00:00', '19:30:00', '2026-07-27'),
('MRTNTN78L14F205G', '15:00:00', '23:00:00', '2026-07-27'),	('GRRDVD91D05L219O', '13:30:00', '22:00:00', '2026-07-27'),
('PNTGRG97D62L219U', '10:00:00', '18:30:00', '2026-07-27'),	('RSSBBR79E60H501N', '10:00:00', '18:30:00', '2026-07-27'),
('CSTRCC84E30H501E', '11:30:00', '20:30:00', '2026-07-27'),	('BNCNNA92E60F205D', '12:00:00', '20:30:00', '2026-07-27'),
('FNTMRT90R50F205R', '13:00:00', '22:00:00', '2026-07-27'),	('VRDLUC88S04L219P', '14:45:00', '23:00:00', '2026-07-27'),
('GRRFBA86H18L219T', '10:30:00', '19:30:00', '2026-07-27'),	('RZZLNE95L68H501Q', '11:15:00', '19:45:00', '2026-07-27'),
('BRNSRA95P41H501N', '12:00:00', '21:00:00', '2026-07-27'),	('NRRRRT80P14F205W', '13:30:00', '22:00:00', '2026-07-27'),
('PLLRRT81A15F205W', '14:30:00', '23:00:00', '2026-07-27'),	('RSSFDR84M22H501U', '10:45:00', '19:15:00', '2026-07-27'),
('MZZRKE93M68L219B', '11:15:00', '20:15:00', '2026-07-27'),	('MRTGRG87D18L219V', '15:00:00', '23:00:00', '2026-07-27'),
('VLLLNZ89S20H501C', '10:15:00', '19:15:00', '2026-07-27'),	('PLLFNC93S62H501Y', '11:45:00', '20:15:00', '2026-07-27'),
('RNLSFN92D44F205H', '13:45:00', '22:15:00', '2026-07-27'),	('SRRCLD82A30F205T', '14:00:00', '22:30:00', '2026-07-27'),
('SRRDNL85B25L219G', '11:00:00', '18:00:00', '2026-07-27'),	('CRSMTN96H45L219K', '10:10:00', '18:40:00', '2026-07-27'),
('CRSMRN94C52H501D', '14:20:00', '22:20:00', '2026-07-27'),	('FNTNDR89P14H501X', '13:00:00', '21:30:00', '2026-07-27'),
('MSSLSN79T05F205Z', '10:50:00', '19:50:00', '2026-07-27'),	('LNGSMN91C67F205W', '11:45:00', '20:15:00', '2026-07-27'),
('LNELSS96E58L219F', '12:15:00', '21:15:00', '2026-07-27'),	('VLLDVD84T10L219O', '14:20:00', '22:50:00', '2026-07-27'),
('GTTGRL88H30H501M', '11:30:00', '20:30:00', '2026-07-27'),	('MRNPLA95B68H501E', '10:30:00', '19:00:00', '2026-07-27'),
('PRSFNC91R55F205S', '15:00:00', '23:00:00', '2026-07-27'),	('GTTNZE80L19F205B', '12:50:00', '21:20:00', '2026-07-27'),
('SLAGCM83P08L219J', '10:15:00', '19:15:00', '2026-07-27'),	('PNISND95B14H501F', '10:00:00', '19:00:00', '2026-07-27'),
('FRNBTR95L52H501L', '12:45:00', '21:45:00', '2026-07-27'),	('LROMNC90E62F205L', '10:00:00', '19:00:00', '2026-07-27'),
('BNOFPP80B28F205K', '14:00:00', '23:00:00', '2026-07-27'),	('MRIDVD88P08L219M', '10:00:00', '19:00:00', '2026-07-27'),
('PLLVNC92T62L219N', '11:00:00', '20:00:00', '2026-07-27'),	('BRTPLA96T52H501P', '10:00:00', '19:00:00', '2026-07-27'),
('MRLGRI86A10H501O', '10:00:00', '18:00:00', '2026-07-27'),	('FNTLCA93D04F205D', '10:00:00', '19:00:00', '2026-07-27'),
('DMCLDV97M45F205P', '14:45:00', '22:45:00', '2026-07-27'),	('VLLSRA97L55L219V', '10:00:00', '19:00:00', '2026-07-27'),
('SNTRCC84S15L219A', '12:00:00', '21:00:00', '2026-07-27'),	('LNGFBA91M14F205K', '10:00:00', '19:00:00', '2026-07-27'),
('RVINMI98C70H501G', '11:15:00', '20:15:00', '2026-07-27'),	('SNTLNE94C65L219J', '10:00:00', '19:00:00', '2026-07-27'),
('FBBCLD82E05F205V', '10:45:00', '19:45:00', '2026-07-27'),	('MLERRT89R02H501G', '10:00:00', '19:00:00', '2026-07-27'),
('DNTSBN90D58L219R', '13:00:00', '22:00:00', '2026-07-27'),	('RVIMCH97T70F205D', '10:00:00', '19:00:00', '2026-07-27'),
('PLMMNL87L25H501F', '11:45:00', '20:45:00', '2026-07-27'),	('DSOMRC92E18L219S', '10:00:00', '19:00:00', '2026-07-27'),
('FRIRCL93R52F205E', '14:00:00', '22:00:00', '2026-07-27'),	('GRSSNO95L47H501W', '10:00:00', '19:00:00', '2026-07-27'),
('LPUMRK85S20L219H', '10:15:00', '19:15:00', '2026-07-27'),	('BTTGRG84A25L219S', '10:00:00', '18:00:00', '2026-07-27'),
('VTLRLI94B68H501I', '12:45:00', '21:45:00', '2026-07-27'),	('GLLNGL90L54H501A', '11:30:00', '19:30:00', '2026-07-27'),
('MRNVLR81H08F205L', '15:00:00', '23:00:00', '2026-07-27'),	('SNNNCL87D10F205O', '13:00:00', '21:00:00', '2026-07-27'),
('SRTCML96P52L219M', '11:15:00', '20:15:00', '2026-07-27'),	('MRCHRS93S68L219U', '14:45:00', '22:45:00', '2026-07-27'),
('GRRGLC79D30H501B', '10:15:00', '19:15:00', '2026-07-27'),	('CNTSVT81T12H501I', '10:15:00', '18:15:00', '2026-07-27'),
('FRRPLA91A50F205N', '13:30:00', '22:30:00', '2026-07-27'),	('DLCBBR94M58F205P', '12:00:00', '20:00:00', '2026-07-27'),
('GTTMRA84M22L219P', '11:00:00', '20:00:00', '2026-07-27'),	('GRDMSM86P08L219T', '14:00:00', '22:00:00', '2026-07-27'),
('PLLELS95S45H501S', '14:15:00', '22:15:00', '2026-07-27'),	('RZZSMN96C43H501R', '10:45:00', '18:45:00', '2026-07-27'),
('CRLRNT76T18F205T', '10:45:00', '19:45:00', '2026-07-27'),	('MNCFBZ82R15F205B', '15:00:00', '23:00:00', '2026-07-27'),
('BSLVNS92E70L219V', '12:30:00', '21:30:00', '2026-07-27'),	('MRTDNL92B45L219M', '11:15:00', '19:15:00', '2026-07-27'),
('RLNTMS88B14H501Q', '15:00:00', '23:00:00', '2026-07-27'),	('LNECLD78S20H501N', '13:30:00', '21:30:00', '2026-07-27'),
('NRRCNZ90C52F205R', '10:40:00', '19:40:00', '2026-07-27'),	('SNNBTR98D62F205V', '10:00:00', '18:00:00', '2026-07-27'),
('SNNNRC83S25L219Z', '13:00:00', '22:00:00', '2026-07-27'),	('FBBMNL85E30L219Q', '12:45:00', '20:45:00', '2026-07-27'),
('GRDSLV94D44H501X', '11:30:00', '20:30:00', '2026-07-27'),	('VTLSBR91H58H501F', '14:20:00', '22:20:00', '2026-07-27'),
('VLLLND89R10F205W', '14:30:00', '22:30:00', '2026-07-27'),	('MRNVLR88P01F205W', '10:30:00', '18:30:00', '2026-07-27'),
('MNCPTR77A55L219D', '10:00:00', '19:00:00', '2026-07-27'),	('MRCHLS97T52L219K', '11:50:00', '19:50:00', '2026-07-27'),
('LRSSFN86L08H501C', '12:15:00', '21:15:00', '2026-07-27'),	('CRSMRA83M28H501X', '13:10:00', '21:10:00', '2026-07-27'),
('PRSCRS84S15L219A', '13:30:00', '22:30:00', '2026-07-27'),	('BRNVNS94S60F205C', '15:00:00', '23:00:00', '2026-07-27'),
('GNVLBR83E14F205H', '10:30:00', '19:30:00', '2026-07-27'),	('GRDTMS81D04L219D', '10:10:00', '18:10:00', '2026-07-27'),
('MSTRMN92M62L219P', '14:15:00', '22:45:00', '2026-07-27'),	('DNTCNZ96R50H501H', '12:25:00', '20:25:00', '2026-07-27'),
('NREFPP87S30H501Z', '11:15:00', '20:15:00', '2026-07-27'),	('SRTSLV79A55F205E', '14:00:00', '22:00:00', '2026-07-27'),
('VLLBTR95D52F205K', '15:15:00', '23:00:00', '2026-07-27'),	('VTLLND92L08L219B', '11:00:00', '19:00:00', '2026-07-27'),
('GRSDNL80P01L219Y', '10:00:00', '19:00:00', '2026-07-27'),	('NREGSL91E54H501T', '10:40:00', '18:40:00', '2026-07-27'),
('BRNLNE94A65H501J', '13:30:00', '22:30:00', '2026-07-27'),	('SNTRGR84S22L219W', '13:45:00', '21:45:00', '2026-07-27'),
('RZZPLA88H18F205W', '11:45:00', '20:45:00', '2026-07-27'),	('BSOTZN96C70F205K', '15:00:00', '23:00:00', '2026-07-27'),
('FNTMRT91C43L219G', '14:30:00', '23:00:00', '2026-07-27'),	('DMCPSQ80M08L219Y', '10:00:00', '18:00:00', '2026-07-27'),
('MRTSFN85L28H501R', '10:20:00', '19:20:00', '2026-07-27'),	('RZZMRC87C12F205G', '11:20:00', '19:20:00', '2026-07-27'),
('LNGCHR97T45F205L', '12:45:00', '21:45:00', '2026-07-27'),	('FRRGLI95S44L219H', '12:15:00', '20:15:00', '2026-07-27'),
('PLLGCM82R15L219X', '15:00:00', '23:00:00', '2026-07-27'),	('BNCSTF82B25H501J', '14:00:00', '22:00:00', '2026-07-27'),
('CSTRLI90B54H501B', '11:15:00', '20:15:00', '2026-07-27'),	('RMNLSS90H70L219Z', '10:50:00', '18:50:00', '2026-07-27'),
('SRRVLR84E30F205Q', '13:30:00', '22:30:00', '2026-07-27'),	('GLLRRT89T14F205K', '13:00:00', '21:00:00', '2026-07-27'),
('MZZLDV96S60L219V', '10:55:00', '19:55:00', '2026-07-27'),	('RGGNZO82R10H501A', '10:00:00', '16:00:00', '2026-07-27'),
('RNLMTT81D10H501U', '14:10:00', '22:40:00', '2026-07-27'),	('BNIMRT89A65F205C', '12:30:00', '18:30:00', '2026-07-27'),
('BSLSRA93P52F205Z', '11:30:00', '20:30:00', '2026-07-27'),	('DRESFN85H30L219L', '15:15:00', '21:15:00', '2026-07-27'),
('PNTGSL89H65L219I', '12:30:00', '21:30:00', '2026-07-27'),	('PCALRI94S60H501M', '11:00:00', '17:00:00', '2026-07-27'),
('MRORGR82A14H501K', '15:20:00', '23:00:00', '2026-07-27'),	('RVIGCM83D12L219H', '16:45:00', '22:45:00', '2026-07-27'),
('GLLTZN95R45F205C', '10:00:00', '19:00:00', '2026-07-27'),	('LNTSMN91P45H501F', '13:00:00', '19:00:00', '2026-07-27'),
('SPSPSQ78B28L219W', '13:00:00', '22:00:00', '2026-07-27'),	('ZNNDRA87S22F205C', '10:45:00', '16:45:00', '2026-07-27'),
('SNTLRN93D58H501D', '11:45:00', '20:45:00', '2026-07-27'),	('BSOVLR95A58L219Z', '14:20:00', '20:20:00', '2026-07-27'),
('LCCDRD86T05F205S', '14:30:00', '23:00:00', '2026-07-27'),	('RZZDNL86B12F205X', '17:00:00', '23:00:00', '2026-07-27'),
('RVISBN94L54L219E', '10:45:00', '19:45:00', '2026-07-27'),	('PNISND95B14H501F', '10:00:00', '19:00:00', '2026-07-27'),
('GTTVTR81C22H501M', '12:00:00', '21:00:00', '2026-07-27'),	('LROMNC90E62F205L', '10:00:00', '19:00:00', '2026-07-27'),
('BRTNDA97R70F205N', '15:00:00', '23:00:00', '2026-07-27'),	('MRIDVD88P08L219M', '10:00:00', '19:00:00', '2026-07-27'),
('MRICRS84E18L219B', '11:15:00', '20:15:00', '2026-07-27'),	('BRTPLA96T52H501P', '10:00:00', '19:00:00', '2026-07-27'),
('LNEMNC90S42H501V', '13:45:00', '22:45:00', '2026-07-27'),	('FNTLCA93D04F205D', '10:00:00', '19:00:00', '2026-07-27'),
('SNTFBZ88B14F205T', '10:15:00', '19:15:00', '2026-07-27'),	('VLLSRA97L55L219V', '10:00:00', '19:00:00', '2026-07-27'),
('DSORFL92H65L219K', '12:30:00', '21:30:00', '2026-07-27'),	('LNGFBA91M14F205K', '10:00:00', '19:00:00', '2026-07-27'),
('MLEGNN79M08H501Q', '14:00:00', '22:30:00', '2026-07-27'),	('SNTLNE94C65L219J', '10:00:00', '19:00:00', '2026-07-27'),
('BSSDBR93P62F205F', '11:00:00', '20:00:00', '2026-07-27'),	('MLERRT89R02H501G', '10:00:00', '19:00:00', '2026-07-27'),
('MNCMRO85E19L219G', '13:30:00', '22:30:00', '2026-07-27'),	('RVIMCH97T70F205D', '10:00:00', '19:00:00', '2026-07-27'),
('MNTGLN91T70H501E', '10:45:00', '19:45:00', '2026-07-27'),	('DSOMRC92E18L219S', '10:00:00', '19:00:00', '2026-07-27'),
('PLLMNL97B05F205L', '15:15:00', '23:00:00', '2026-07-27'),	('GRSSNO95L47H501W', '10:00:00', '19:00:00', '2026-07-27'),
('ZMBLRI91E62H501K', '10:00:00', '18:00:00', '2026-07-27'), ('GLLGCM88S04F205P', '12:00:00', '20:00:00', '2026-07-27'),
('MRLLNE95B54L219H', '11:30:00', '19:30:00', '2026-07-27'), ('FBBDNL82M30H501T', '14:00:00', '22:00:00', '2026-07-27'),
('NRESFO93H65F205J', '15:00:00', '23:00:00', '2026-07-27');

insert into pulizia_b(codiceBagno, CF)
values (4, 'FBBMNL85E30L219Q'), (12, 'VTLSBR91H58H501F'), (2, 'MRNVLR88P01F205W'), (7, 'MRCHLS97T52L219K'),
(7, 'CRSMRA83M28H501X'), (11, 'BRNVNS94S60F205C'), (12, 'GRDTMS81D04L219D'), (5, 'DNTCNZ96R50H501H'),
(1, 'SRTSLV79A55F205E'), (8, 'VTLLND92L08L219B'), (6, 'FBBMNL85E30L219Q'), (2, 'VTLSBR91H58H501F'),
(4, 'CRSMRA83M28H501X'), (9, 'BRNVNS94S60F205C'), (5, 'GRDTMS81D04L219D'), (1, 'SRTSLV79A55F205E'),
(8, 'DNTCNZ96R50H501H'), (6, 'VTLLND92L08L219B');

insert into pulizia_a(codiceAttivita, CF)
values (1, 'FBBMNL85E30L219Q'), (2, 'VTLSBR91H58H501F'), (3, 'MRNVLR88P01F205W'), (4, 'MRCHLS97T52L219K'), (5, 'CRSMRA83M28H501X'),
(6, 'BRNVNS94S60F205C'), (7, 'GRDTMS81D04L219D'), (8, 'DNTCNZ96R50H501H'), (9, 'SRTSLV79A55F205E'), (10, 'VTLLND92L08L219B'),
(11, 'NREGSL91E54H501T'), (12, 'SNTRGR84S22L219W'), (13, 'BSOTZN96C70F205K'), (14, 'DMCPSQ80M08L219Y'), (15, 'FBBMNL85E30L219Q'),
(16, 'VTLSBR91H58H501F'), (17, 'MRNVLR88P01F205W'), (18, 'MRCHLS97T52L219K'), (19, 'CRSMRA83M28H501X'), (20, 'BRNVNS94S60F205C'),
(21, 'GRDTMS81D04L219D'), (22, 'DNTCNZ96R50H501H'), (23, 'SRTSLV79A55F205E'), (24, 'VTLLND92L08L219B'), (25, 'NREGSL91E54H501T'),
(26, 'SNTRGR84S22L219W'), (27, 'BSOTZN96C70F205K'), (28, 'DMCPSQ80M08L219Y'), (29, 'FBBMNL85E30L219Q'), (30, 'VTLSBR91H58H501F'),
(31, 'MRNVLR88P01F205W'), (32, 'MRCHLS97T52L219K'), (33, 'CRSMRA83M28H501X'), (34, 'BRNVNS94S60F205C'), (35, 'GRDTMS81D04L219D'),
(36, 'DNTCNZ96R50H501H'), (37, 'SRTSLV79A55F205E'), (38, 'VTLLND92L08L219B'), (39, 'NREGSL91E54H501T'), (40, 'SNTRGR84S22L219W'),
(41, 'BSOTZN96C70F205K'), (42, 'DMCPSQ80M08L219Y'), (43, 'FBBMNL85E30L219Q'), (44, 'VTLSBR91H58H501F'), (45, 'MRNVLR88P01F205W'),
(46, 'MRCHLS97T52L219K'), (47, 'CRSMRA83M28H501X'), (48, 'BRNVNS94S60F205C'), (49, 'GRDTMS81D04L219D'), (50, 'DNTCNZ96R50H501H'),
(51, 'SRTSLV79A55F205E'), (52, 'VTLLND92L08L219B'), (53, 'NREGSL91E54H501T'), (54, 'SNTRGR84S22L219W'), (55, 'BSOTZN96C70F205K'),
(56, 'DMCPSQ80M08L219Y'), (57, 'FBBMNL85E30L219Q'), (58, 'VTLSBR91H58H501F');

insert into esibizione_e(codiceEvento, CF, ruolo)
values (1, 'BTTGRG84A25L219S', 'attore'), (1, 'GLLNGL90L54H501A', 'ballerino'), (1, 'SNNNCL87D10F205O', 'cantante'), (1, 'MRCHRS93S68L219U', 'stuntman'),
(1, 'CNTSVT81T12H501I', 'attore'), (2, 'DLCBBR94M58F205P', 'ballerino'), (2, 'GRDMSM86P08L219T', 'ballerino'), (2, 'RZZSMN96C43H501R', 'stuntman'),
(2, 'MNCFBZ82R15F205B', 'attore'), (3, 'MRTDNL92B45L219M', 'ballerino'), (3, 'LNECLD78S20H501N', 'ballerino'), (3, 'SNNBTR98D62F205V', 'stuntman'),
(4, 'BTTGRG84A25L219S', 'ballerino'), (4, 'GLLNGL90L54H501A', 'cantante'), (4, 'SNNNCL87D10F205O', 'attore'), (5, 'MRCHRS93S68L219U', 'stuntman'),
(5, 'CNTSVT81T12H501I', 'cantante'), (5, 'DLCBBR94M58F205P', 'attore'), (6, 'GRDMSM86P08L219T', 'ballerino'), (6, 'RZZSMN96C43H501R', 'stuntman'),
(7, 'MNCFBZ82R15F205B', 'ballerino'), (7, 'MRTDNL92B45L219M', 'attore'), (8, 'LNECLD78S20H501N', 'ballerino'), (8, 'SNNBTR98D62F205V', 'stuntman'),
(9, 'BTTGRG84A25L219S', 'ballerino'), (9, 'GLLNGL90L54H501A', 'attore'), (10, 'SNNNCL87D10F205O', 'ballerino'), (10, 'MRCHRS93S68L219U', 'stuntman'),
(11, 'CNTSVT81T12H501I', 'ballerino'), (11, 'DLCBBR94M58F205P', 'attore'), (11, 'GRDMSM86P08L219T', 'ballerino'), (1, 'RZZSMN96C43H501R', 'stuntman'),
(1, 'MNCFBZ82R15F205B', 'ballerino'), (2, 'MRTDNL92B45L219M', 'attore'), (3, 'LNECLD78S20H501N', 'ballerino'), (4, 'SNNBTR98D62F205V', 'stuntman'),
(5, 'BTTGRG84A25L219S', 'attore'), (6, 'GLLNGL90L54H501A', 'ballerino'), (7, 'SNNNCL87D10F205O', 'cantante'), (8, 'MRCHRS93S68L219U', 'stuntman'),
(9, 'CNTSVT81T12H501I', 'ballerino'), (1, 'DLCBBR94M58F205P', 'cantante'), (1, 'GRDMSM86P08L219T', 'stuntman'), (1, 'RZZSMN96C43H501R', 'attore'),
(3, 'MNCFBZ82R15F205B', 'ballerino'), (2, 'MRTDNL92B45L219M', 'ballerino'), (2, 'LNECLD78S20H501N', 'stuntman'), (2, 'SNNBTR98D62F205V', 'attore'),
(3, 'BTTGRG84A25L219S', 'stuntman'), (3, 'GLLNGL90L54H501A', 'attore'), (5, 'SNNNCL87D10F205O', 'ballerino'), (4, 'MRCHRS93S68L219U', 'cantante'),
(4, 'CNTSVT81T12H501I', 'stuntman'), (6, 'DLCBBR94M58F205P', 'attore'), (7, 'GRDMSM86P08L219T', 'stuntman'), (8, 'RZZSMN96C43H501R', 'attore'),
(9, 'MNCFBZ82R15F205B', 'ballerino'), (10, 'MRTDNL92B45L219M', 'cantante'), (11, 'LNECLD78S20H501N', 'stuntman'), (1, 'SNNBTR98D62F205V', 'attore');

insert into esibizione_s(CF, codiceReplica, ruolo)
values ('BTTGRG84A25L219S', 1, 'attore'), ('GLLNGL90L54H501A', 2, 'ballerino'), ('SNNNCL87D10F205O', 3, 'cantante'),
('MRCHRS93S68L219U', 4, 'stuntman'), ('CNTSVT81T12H501I', 5, 'attore'), ('DLCBBR94M58F205P', 1, 'ballerino'),
('GRDMSM86P08L219T', 2, 'cantante'), ('RZZSMN96C43H501R', 3, 'stuntman'), ('MNCFBZ82R15F205B', 4, 'attore'),
('MRTDNL92B45L219M', 5, 'ballerino'), ('LNECLD78S20H501N', 1, 'cantante'), ('SNNBTR98D62F205V', 2, 'stuntman'),
('BTTGRG84A25L219S', 3, 'ballerino'), ('GLLNGL90L54H501A', 4, 'ballerino'), ('SNNNCL87D10F205O', 5, 'attore'),
('MRCHRS93S68L219U', 1, 'ballerino'), ('CNTSVT81T12H501I', 2, 'stuntman'), ('DLCBBR94M58F205P', 3, 'attore'),
('GRDMSM86P08L219T', 4, 'ballerino'), ('RZZSMN96C43H501R', 5, 'cantante'), ('MNCFBZ82R15F205B', 1, 'stuntman'),
('MRTDNL92B45L219M', 2, 'attore'), ('LNECLD78S20H501N', 3, 'ballerino'), ('SNNBTR98D62F205V', 4, 'cantante'),
('BTTGRG84A25L219S', 5, 'stuntman'), ('GLLNGL90L54H501A', 1, 'attore'), ('SNNNCL87D10F205O', 2, 'ballerino'),
('MRCHRS93S68L219U', 3, 'cantante'), ('CNTSVT81T12H501I', 4, 'attore'), ('DLCBBR94M58F205P', 5, 'stuntman');
