INSERT INTO abbonamento (scadenza, codAbbonamento, nomeAbbonamento) VALUES
('2026-10-31', 1, 'Stagionale'),
('2026-10-31', 2, 'Stagionale'),
('2026-10-31', 3, '5 ingressi'),
('2026-10-31', 4, 'Stagionale'),
('2026-10-31', 5, '5 Ingressi'),
('2026-10-31', 6, 'Stagionale'),
('2026-10-31', 7, 'Stagionale'),
('2026-10-31', 8, 'Stagionale'),
('2026-10-31', 9, 'Stagionale'),
('2026-10-31', 10, '5 ingressi'),
('2026-10-31', 11, '5 ingressi'),
('2026-10-31', 12, 'Stagionale'),
('2026-10-31', 13, 'Stagionale'),
('2026-10-31', 14, '5 ingressi'),
('2026-10-31', 15, 'Stagionale'),
('2026-10-31', 16, '5 ingressi'),
('2026-10-31', 17, '5 ingressi'),
('2026-10-31', 18, 'Stagionale'),
('2026-10-31', 19, 'stagionale'),
('2026-10-31', 20, '5 ingressi'),
('2026-10-31', 21, 'Stagionale'),
('2026-10-31', 22, 'Stagionale'),
('2026-10-31', 23, '5 ingressi'),
('2026-10-31', 24, '5 ingressi'),
('2026-10-31', 25, 'Stagionale'),
('2026-10-31', 26, 'Stagionale'),
('2026-10-31', 27, 'Stagionale'),
('2026-10-31', 28, '5 ingressi'),
('2026-10-31', 29, '5 ingressi'),
('2026-10-31', 30, 'Stagionale'),
('2026-10-31', 31, '5 ingressi'),
('2026-10-31', 32, 'Stagionale'),
('2026-10-31', 33, 'Stagionale'),
('2026-10-31', 34, '5 ingressi'),
('2026-10-31', 35, 'Stagionale'),
('2026-10-31', 36, '5 ingressi'),
('2026-10-31', 37, '5 ingressi'),
('2026-10-31', 38, 'Stagionale'),
('2026-10-31', 39, 'Stagionale'),
('2026-10-31', 40, '5 ingressi'),
('2026-10-31', 41, 'Stagionale'),
('2026-10-31', 42, '5 ingressi'),
('2026-10-31', 43, 'Stagionale'),
('2026-10-31', 44, 'Stagionale'),
('2026-10-31', 45, '5 ingressi'),
('2026-10-31', 46, '5 ingressi'),
('2026-10-31', 47, 'Stagionale'),
('2026-10-31', 48, 'Stagionale'),
('2026-10-31', 49, '5 ingressi'),
('2026-10-31', 50, 'Stagionale');

INSERT INTO tipologia_biglietto (nomeBiglietto, prezzo) VALUES 
('Pomeridiano', 19),
('Flash Pass', 60),
('Giornaliero', 40),
('Due giorni con pernottamento', 200);

INSERT INTO acquisto_a (CF, codAbbonamento, data, orario) VALUES
('MR12IL', 1, '2026-06-02', '10:00:00'),
('LB05QP', 2, '2026-06-02', '10:05:00'),
('AV22TR', 3, '2026-06-02', '10:10:00'),
('GN09ZX', 4, '2026-06-02', '10:15:00'),
('MG18AB', 5, '2026-06-02', '10:20:00'),
('SF30KL', 6, '2026-06-02', '10:25:00'),
('PR14MN', 7, '2026-06-02', '10:30:00'),
('ER03UV', 8, '2026-06-02', '10:35:00'),
('DC27HJ', 9, '2026-06-02', '10:40:00'),
('FM16OP', 10, '2026-06-02', '10:45:00'),
('AC11RS', 11, '2026-06-02', '10:50:00'),
('CG24EE', 12, '2026-06-02', '10:55:00'),
('SR02WW', 13, '2026-06-02', '11:00:00'),
('ML19TY', 14, '2026-06-02', '11:05:00'),
('FM08QA', 15, '2026-06-02', '11:10:00'),
('VB25LO', 16, '2026-06-02', '11:15:00'),
('SF06XZ', 17, '2026-06-02', '11:20:00'),
('LD13NB', 18, '2026-06-02', '11:25:00'),
('MS29IK', 19, '2026-06-02', '11:30:00'),
('IG21PA', 20, '2026-06-02', '11:35:00'),
('NT17ME', 21, '2026-06-02', '11:40:00'),
('BP04YU', 22, '2026-06-02', '11:45:00'),
('GF28ER', 23, '2026-06-02', '11:50:00'),
('SR10CZ', 24, '2026-06-02', '11:55:00'),
('AL15TX', 25, '2026-06-02', '12:00:00'),
('MP07QQ', 26, '2026-06-02', '12:05:00'),
('RM23VA', 27, '2026-06-02', '12:10:00'),
('CV14BN', 28, '2026-06-02', '12:15:00'),
('FL01HJ', 29, '2026-06-02', '12:20:00'),
('AC18PS', 30, '2026-06-02', '12:25:00'),
('TB09RR', 31, '2026-06-02', '12:30:00'),
('SF26ZZ', 32, '2026-06-02', '12:35:00'),
('EP03KD', 33, '2026-06-02', '12:40:00'),
('GS20LM', 34, '2026-06-02', '12:45:00'),
('DA31XY', 35, '2026-06-02', '12:50:00'),
('VC27TT', 36, '2026-06-02', '12:55:00'),
('RF06MN', 37, '2026-06-02', '13:00:00'),
('EM12OP', 38, '2026-06-02', '13:05:00'),
('PC19AA', 39, '2026-06-02', '13:10:00'),
('NV08SS', 40, '2026-06-02', '13:15:00'),
('GO24QE', 41, '2026-06-02', '13:20:00'),
('FS16UV', 42, '2026-06-02', '13:25:00'),
('ED02KL', 43, '2026-06-02', '13:30:00'),
('CF11HJ', 44, '2026-06-02', '13:35:00'),
('SP29ZX', 45, '2026-06-02', '13:40:00'),
('IG05RR', 46, '2026-06-02', '13:45:00'),
('CM14PP', 47, '2026-06-02', '13:50:00'),
('AR23NB', 48, '2026-06-02', '13:55:00'),
('LB30TY', 49, '2026-06-02', '14:00:00'),
('SP09QA', 50, '2026-06-02', '14:05:00');

INSERT INTO tipologia_abbonamento (nomeAbbonamento, prezzo) VALUES 
('5 ingressi', 170),
('Stagionale', 280);

INSERT INTO visitatore
(nome, cognome, dataNascita, CF, numeroTelefono, e_mail, altezzaVisitatore, codiceGruppo)
VALUES
('Mario','Rossi','2004-10-12','MR12IL','3333000001','mario.rossi@gmail.com',175,NULL),
('Luca','Bianchi','2001-03-05','LB05QP','3333000002','luca.bianchi@gmail.com',182,NULL),
('Anna','Verdi','1999-07-22','AV22TR','3333000003','anna.verdi@gmail.com',165,NULL),
('Giulia','Neri','2002-11-09','GN09ZX','3333000004','giulia.neri@gmail.com',158,NULL),
('Marco','Galli','1998-01-18','MG18AB','3333000005','marco.galli@gmail.com',190,NULL),
('Sara','Ferrari','2000-06-30','SF30KL','3333000006','sara.ferrari@gmail.com',172,NULL),
('Paolo','Russo','2003-09-14','PR14MN','3333000007','paolo.russo@gmail.com',168,NULL),
('Elena','Romano','2001-12-03','ER03UV','3333000008','elena.romano@gmail.com',160,NULL),
('Davide','Conti','1997-04-27','DC27HJ','3333000009','davide.conti@gmail.com',185,NULL),
('Francesca','Marino','2005-02-16','FM16OP','3333000010','francesca.marino@gmail.com',170,NULL),
('Alessandro','Costa','1996-08-11','AC11RS','3333000011','alessandro.costa@gmail.com',178,NULL),
('Chiara','Giordano','2002-05-24','CG24EE','3333000012','chiara.giordano@gmail.com',162,NULL),
('Stefano','Rizzo','1999-10-02','SR02WW','3333000013','stefano.rizzo@gmail.com',188,NULL),
('Martina','Lombardi','2003-01-19','ML19TY','3333000014','martina.lombardi@gmail.com',166,NULL),
('Federico','Moretti','1998-06-08','FM08QA','3333000015','federico.moretti@gmail.com',181,NULL),
('Valentina','Barbieri','2000-09-25','VB25LO','3333000016','valentina.barbieri@gmail.com',159,NULL),
('Simone','Fontana','2001-11-06','SF06XZ','3333000017','simone.fontana@gmail.com',174,NULL),
('Laura','DeLuca','1997-02-13','LD13NB','3333000018','laura.deluca@gmail.com',167,NULL),
('Matteo','Serra','2004-07-29','MS29IK','3333000019','matteo.serra@gmail.com',183,NULL),
('Ilaria','Greco','2002-12-21','IG21PA','3333000020','ilaria.greco@gmail.com',164,NULL),
('Nicola','Testa','1996-03-17','NT17ME','3333000021','nicola.testa@gmail.com',176,NULL),
('Beatrice','Pellegrini','2003-08-04','BP04YU','3333000022','beatrice.pellegrini@gmail.com',161,NULL),
('Giorgio','Fabbri','1998-10-28','GF28ER','3333000023','giorgio.fabbri@gmail.com',187,NULL),
('Silvia','Rinaldi','2001-01-10','SR10CZ','3333000024','silvia.rinaldi@gmail.com',169,NULL),
('Andrea','Leone','1999-05-15','AL15TX','3333000025','andrea.leone@gmail.com',180,NULL),
('Marta','Palmieri','2004-09-07','MP07QQ','3333000026','marta.palmieri@gmail.com',157,NULL),
('Roberto','Martini','1997-11-23','RM23VA','3333000027','roberto.martini@gmail.com',192,NULL),
('Claudia','Villa','2000-02-14','CV14BN','3333000028','claudia.villa@gmail.com',163,NULL),
('Fabio','Longo','1996-06-01','FL01HJ','3333000029','fabio.longo@gmail.com',186,NULL),
('Alessia','Colombo','2002-04-18','AC18PS','3333000030','alessia.colombo@gmail.com',168,NULL),
('Tommaso','Bernardi','1999-12-09','TB09RR','3333000031','tommaso.bernardi@gmail.com',177,NULL),
('Serena','Fiore','2001-07-26','SF26ZZ','3333000032','serena.fiore@gmail.com',160,NULL),
('Emanuele','Parisi','1998-09-03','EP03KD','3333000033','emanuele.parisi@gmail.com',184,NULL),
('Giada','Sanna','2003-03-20','GS20LM','3333000034','giada.sanna@gmail.com',155,NULL),
('Daniele','Amato','1997-10-31','DA31XY','3333000035','daniele.amato@gmail.com',189,NULL),
('Veronica','Coppola','2000-01-27','VC27TT','3333000036','veronica.coppola@gmail.com',162,NULL),
('Riccardo','Ferraro','1996-05-06','RF06MN','3333000037','riccardo.ferraro@gmail.com',193,NULL),
('Elisa','Messina','2004-08-12','EM12OP','3333000038','elisa.messina@gmail.com',159,NULL),
('Pietro','Caruso','1999-11-19','PC19AA','3333000039','pietro.caruso@gmail.com',181,NULL),
('Noemi','Vitale','2002-02-08','NV08SS','3333000040','noemi.vitale@gmail.com',158,NULL),
('Gabriele','Orlando','1998-04-24','GO24QE','3333000041','gabriele.orlando@gmail.com',185,NULL),
('Federica','Sala','2001-09-16','FS16UV','3333000042','federica.sala@gmail.com',164,NULL),
('Enrico','DeSantis','1997-06-02','ED02KL','3333000043','enrico.desantis@gmail.com',188,NULL),
('Camilla','Farina','2003-12-11','CF11HJ','3333000044','camilla.farina@gmail.com',156,NULL),
('Samuele','Pagani','1999-01-29','SP29ZX','3333000045','samuele.pagani@gmail.com',179,NULL),
('Irene','Gatti','2000-10-05','IG05RR','3333000046','irene.gatti@gmail.com',161,NULL),
('Christian','Monti','1996-03-14','CM14PP','3333000047','christian.monti@gmail.com',190,NULL),
('Arianna','Riva','2002-07-23','AR23NB','3333000048','arianna.riva@gmail.com',166,NULL),
('Leonardo','Bellini','1998-11-30','LB30TY','3333000049','leonardo.bellini@gmail.com',183,NULL),
('Sofia','Piras','2004-05-09','SP09QA','3333000050','sofia.piras@gmail.com',160,NULL),
('Giacomo','Fabbri','1999-08-10','GF10MN','3333000051','giacomo.fabbri@gmail.com',170,NULL),
('Rebecca','Neri','2001-03-21','RN21OP','3333000052','rebecca.neri@gmail.com',165,NULL),
('Lorenzo','Moretti','1998-06-05','LM05RS','3333000053','lorenzo.moretti@gmail.com',190,NULL),
('Alice','Barbieri','2000-07-15','AB15UV','3333000054','alice.barbieri@gmail.com',158,NULL),
('Mattia','Fontana','2002-11-22','MF22KL','3333000055','mattia.fontana@gmail.com',182,NULL),
('Elena','Leone','1997-02-28','EL28TY','3333000056','elena.leone@gmail.com',175,NULL),
('Davide','Palmieri','2003-05-11','DP11QA','3333000057','davide.palmieri@gmail.com',168,NULL),
('Giulia','Martini','1999-12-07','GM07SS','3333000058','giulia.martini@gmail.com',160,NULL),
('Francesco','Villa','2001-01-30','FV30RR','3333000059','francesco.villa@gmail.com',185,NULL),
('Sara','Longo','2000-09-02','SL02PP','3333000060','sara.longo@gmail.com',172,NULL),
('Tommaso','Colombo','1996-06-18','TC18AA','3333000061','tommaso.colombo@gmail.com',178,NULL),
('Martina','Bernardi','2002-04-10','MB10BB','3333000062','martina.bernardi@gmail.com',165,NULL),
('Alessandro','Fiore','1997-07-25','AF25CC','3333000063','alessandro.fiore@gmail.com',190,NULL),
('Chiara','Parisi','2001-03-19','CP19DD','3333000064','chiara.parisi@gmail.com',158,NULL),
('Andrea','Sanna','1999-08-14','AS14EE','3333000065','andrea.sanna@gmail.com',182,NULL),
('Valentina','Amato','2003-02-23','VA23FF','3333000066','valentina.amato@gmail.com',160,NULL),
('Simone','Coppola','1998-11-05','SC05GG','3333000067','simone.coppola@gmail.com',185,NULL),
('Irene','Ferraro','2000-10-10','IF10HH','3333000068','irene.ferraro@gmail.com',170,NULL),
('Matteo','Messina','2002-12-01','MM01II','3333000069','matteo.messina@gmail.com',178,NULL),
('Elisa','Caruso','1997-01-17','EC17JJ','3333000070','elisa.caruso@gmail.com',160,NULL),
('Nicola','Vitale','1999-05-28','NV28KK','3333000071','nicola.vitale@gmail.com',188,NULL),
('Beatrice','Orlando','2001-08-13','BO13LL','3333000072','beatrice.orlando@gmail.com',165,NULL),
('Giorgio','Sala','1996-04-04','GS04MM','3333000073','giorgio.sala@gmail.com',180,NULL),
('Silvia','DeSantis','2000-09-22','SD22NN','3333000074','silvia.desantis@gmail.com',162,NULL),
('Andrea','Farina','1998-11-16','AF16OO','3333000075','andrea.farina@gmail.com',175,NULL),
('Marta','Pagani','2003-03-09','MP09PP','3333000076','marta.pagani@gmail.com',158,NULL),
('Roberto','Gatti','1997-10-01','RG01QQ','3333000077','roberto.gatti@gmail.com',192,NULL),
('Claudia','Monti','2000-07-07','CM07RR','3333000078','claudia.monti@gmail.com',163,NULL),
('Fabio','Riva','1996-05-19','FR19SS','3333000079','fabio.riva@gmail.com',186,NULL),
('Alessia','Bellini','2002-01-05','AB05TT','3333000080','alessia.bellini@gmail.com',168,NULL),
('Tommaso','Piras','1999-12-20','TP20UU','3333000081','tommaso.piras@gmail.com',177,NULL),
('Serena','Fabbri','2001-06-06','SF06VV','3333000082','serena.fabbri@gmail.com',160,NULL),
('Emanuele','Neri','1998-03-13','EN13WW','3333000083','emanuele.neri@gmail.com',184,NULL),
('Giada','Moretti','2003-10-30','GM30XX','3333000084','giada.moretti@gmail.com',155,NULL),
('Daniele','Barbieri','1997-09-08','DB08YY','3333000085','daniele.barbieri@gmail.com',189,NULL),
('Veronica','Fontana','2000-01-01','VF01ZZ','3333000086','veronica.fontana@gmail.com',162,NULL),
('Riccardo','Leone','1996-07-11','RL11AA','3333000087','riccardo.leone@gmail.com',193,NULL),
('Elisa','Palmieri','2004-05-18','EP18BB','3333000088','elisa.palmieri@gmail.com',159,NULL),
('Pietro','Martini','1999-02-02','PM02CC','3333000089','pietro.martini@gmail.com',181,NULL),
('Noemi','Villa','2002-08-24','NV24DD','3333000090','noemi.villa@gmail.com',158,NULL),
('Gabriele','Longo','1998-04-12','GL12EE','3333000091','gabriele.longo@gmail.com',185,NULL),
('Federica','Colombo','2001-09-06','FC06FF','3333000092','federica.colombo@gmail.com',164,NULL),
('Enrico','Bernardi','1997-06-15','EB15GG','3333000093','enrico.bernardi@gmail.com',188,NULL),
('Camilla','Fiore','2003-12-21','CF21HH','3333000094','camilla.fiore@gmail.com',156,NULL),
('Samuele','Parisi','1999-01-03','SP03II','3333000095','samuele.parisi@gmail.com',179,NULL),
('Irene','Sanna','2000-10-19','IS19JJ','3333000096','irene.sanna@gmail.com',161,NULL),
('Christian','Amato','1996-03-28','CA28KK','3333000097','christian.amato@gmail.com',190,NULL),
('Arianna','Coppola','2002-07-12','AC12LL','3333000098','arianna.coppola@gmail.com',166,NULL),
('Leonardo','Ferraro','1998-11-21','LF21MM','3333000099','leonardo.ferraro@gmail.com',183,NULL),
('Sofia','Messina','2004-05-14','SM14NN','3333000100','sofia.messina@gmail.com',160,NULL);

INSERT INTO gruppo (codiceGruppo, gruppoScuola) VALUES 
(1, 'false'),
(2, 'false'),
(3, 'false');
