INSERT INTO abbonamento (scadenza, codAbbonamento, nomeAbbonamento) VALUES
-- Acquisti del 2023
('2023-10-31', 1, 'Stagionale'), ('2023-10-31', 2, '5 ingressi'),
('2023-10-31', 3, '5 ingressi'), ('2023-10-31', 4, 'Stagionale'),
('2023-10-31', 5, 'Stagionale'), ('2023-10-31', 6, '5 ingressi'),
('2023-10-31', 7, 'Stagionale'), ('2023-10-31', 8, 'Stagionale'),
('2023-10-31', 9, '5 ingressi'), ('2023-10-31', 10, 'Stagionale'),
('2023-10-31', 11, '5 ingressi'), ('2023-10-31', 12, 'Stagionale'),
('2023-10-31', 13, 'Stagionale'), ('2023-10-31', 14, '5 ingressi'),
('2023-10-31', 15, 'Stagionale'), ('2023-10-31', 16, '5 ingressi'),
('2023-10-31', 17, '5 ingressi'), ('2023-10-31', 18, 'Stagionale'),
('2023-10-31', 19, 'Stagionale'), ('2023-10-31', 20, '5 ingressi'),

-- Acquisti del 2024
('2024-10-31', 21, 'Stagionale'), ('2024-10-31', 22, '5 ingressi'),
('2024-10-31', 23, 'Stagionale'), ('2024-10-31', 24, 'Stagionale'),
('2024-10-31', 25, '5 ingressi'), ('2024-10-31', 26, 'Stagionale'),
('2024-10-31', 27, '5 ingressi'), ('2024-10-31', 28, 'Stagionale'),
('2024-10-31', 29, 'Stagionale'), ('2024-10-31', 30, '5 ingressi'),
('2024-10-31', 31, 'Stagionale'), ('2024-10-31', 32, '5 ingressi'),
('2024-10-31', 33, 'Stagionale'), ('2024-10-31', 34, 'Stagionale'),
('2024-10-31', 35, '5 ingressi'), ('2024-10-31', 36, '5 ingressi'),
('2024-10-31', 37, 'Stagionale'), ('2024-10-31', 38, '5 ingressi'),
('2024-10-31', 39, 'Stagionale'), ('2024-10-31', 40, 'Stagionale'),
('2024-10-31', 41, '5 ingressi'), ('2024-10-31', 42, 'Stagionale'),
('2024-10-31', 43, '5 ingressi'), ('2024-10-31', 44, 'Stagionale'),
('2024-10-31', 45, 'Stagionale'), ('2024-10-31', 46, '5 ingressi'),
('2024-10-31', 47, 'Stagionale'), ('2024-10-31', 48, '5 ingressi'),
('2024-10-31', 49, 'Stagionale'), ('2024-10-31', 50, '5 ingressi'),

-- Acquisti del 2025
('2025-10-31', 51, 'Stagionale'), ('2025-10-31', 52, '5 ingressi'),
('2025-10-31', 53, 'Stagionale'), ('2025-10-31', 54, '5 ingressi'),
('2025-10-31', 55, 'Stagionale'), ('2025-10-31', 56, 'Stagionale'),
('2025-10-31', 57, '5 ingressi'), ('2025-10-31', 58, 'Stagionale'),
('2025-10-31', 59, '5 ingressi'), ('2025-10-31', 60, 'Stagionale'),
('2025-10-31', 61, 'Stagionale'), ('2025-10-31', 62, '5 ingressi'),
('2025-10-31', 63, 'Stagionale'), ('2025-10-31', 64, '5 ingressi'),
('2025-10-31', 65, 'Stagionale'), ('2025-10-31', 66, 'Stagionale'),
('2025-10-31', 67, '5 ingressi'), ('2025-10-31', 68, 'Stagionale'),
('2025-10-31', 69, '5 ingressi'), ('2025-10-31', 70, 'Stagionale'),
('2025-10-31', 71, 'Stagionale'), ('2025-10-31', 72, '5 ingressi'),
('2025-10-31', 73, 'Stagionale'), ('2025-10-31', 74, '5 ingressi'),
('2025-10-31', 75, 'Stagionale'), ('2025-10-31', 76, 'Stagionale'),
('2025-10-31', 77, '5 ingressi'), ('2025-10-31', 78, 'Stagionale'),
('2025-10-31', 79, '5 ingressi'), ('2025-10-31', 80, 'Stagionale'),
('2025-10-31', 81, 'Stagionale'), ('2025-10-31', 82, '5 ingressi'),
('2025-10-31', 83, 'Stagionale'), ('2025-10-31', 84, '5 ingressi'),
('2025-10-31', 85, 'Stagionale'), ('2025-10-31', 86, 'Stagionale'),
('2025-10-31', 87, '5 ingressi'), ('2025-10-31', 88, 'Stagionale'),
('2025-10-31', 89, '5 ingressi'), ('2025-10-31', 90, 'Stagionale'),

-- Acquisti del 2026
('2026-10-31', 91, 'Stagionale'), ('2026-10-31', 92, '5 ingressi'),
('2026-10-31', 93, 'Stagionale'), ('2026-10-31', 94, '5 ingressi'),
('2026-10-31', 95, 'Stagionale'), ('2026-10-31', 96, 'Stagionale'),
('2026-10-31', 97, '5 ingressi'), ('2026-10-31', 98, 'Stagionale'),
('2026-10-31', 99, '5 ingressi'), ('2026-10-31', 100, 'Stagionale'),
('2026-10-31', 101, 'Stagionale'), ('2026-10-31', 102, '5 ingressi'),
('2026-10-31', 103, 'Stagionale'), ('2026-10-31', 104, '5 ingressi'),
('2026-10-31', 105, 'Stagionale'), ('2026-10-31', 106, 'Stagionale'),
('2026-10-31', 107, '5 ingressi'), ('2026-10-31', 108, 'Stagionale'),
('2026-10-31', 109, '5 ingressi'), ('2026-10-31', 110, 'Stagionale'),
('2026-10-31', 111, 'Stagionale'), ('2026-10-31', 112, '5 ingressi'),
('2026-10-31', 113, 'Stagionale'), ('2026-10-31', 114, '5 ingressi'),
('2026-10-31', 115, 'Stagionale'), ('2026-10-31', 116, 'Stagionale'),
('2026-10-31', 117, '5 ingressi'), ('2026-10-31', 118, 'Stagionale'),
('2026-10-31', 119, '5 ingressi'), ('2026-10-31', 120, 'Stagionale');

INSERT INTO tipologia_biglietto (nomeBiglietto, prezzo) VALUES 
('Pomeridiano', 19),
('Flash Pass', 60),
('Giornaliero', 40),
('2 giorni con pernottamento', 200);

-- 20 persone: data 2023-07-16
INSERT INTO acquisto_a (CF, codAbbonamento, data, orario) VALUES
('MR12AB', 1, '2023-07-16', '10:12:45'), ('LB05CD', 2, '2023-07-16', '10:45:12'),
('AV22EF', 3, '2023-07-16', '11:05:33'), ('GN09GH', 4, '2023-07-16', '11:30:10'),
('MG18IJ', 5, '2023-07-16', '12:15:22'), ('SF30KL', 6, '2023-07-16', '12:50:00'),
('PR14MN', 7, '2023-07-16', '13:20:45'), ('ER03OP', 8, '2023-07-16', '13:55:12'),
('DC27QR', 9, '2023-07-16', '14:10:30'), ('FM16ST', 10, '2023-07-16', '14:40:55'),
('AC11UV', 11, '2023-07-16', '15:05:18'), ('CG24WX', 12, '2023-07-16', '15:30:40'),
('SR02YZ', 13, '2023-07-16', '16:00:25'), ('ML19AA', 14, '2023-07-16', '16:25:50'),
('FM08BB', 15, '2023-07-16', '16:50:12'), ('VB25CC', 16, '2023-07-16', '17:10:05'),
('SF06DD', 17, '2023-07-16', '17:25:33'), ('LD13EE', 18, '2023-07-16', '17:40:11'),
('MS29FF', 19, '2023-07-16', '17:52:40'), ('IG21GG', 20, '2023-07-16', '17:58:15');

-- 30 persone: data 2024-06-18
INSERT INTO acquisto_a (CF, codAbbonamento, data, orario) VALUES
('NT17HH', 21, '2024-06-18', '10:05:10'), ('BP04II', 22, '2024-06-18', '10:25:30'),
('GF28JJ', 23, '2024-06-18', '10:45:00'), ('SR10KK', 24, '2024-06-18', '11:00:15'),
('AL15LL', 25, '2024-06-18', '11:20:40'), ('MP07MM', 26, '2024-06-18', '11:45:55'),
('RM23NN', 27, '2024-06-18', '12:05:12'), ('CV14OO', 28, '2024-06-18', '12:30:30'),
('FL01PP', 29, '2024-06-18', '12:55:00'), ('AC18QQ', 30, '2024-06-18', '13:10:45'),
('TB09RR', 31, '2024-06-18', '13:35:20'), ('SF26SS', 32, '2024-06-18', '13:50:10'),
('EP03TT', 33, '2024-06-18', '14:15:33'), ('GS20UU', 34, '2024-06-18', '14:40:50'),
('DA31VV', 35, '2024-06-18', '15:00:15'), ('VC27WW', 36, '2024-06-18', '15:22:40'),
('RF06XX', 37, '2024-06-18', '15:45:05'), ('EM12YY', 38, '2024-06-18', '16:05:12'),
('PC19AZ', 39, '2024-06-18', '16:20:30'), ('NV08BA', 40, '2024-06-18', '16:40:55'),
('GO24CB', 41, '2024-06-18', '16:55:10'), ('FS16DC', 42, '2024-06-18', '17:10:33'),
('ED02ED', 43, '2024-06-18', '17:25:00'), ('CF11FE', 44, '2024-06-18', '17:35:12'),
('SP29GF', 45, '2024-06-18', '17:45:25'), ('IG05HG', 46, '2024-06-18', '17:50:10'),
('CM14IH', 47, '2024-06-18', '17:53:40'), ('AR23JI', 48, '2024-06-18', '17:55:55'),
('LB30KJ', 49, '2024-06-18', '17:57:12'), ('SP09LK', 50, '2024-06-18', '17:59:00');

-- 40 persone: data 2025-08-07
INSERT INTO acquisto_a (CF, codAbbonamento, data, orario) VALUES
('GF10ML', 51, '2025-08-07', '10:05:00'), ('RN21NM', 52, '2025-08-07', '10:15:00'),
('LM05OP', 53, '2025-08-07', '10:30:00'), ('AB15PQ', 54, '2025-08-07', '10:45:00'),
('MF22QR', 55, '2025-08-07', '11:00:00'), ('EL28RS', 56, '2025-08-07', '11:15:00'),
('DP11ST', 57, '2025-08-07', '11:30:00'), ('GM07TU', 58, '2025-08-07', '11:45:00'),
('FV30UV', 59, '2025-08-07', '12:00:00'), ('SL02VW', 60, '2025-08-07', '12:15:00'),
('TC18WX', 61, '2025-08-07', '12:30:00'), ('MB10XY', 62, '2025-08-07', '12:45:00'),
('AF25YZ', 63, '2025-08-07', '13:00:00'), ('CP19ZA', 64, '2025-08-07', '13:15:00'),
('AS14AB', 65, '2025-08-07', '13:30:00'), ('VA23BC', 66, '2025-08-07', '13:45:00'),
('SC05CD', 67, '2025-08-07', '14:00:00'), ('IF10DE', 68, '2025-08-07', '14:15:00'),
('MM01EF', 69, '2025-08-07', '14:30:00'), ('EC17FG', 70, '2025-08-07', '14:45:00'),
('NV28GH', 71, '2025-08-07', '15:00:00'), ('BO13HI', 72, '2025-08-07', '15:15:00'),
('GS04IJ', 73, '2025-08-07', '15:30:00'), ('SD22JK', 74, '2025-08-07', '15:45:00'),
('AF16KL', 75, '2025-08-07', '16:00:00'), ('MP09LM', 76, '2025-08-07', '16:15:00'),
('RG01MN', 77, '2025-08-07', '16:30:00'), ('CM07NO', 78, '2025-08-07', '16:45:00'),
('FR19OP', 79, '2025-08-07', '17:00:00'), ('AB05PQ', 80, '2025-08-07', '17:10:00'),
('TP20QR', 81, '2025-08-07', '17:20:00'), ('SF06RS', 82, '2025-08-07', '17:30:00'),
('EN13ST', 83, '2025-08-07', '17:35:00'), ('GM30TU', 84, '2025-08-07', '17:40:00'),
('DB08UV', 85, '2025-08-07', '17:45:00'), ('VF01VW', 86, '2025-08-07', '17:50:00'),
('RL11WX', 87, '2025-08-07', '17:52:00'), ('EP18XY', 88, '2025-08-07', '17:55:00'),
('PM02YZ', 89, '2025-08-07', '17:57:00'), ('NV24ZA', 90, '2025-08-07', '17:59:00');

-- 30 persone: data 2026-06-04
INSERT INTO acquisto_a (CF, codAbbonamento, data, orario) VALUES
('AG12XY', 91, '2026-06-04', '10:10:00'), ('MP05QR', 92, '2026-06-04', '10:30:00'),
('GS22BT', 93, '2026-06-04', '10:50:00'), ('PB09LZ', 94, '2026-06-04', '11:15:00'),
('EG18KF', 95, '2026-06-04', '11:40:00'), ('RF30JD', 96, '2026-06-04', '12:05:00'),
('CB14MN', 97, '2026-06-04', '12:30:00'), ('LM03OP', 98, '2026-06-04', '12:55:00'),
('RC27WE', 99, '2026-06-04', '13:20:00'), ('SV16RT', 100, '2026-06-04', '13:45:00'),
('MD11YU', 101, '2026-06-04', '14:05:00'), ('TG24PL', 102, '2026-06-04', '14:25:00'),
('DF02KJ', 103, '2026-06-04', '14:45:00'), ('AN19XC', 104, '2026-06-04', '15:05:00'),
('VP08VB', 105, '2026-06-04', '15:25:00'), ('GR25SD', 106, '2026-06-04', '15:45:00'),
('SS06NM', 107, '2026-06-04', '16:05:00'), ('RM13LK', 108, '2026-06-04', '16:25:00'),
('AG28QW', 109, '2026-06-04', '16:45:00'), ('PP21ER', 110, '2026-06-04', '17:05:00'),
('MS17TY', 111, '2026-06-04', '17:15:00'), ('CP04UI', 112, '2026-06-04', '17:25:00'),
('BV28OP', 113, '2026-06-04', '17:35:00'), ('DR10AS', 114, '2026-06-04', '17:45:00'),
('PT15DF', 115, '2026-06-04', '17:50:00'), ('DM07GH', 116, '2026-06-04', '17:52:00'),
('RB23JK', 117, '2026-06-04', '17:54:00'), ('AP14LZ', 118, '2026-06-04', '17:56:00'),
('ES01XN', 119, '2026-06-04', '17:58:00'), ('MB18CV', 120, '2026-06-04', '17:59:30');

INSERT INTO tipologia_abbonamento (nomeAbbonamento, prezzo) VALUES 
('5 ingressi', 170),
('Stagionale', 280);

INSERT INTO visitatore (nome, cognome, dataNascita, CF, numeroTelefono, e_mail, altezzaVisitatore, codiceGruppo) VALUES
('Mario','Rossi','2004-10-12','MR12AB','3333000001','mario.rossi@gmail.com',175,NULL),
('Luca','Bianchi','2001-03-05','LB05CD','3333000002','luca.bianchi@gmail.com',182,NULL),
('Anna','Verdi','1999-07-22','AV22EF','3333000003','anna.verdi@gmail.com',165,NULL),
('Giulia','Neri','2002-11-09','GN09GH','3333000004','giulia.neri@gmail.com',158,NULL),
('Marco','Galli','1998-01-18','MG18IJ','3333000005','marco.galli@gmail.com',190,NULL),
('Sara','Ferrari','2000-06-30','SF30KL','3333000006','sara.ferrari@gmail.com',172,NULL),
('Paolo','Russo','2003-09-14','PR14MN','3333000007','paolo.russo@gmail.com',168,NULL),
('Elena','Romano','2001-12-03','ER03OP','3333000008','elena.romano@gmail.com',160,NULL),
('Davide','Conti','1997-04-27','DC27QR','3333000009','davide.conti@gmail.com',185,NULL),
('Francesca','Marino','2005-02-16','FM16ST','3333000010','francesca.marino@gmail.com',170,NULL),
('Alessandro','Costa','1996-08-11','AC11UV','3333000011','alessandro.costa@gmail.com',178,NULL),
('Chiara','Giordano','2002-05-24','CG24WX','3333000012','chiara.giordano@gmail.com',162,NULL),
('Stefano','Rizzo','1999-10-02','SR02YZ','3333000013','stefano.rizzo@gmail.com',188,NULL),
('Martina','Lombardi','2003-01-19','ML19AA','3333000014','martina.lombardi@gmail.com',166,3),
('Federico','Moretti','1998-06-08','FM08BB','3333000015','federico.moretti@gmail.com',181,NULL),
('Valentina','Barbieri','2000-09-25','VB25CC','3333000016','valentina.barbieri@gmail.com',159,3),
('Simone','Fontana','2001-11-06','SF06DD','3333000017','simone.fontana@gmail.com',174,NULL),
('Laura','DeLuca','1997-02-13','LD13EE','3333000018','laura.deluca@gmail.com',167,NULL),
('Matteo','Serra','2004-07-29','MS29FF','3333000019','matteo.serra@gmail.com',183,NULL),
('Ilaria','Greco','2002-12-21','IG21GG','3333000020','ilaria.greco@gmail.com',164,3),
('Nicola','Testa','1996-03-17','NT17HH','3333000021','nicola.testa@gmail.com',176,NULL),
('Beatrice','Pellegrini','2003-08-04','BP04II','3333000022','beatrice.pellegrini@gmail.com',161,NULL),
('Giorgio','Fabbri','1998-10-28','GF28JJ','3333000023','giorgio.fabbri@gmail.com',187,NULL),
('Silvia','Rinaldi','2001-01-10','SR10KK','3333000024','silvia.rinaldi@gmail.com',169,3),
('Andrea','Leone','1999-05-15','AL15LL','3333000025','andrea.leone@gmail.com',180,NULL),
('Marta','Palmieri','2004-09-07','MP07MM','3333000026','marta.palmieri@gmail.com',157,NULL),
('Roberto','Martini','1997-11-23','RM23NN','3333000027','roberto.martini@gmail.com',192,3),
('Claudia','Villa','2000-02-14','CV14OO','3333000028','claudia.villa@gmail.com',163,NULL),
('Fabio','Longo','1996-06-01','FL01PP','3333000029','fabio.longo@gmail.com',186,NULL),
('Alessia','Colombo','2002-04-18','AC18QQ','3333000030','alessia.colombo@gmail.com',168,3),
('Tommaso','Bernardi','1999-12-09','TB09RR','3333000031','tommaso.bernardi@gmail.com',177,NULL),
('Serena','Fiore','2001-07-26','SF26SS','3333000032','serena.fiore@gmail.com',160,NULL),
('Emanuele','Parisi','1998-09-03','EP03TT','3333000033','emanuele.parisi@gmail.com',184,NULL),
('Giada','Sanna','2003-03-20','GS20UU','3333000034','giada.sanna@gmail.com',155,NULL),
('Daniele','Amato','1997-10-31','DA31VV','3333000035','daniele.amato@gmail.com',189,3),
('Veronica','Coppola','2000-01-27','VC27WW','3333000036','veronica.coppola@gmail.com',162,NULL),
('Riccardo','Ferraro','1996-05-06','RF06XX','3333000037','riccardo.ferraro@gmail.com',193,NULL),
('Elisa','Messina','2004-08-12','EM12YY','3333000038','elisa.messina@gmail.com',159,3),
('Pietro','Caruso','1999-11-19','PC19AZ','3333000039','pietro.caruso@gmail.com',181,NULL),
('Noemi','Vitale','2002-02-08','NV08BA','3333000040','noemi.vitale@gmail.com',158,NULL),
('Gabriele','Orlando','1998-04-24','GO24CB','3333000041','gabriele.orlando@gmail.com',185,3),
('Federica','Sala','2001-09-16','FS16DC','3333000042','federica.sala@gmail.com',164,NULL),
('Enrico','DeSantis','1997-06-02','ED02ED','3333000043','enrico.desantis@gmail.com',188,NULL),
('Camilla','Farina','2003-12-11','CF11FE','3333000044','camilla.farina@gmail.com',156,NULL),
('Samuele','Pagani','1999-01-29','SP29GF','3333000045','samuele.pagani@gmail.com',179,3),
('Irene','Gatti','2000-10-05','IG05HG','3333000046','irene.gatti@gmail.com',161,NULL),
('Christian','Monti','1996-03-14','CM14IH','3333000047','christian.monti@gmail.com',190,NULL),
('Arianna','Riva','2002-07-23','AR23JI','3333000048','arianna.riva@gmail.com',166,NULL),
('Leonardo','Bellini','1998-11-30','LB30KJ','3333000049','leonardo.bellini@gmail.com',183,NULL),
('Sofia','Piras','2004-05-09','SP09LK','3333000050','sofia.piras@gmail.com',160,NULL),
('Giacomo','Fabbri','1999-08-10','GF10ML','3333000051','giacomo.fabbri@gmail.com',170,NULL),
('Rebecca','Neri','2001-03-21','RN21NM','3333000052','rebecca.neri@gmail.com',165,NULL),
('Lorenzo','Moretti','1998-06-05','LM05OP','3333000053','lorenzo.moretti@gmail.com',190,NULL),
('Alice','Barbieri','2000-07-15','AB15PQ','3333000054','alice.barbieri@gmail.com',158,NULL),
('Mattia','Fontana','2002-11-22','MF22QR','3333000055','mattia.fontana@gmail.com',182,NULL),
('Elena','Leone','1997-02-28','EL28RS','3333000056','elena.leone@gmail.com',175,NULL),
('Davide','Palmieri','2003-05-11','DP11ST','3333000057','davide.palmieri@gmail.com',168,NULL),
('Giulia','Martini','1999-12-07','GM07TU','3333000058','giulia.martini@gmail.com',160,NULL),
('Francesco','Villa','2001-01-30','FV30UV','3333000059','francesco.villa@gmail.com',185,NULL),
('Sara','Longo','2000-09-02','SL02VW','3333000060','sara.longo@gmail.com',172,NULL),
('Tommaso','Colombo','1996-06-18','TC18WX','3333000061','tommaso.colombo@gmail.com',178,NULL),
('Martina','Bernardi','2002-04-10','MB10XY','3333000062','martina.bernardi@gmail.com',165,NULL),
('Alessandro','Fiore','1997-07-25','AF25YZ','3333000063','alessandro.fiore@gmail.com',190,NULL),
('Chiara','Parisi','2001-03-19','CP19ZA','3333000064','chiara.parisi@gmail.com',158,NULL),
('Andrea','Sanna','1999-08-14','AS14AB','3333000065','andrea.sanna@gmail.com',182,NULL),
('Valentina','Amato','2003-02-23','VA23BC','3333000066','valentina.amato@gmail.com',160,NULL),
('Simone','Coppola','1998-11-05','SC05CD','3333000067','simone.coppola@gmail.com',185,NULL),
('Irene','Ferraro','2000-10-10','IF10DE','3333000068','irene.ferraro@gmail.com',170,NULL),
('Matteo','Messina','2002-12-01','MM01EF','3333000069','matteo.messina@gmail.com',178,NULL),
('Elisa','Caruso','1997-01-17','EC17FG','3333000070','elisa.caruso@gmail.com',160,NULL),
('Nicola','Vitale','1999-05-28','NV28GH','3333000071','nicola.vitale@gmail.com',188,NULL),
('Beatrice','Orlando','2001-08-13','BO13HI','3333000072','beatrice.orlando@gmail.com',165,NULL),
('Giorgio','Sala','1996-04-04','GS04IJ','3333000073','giorgio.sala@gmail.com',180,NULL),
('Silvia','DeSantis','2000-09-22','SD22JK','3333000074','silvia.desantis@gmail.com',162,NULL),
('Andrea','Farina','1998-11-16','AF16KL','3333000075','andrea.farina@gmail.com',175,NULL),
('Marta','Pagani','2003-03-09','MP09LM','3333000076','marta.pagani@gmail.com',158,NULL),
('Roberto','Gatti','1997-10-01','RG01MN','3333000077','roberto.gatti@gmail.com',192,NULL),
('Claudia','Monti','2000-07-07','CM07NO','3333000078','claudia.monti@gmail.com',163,NULL),
('Fabio','Riva','1996-05-19','FR19OP','3333000079','fabio.riva@gmail.com',186,NULL),
('Alessia','Bellini','2002-01-05','AB05PQ','3333000080','alessia.bellini@gmail.com',168,NULL),
('Tommaso','Piras','1999-12-20','TP20QR','3333000081','tommaso.piras@gmail.com',177,NULL),
('Serena','Fabbri','2001-06-06','SF06RS','3333000082','serena.fabbri@gmail.com',160,NULL),
('Emanuele','Neri','1998-03-13','EN13ST','3333000083','emanuele.neri@gmail.com',184,NULL),
('Giada','Moretti','2003-10-30','GM30TU','3333000084','giada.moretti@gmail.com',155,NULL),
('Daniele','Barbieri','1997-09-08','DB08UV','3333000085','daniele.barbieri@gmail.com',189,NULL),
('Veronica','Fontana','2000-01-01','VF01VW','3333000086','veronica.fontana@gmail.com',162,NULL),
('Riccardo','Leone','1996-07-11','RL11WX','3333000087','riccardo.leone@gmail.com',193,NULL),
('Elisa','Palmieri','2004-05-18','EP18XY','3333000088','elisa.palmieri@gmail.com',159,NULL),
('Pietro','Martini','1999-02-02','PM02YZ','3333000089','pietro.martini@gmail.com',181,NULL),
('Noemi','Villa','2002-08-24','NV24ZA','3333000090','noemi.villa@gmail.com',158,NULL),
('Gabriele','Longo','1998-04-12','GL12AB','3333000091','gabriele.longo@gmail.com',185,NULL),
('Federica','Colombo','2001-09-06','FC06BC','3333000092','federica.colombo@gmail.com',164,NULL),
('Enrico','Bernardi','1997-06-15','EB15CD','3333000093','enrico.call@gmail.com',188,NULL),
('Camilla','Fiore','2003-12-21','CF21DE','3333000094','camilla.fiore@gmail.com',156,NULL),
('Samuele','Parisi','1999-01-03','SP03EF','3333000095','samuele.parisi@gmail.com',179,NULL),
('Irene','Sanna','2000-10-19','IS19FG','3333000096','irene.sanna@gmail.com',161,NULL),
('Christian','Amato','1996-03-28','CA28GH','3333000097','christian.amato@gmail.com',190,NULL),
('Arianna','Coppola','2002-07-12','AC12HI','3333000098','arianna.coppola@gmail.com',166,NULL),
('Leonardo','Ferraro','1998-11-21','LF21IJ','3333000099','leonardo.ferraro@gmail.com',183,NULL),
('Sofia','Messina','2004-05-14','SM14JK','3333000100','sofia.messina@gmail.com',160,NULL),
('Marco','DeAngelis','1997-02-08','MD08KL','3333000101','marco.deangelis@gmail.com',178,NULL),
('Chiara','Ruggeri','2001-06-17','CR17LM','3333000102','chiara.ruggeri@gmail.com',162,NULL),
('Lorenzo','Pellegrino','1999-09-25','LP25MN','3333000103','lorenzo.pellegrino@gmail.com',185,NULL),
('Valeria','Sereni','2003-03-04','VS04NO','3333000104','valeria.sereni@gmail.com',158,NULL),
('Alberto','Marchetti','1996-12-19','AM19OP','3333000105','alberto.marchetti@gmail.com',190,NULL),
('Francesca','Gentile','2000-05-11','FG11PQ','3333000106','francesca.gentile@gmail.com',165,NULL),
('Davide','Sartori','1998-08-22','DS22QR','3333000107','davide.sartori@gmail.com',180,NULL),
('Elisa','Vitali','2002-01-09','EV09RS','3333000108','elisa.vitali@gmail.com',160,NULL),
('Giorgio','Mariani','1997-10-27','GM27ST','3333000109','giorgio.mariani@gmail.com',188,NULL),
('Ilaria','Pozzi','2004-04-15','IP15TU','3333000110','ilaria.pozzi@gmail.com',155,NULL),
('Stefano','Rinaldi','1999-07-03','SR03UV','3333000111','stefano.rinaldi@gmail.com',182,NULL),
('Martina','Donati','2001-11-18','MD18VW','3333000112','martina.donati@gmail.com',168,NULL),
('Riccardo','Bellotti','1996-06-29','RB29WX','3333000113','riccardo.bellotti@gmail.com',192,NULL),
('Silvia','Ferranti','2000-02-07','SF07XY','3333000114','silvia.ferranti@gmail.com',163,NULL),
('Andrea','Locatelli','1998-09-14','AL14YZ','3333000115','andrea.locatelli@gmail.com',175,NULL),
('Beatrice','Rossi','2003-12-01','BR01ZA','3333000116','beatrice.rossi@gmail.com',159,NULL),
('Tommaso','Pagliari','1997-05-20','TP20ZZ','3333000117','tommaso.pagliari@gmail.com',185,NULL),
('Elena','Bianchi','2001-08-30','EB30XX','3333000118','elena.bianchi@gmail.com',162,NULL),
('Luca','Fiorentini','1999-01-12','LF12YY','3333000119','luca.fiorentini@gmail.com',180,NULL),
('Sofia','Morelli','2002-06-06','SM06WW','3333000120','sofia.morelli@gmail.com',158,NULL),
('Gabriele','Ruggieri','1998-11-11','GR11KK','3333000121','gabriele.ruggieri@gmail.com',190,NULL),
('Federica','Barbieri','2000-03-23','FB23JJ','3333000122','federica.barbieri@gmail.com',165,NULL),
('Enrico','Sanna','1997-07-19','ES19MM','3333000123','enrico.sanna@gmail.com',178,NULL),
('Camilla','Moretti','2003-09-04','CM04LL','3333000124','camilla.moretti@gmail.com',160,NULL),
('Samuele','Riva','1999-12-28','SR28PP','3333000125','samuele.riva@gmail.com',185,NULL),
('Irene','Martini','2001-02-10','IM10QQ','3333000126','irene.martini@gmail.com',162,NULL),
('Christian','Villa','1996-06-05','CV05RR','3333000127','christian.villa@gmail.com',188,NULL),
('Arianna','Longo','2002-01-17','AL17SS','3333000128','arianna.longo@gmail.com',166,NULL),
('Leonardo','Colombo','1998-10-29','LC29TT','3333000129','leonardo.colombo@gmail.com',183,NULL),
('Sofia','Bellini','2004-05-09','SB09UU','3333000130','sofia.bellini@gmail.com',160,NULL),
('Marco','Fabbri','1997-03-06','MF06VV','3333000131','marco.fabbri@gmail.com',178,NULL),
('Chiara','Neri','2001-08-22','CN22AA','3333000132','chiara.neri@gmail.com',162,5),
('Lorenzo','Moretti','1999-12-15','LM15BB','3333000133','lorenzo.moretti@gmail.com',185,NULL),
('Valeria','Barbieri','2003-06-03','VB03CC','3333000134','valeria.barbieri@gmail.com',158,5),
('Alberto','Ferrari','1996-11-11','AF11DD','3333000135','alberto.ferrari@gmail.com',190,NULL),
('Francesca','Russo','2000-04-19','FR19EE','3333000136','francesca.russo@gmail.com',165,NULL),
('Davide','Leone','1998-09-30','DL30FF','3333000137','davide.leone@gmail.com',180,NULL),
('Elisa','Palmieri','2002-01-21','EP21GG','3333000138','elisa.palmieri@gmail.com',160,NULL),
('Giorgio','Martini','1997-10-05','GM05HH','3333000139','giorgio.martini@gmail.com',188,5),
('Ilaria','Villa','2004-04-14','IV14II','3333000140','ilaria.villa@gmail.com',155,NULL),
('Stefano','Bianchi','1999-07-07','SB07OO','3333000141','stefano.bianchi@gmail.com',182,NULL),
('Martina','Fabbri','2001-11-22','MF22ZZ','3333000142','martina.fabbri@gmail.com',168,5),
('Riccardo','Neri','1996-06-17','RN17YY','3333000143','riccardo.neri@gmail.com',192,NULL),
('Silvia','Moretti','2000-02-09','SM09XX','3333000144','silvia.moretti@gmail.com',163,NULL),
('Andrea','Barbieri','1998-09-20','AB20WW','3333000145','andrea.barbieri@gmail.com',175,NULL),
('Beatrice','Ferrari','2003-12-03','BF03VV','3333000146','beatrice.ferrari@gmail.com',159,NULL),
('Tommaso','Russo','1997-05-12','TR12UU','3333000147','tommaso.russo@gmail.com',185,5),
('Elena','Leone','2001-08-28','EL28TT','3333000148','elena.leone@gmail.com',162,NULL),
('Luca','Palmieri','1999-01-30','LP30SS','3333000149','luca.palmieri@gmail.com',180,NULL),
('Sofia','Lucchini','2004-04-06','SL06RR','3333000150','sofia.lucchini@gmail.com',159,NULL),
('Antonio', 'Guerra', '1955-03-12', 'AG12XY', '3334000001', 'antonio.guerra@outlook.it', 174, NULL),
('Mariangela', 'Piras', '1982-11-05', 'MP05QR', '3334000002', 'm.piras82@libero.it', 162, NULL),
('Giovanni', 'Sacco', '1974-07-22', 'GS22BT', '3334000003', 'giovanni.sacco@gmail.com', 180, NULL),
('Patrizia', 'Boschi', '1968-12-09', 'PB09LZ', '3334000004', 'p.boschi68@gmail.com', 158, NULL),
('Ettore', 'Grassi', '1992-05-18', 'EG18KF', '3334000005', 'ettore.grassi@yahoo.it', 188, NULL),
('Rosa', 'Festa', '2010-09-30', 'RF30JD', '3334000006', 'famiglia.festa@gmail.com', 145, NULL),
('Claudio', 'Bini', '1959-04-14', 'CB14MN', '3334000007', 'claudio.bini@tiscali.it', 170, NULL),
('Loredana', 'Meli', '1977-10-03', 'LM03OP', '3334000008', 'loredana.meli@gmail.com', 164, NULL),
('Renato', 'Carli', '1963-08-27', 'RC27WE', '3334000009', 'carli.renato@gmail.com', 176, NULL),
('Silvana', 'Valli', '1952-02-16', 'SV16RT', '3334000010', 'silvana.valli@outlook.com', 160, NULL),
('Mauro', 'Della', '1988-12-11', 'MD11YU', '3334000011', 'mauro.della@gmail.com', 182, NULL),
('Tiziana', 'Galli', '1971-06-24', 'TG24PL', '3334000012', 't.galli71@virgilio.it', 166, NULL),
('Domenico', 'Foti', '1958-01-02', 'DF02KJ', '3334000013', 'foti.domenico@gmail.com', 175, NULL),
('Annamaria', 'Neri', '1995-03-19', 'AN19XC', '3334000014', 'annamaria.neri@gmail.com', 168, NULL),
('Vincenzo', 'Poli', '1966-11-08', 'VP08VB', '3334000015', 'vincenzo.poli@live.it', 179, NULL),
('Graziella', 'Riva', '1954-07-25', 'GR25SD', '3334000016', 'g.riva54@gmail.com', 157, NULL),
('Salvatore', 'Sanna', '1981-05-06', 'SS06NM', '3334000017', 'sanna.salvatore@gmail.com', 183, NULL),
('Rosanna', 'Mele', '2008-09-13', 'RM13LK', '3334000018', 'rosanna.mele@gmail.com', 159, NULL),
('Angelo', 'Gatti', '1979-02-28', 'AG28QW', '3334000019', 'angelo.gatti@gmail.com', 177, NULL),
('Paola', 'Piras', '1962-12-21', 'PP21ER', '3334000020', 'paola.piras62@gmail.com', 163, NULL),
('Massimo', 'Sala', '1970-04-17', 'MS17TY', '3334000021', 'sala.massimo@gmail.com', 185, NULL),
('Cinzia', 'Pace', '1993-08-04', 'CP04UI', '3334000022', 'cinzia.pace@gmail.com', 167, NULL),
('Bruno', 'Valente', '1956-10-28', 'BV28OP', '3334000023', 'bruno.valente@gmail.com', 172, NULL),
('Donatella', 'Rizzi', '1985-01-10', 'DR10AS', '3334000024', 'donatella.rizzi@gmail.com', 161, NULL),
('Pierluigi', 'Tosi', '1969-05-15', 'PT15DF', '3334000025', 'pl.tosi@gmail.com', 181, NULL),
('Daniela', 'Mazza', '2012-09-07', 'DM07GH', '3334000026', 'd.mazza@gmail.com', 152, NULL),
('Riccardo', 'Basile', '1978-11-23', 'RB23JK', '3334000027', 'riccardo.basile@gmail.com', 190, NULL),
('Assunta', 'Palumbo', '1953-02-14', 'AP14LZ', '3334000028', 'assunta.palumbo@gmail.com', 155, NULL),
('Eugenio', 'Sanna', '1965-06-01', 'ES01XN', '3334000029', 'eugenio.sanna@gmail.com', 178, NULL),
('Monica', 'Battaglia', '1989-04-18', 'MB18CV', '3334000030', 'm.battaglia89@gmail.com', 169, NULL),
('Corrado', 'DeRosa', '1973-12-09', 'CD09BN', '3334000031', 'corrado.derosa@gmail.com', 175, NULL),
('Lorena', 'Morelli', '1996-07-26', 'LM26MA', '3334000032', 'lorena.morelli@gmail.com', 162, NULL),
('Umberto', 'Serra', '1951-09-03', 'US03KS', '3334000033', 'u.serra51@gmail.com', 173, NULL),
('Giusy', 'Longo', '2005-03-20', 'GL20JD', '3334000034', 'giusy.longo@gmail.com', 160, NULL),
('Alfonso', 'Bruno', '1967-10-31', 'AB31HF', '3334000035', 'alfonso.bruno@gmail.com', 184, NULL),
('Sabrina', 'Guerra', '1991-01-27', 'SG27PD', '3334000036', 'sabrina.guerra@gmail.com', 166, NULL),
('Valter', 'Manca', '1957-05-06', 'VM06LQ', '3334000037', 'valter.manca@gmail.com', 179, NULL),
('Manuela', 'Costantini', '2006-08-12', 'MC12BT', '3334000038', 'm.costantini@gmail.com', 165, NULL),
('Enrico', 'Fabbri', '1975-11-19', 'EF19MN', '3334000039', 'enrico.fabbri@gmail.com', 186, NULL),
('Nadia', 'DAmico', '1994-02-08', 'ND08ZC', '3334000040', 'nadia.damico@gmail.com', 161, NULL),
('Cesare', 'Rinaldi', '1964-04-24', 'CR24PO', '3334000041', 'cesare.rinaldi@gmail.com', 178, NULL),
('Gisella', 'Messina', '2009-09-16', 'GM16RV', '3334000042', 'gisella.messina@gmail.com', 156, NULL),
('Guido', 'Caruso', '1984-06-02', 'GC02BX', '3334000043', 'guido.caruso@gmail.com', 181, NULL),
('Debora', 'Orlando', '2011-12-11', 'DO11NF', '3334000044', 'debora.orlando@gmail.com', 150, NULL),
('Filippo', 'Sala', '1976-01-29', 'FS29MK', '3334000045', 'filippo.sala@gmail.com', 185, NULL),
('Michela', 'DeSantis', '2007-10-05', 'MD05LQ', '3334000046', 'michela.ds@gmail.com', 163, NULL),
('Pasquale', 'Farina', '1961-03-14', 'PF14XW', '3334000047', 'p.farina@gmail.com', 172, NULL),
('Erica', 'Pagani', '2013-07-23', 'EP23JH', '3334000048', 'erica.pagani@gmail.com', 148, NULL),
('Luciano', 'Gatti', '1950-11-30', 'LG30VB', '3334000049', 'luciano.gatti@gmail.com', 170, NULL),
('Teresa', 'Monti', '1987-05-09', 'TM09ER', '3334000050', 'teresa.monti@gmail.com', 164, NULL),
('Gennaro', 'Riva', '1972-08-10', 'GR10TY', '3334000051', 'gennaro.riva@gmail.com', 175, NULL),
('Lucia', 'Bellini', '2000-03-21', 'LB21UI', '3334000052', 'lucia.bellini@gmail.com', 166, NULL),
('Maurizio', 'Piras', '1960-06-05', 'MP05OP', '3334000053', 'maurizio.piras@gmail.com', 178, NULL),
('Cristina', 'Fabbri', '2005-07-15', 'CF15AS', '3334000054', 'cristina.fabbri@gmail.com', 162, NULL),
('Emanuele', 'Neri', '1983-11-22', 'EN22DF', '3334000055', 'emanuele.neri@gmail.com', 184, NULL),
('Paola', 'Moretti', '1979-02-28', 'PM28GH', '3334000056', 'paola.moretti@gmail.com', 160, NULL),
('Sandro', 'Barbieri', '1954-05-11', 'SB11JK', '3334000057', 'sandro.barbieri@gmail.com', 171, NULL),
('Ivana', 'Fontana', '1998-12-07', 'IF07LZ', '3334000058', 'ivana.fontana@gmail.com', 165, NULL),
('Oscar', 'Leone', '1966-01-30', 'OL30XC', '3334000059', 'oscar.leone@gmail.com', 180, NULL),
('Simona', 'Palmieri', '2004-09-02', 'SP02VB', '3334000060', 'simona.palmieri@gmail.com', 161, NULL),
('Raffaele', 'Martini', '1952-06-18', 'RM18SD', '3334000061', 'raffaele.martini@gmail.com', 174, NULL),
('Luisa', 'Villa', '1986-04-10', 'LV10NM', '3334000062', 'luisa.villa@gmail.com', 167, NULL),
('Giacomo', 'Longo', '1970-07-25', 'GL25LK', '3334000063', 'giacomo.longo@gmail.com', 187, NULL),
('Carla', 'Colombo', '2014-03-19', 'CC19QW', '3334000064', 'carla.colombo@gmail.com', 140, NULL),
('Emilio', 'Bernardi', '1957-08-14', 'EB14ER', '3334000065', 'emilio.bernardi@gmail.com', 173, NULL),
('Marina', 'Fiore', '1990-02-23', 'MF23TY', '3334000066', 'marina.fiore@gmail.com', 165, NULL),
('Adriano', 'Parisi', '1963-11-05', 'AP05UI', '3334000067', 'adriano.parisi@gmail.com', 181, NULL),
('Angela', 'Sanna', '1999-10-10', 'AS10OP', '3334000068', 'angela.sanna@gmail.com', 163, NULL),
('Dino', 'Amato', '1951-12-01', 'DA01AS', '3334000069', 'dino.amato@gmail.com', 170, NULL),
('Bianca', 'Coppola', '2002-01-17', 'BC17DF', '3334000070', 'bianca.coppola@gmail.com', 166, NULL),
('Mirko', 'Ferraro', '1980-05-28', 'MF28GH', '3334000071', 'mirko.ferraro@gmail.com', 179, NULL),
('Elisabetta', 'Messina', '1993-08-13', 'EM13JK', '3334000072', 'e.messina@gmail.com', 164, NULL),
('Vittorio', 'Caruso', '1955-04-04', 'VC04LZ', '3334000073', 'vittorio.caruso@gmail.com', 176, NULL),
('Ornella', 'Vitale', '1984-09-22', 'OV22XC', '3334000074', 'ornella.vitale@gmail.com', 162, NULL),
('Pino', 'Orlando', '1968-11-16', 'PO16VB', '3334000075', 'pino.orlando@gmail.com', 174, NULL),
('Patrizia', 'Sala', '2005-03-09', 'PS09SD', '3334000076', 'p.sala@gmail.com', 160, NULL),
('Costantino', 'DeSantis', '1958-10-01', 'CD01NM', '3334000077', 'c.desantis@gmail.com', 180, NULL),
('Sonia', 'Farina', '1988-07-07', 'SF07LK', '3334000078', 'sonia.farina@gmail.com', 168, NULL),
('Alfio', 'Pagani', '1962-05-19', 'AP19QW', '3334000079', 'alfio.pagani@gmail.com', 177, NULL),
('Lia', 'Gatti', '2010-01-05', 'LG05ER', '3334000080', 'lia.gatti@gmail.com', 152, NULL),
('Nello', 'Monti', '1953-12-20', 'NM20TY', '3334000081', 'nello.monti@gmail.com', 172, NULL),
('Milly', 'Riva', '1995-06-06', 'MR06UI', '3334000082', 'milly.riva@gmail.com', 161, NULL),
('Gaetano', 'Bellini', '1965-03-13', 'GB13OP', '3334000083', 'gaetano.bellini@gmail.com', 183, NULL),
('Zita', 'Piras', '2012-10-30', 'ZP30AS', '3334000084', 'zita.piras@gmail.com', 148, NULL),
('Armando', 'Fabbri', '1959-09-08', 'AF08DF', '3334000085', 'armando.fabbri@gmail.com', 176, NULL),
('Lina', 'Neri', '1982-01-01', 'LN01GH', '3334000086', 'lina.neri@gmail.com', 163, NULL),
('Felice', 'Moretti', '1954-07-11', 'FM11JK', '3334000087', 'felice.moretti@gmail.com', 188, NULL),
('Flora', 'Barbieri', '2008-05-18', 'FB18LZ', '3334000088', 'flora.barbieri@gmail.com', 157, NULL),
('Arturo', 'Fontana', '1971-02-02', 'AF02XC', '3334000089', 'arturo.fontana@gmail.com', 174, NULL),
('Ada', 'Leone', '2011-08-24', 'AL24VB', '3334000090', 'ada.leone@gmail.com', 151, NULL),
('Remo', 'Palmieri', '1967-04-12', 'RP12SD', '3334000091', 'remo.palmieri@gmail.com', 181, NULL),
('Ida', 'Martini', '2004-09-06', 'IM06NM', '3334000092', 'ida.martini@gmail.com', 159, NULL),
('Tullio', 'Villa', '1956-06-15', 'TV15LK', '3334000093', 'tullio.villa@gmail.com', 175, NULL),
('Dora', 'Longo', '1989-12-21', 'DL21QW', '3334000094', 'dora.longo@gmail.com', 166, NULL),
('Livio', 'Colombo', '1961-01-03', 'LC03ER', '3334000095', 'livio.colombo@gmail.com', 179, NULL),
('Edda', 'Bernardi', '2003-10-19', 'EB19TY', '3334000096', 'edda.bernardi@gmail.com', 161, NULL),
('Italo', 'Fiore', '1950-03-28', 'IF28UI', '3334000097', 'italo.fiore@gmail.com', 170, NULL),
('Tina', 'Parisi', '1992-07-12', 'TP12OP', '3334000098', 'tina.parisi@gmail.com', 164, NULL),
('Elio', 'Sanna', '1969-11-21', 'ES21AS', '3334000099', 'elio.sanna@gmail.com', 182, NULL),
('Clelia', 'Amato', '2014-05-14', 'CA14DF', '3334000100', 'clelia.amato@gmail.com', 138, NULL),
('Rocco', 'Coppola', '1976-02-08', 'RC08GH', '3334000101', 'rocco.coppola@gmail.com', 178, 5),
('Ambra', 'Ferraro', '2007-06-17', 'AF17JK', '3334000102', 'ambra.ferraro@gmail.com', 162, NULL),
('Gino', 'Messina', '1955-09-25', 'GM25LZ', '3334000103', 'gino.messina@gmail.com', 174, NULL),
('Marta', 'Caruso', '2012-03-04', 'MC04XC', '3334000104', 'marta.caruso@gmail.com', 147, 5),
('Aldo', 'Vitale', '1964-12-19', 'AV19VB', '3334000105', 'aldo.vitale@gmail.com', 185, NULL),
('Lara', 'Orlando', '2000-05-11', 'LO11SD', '3334000106', 'lara.orlando@gmail.com', 165, NULL),
('Vito', 'Sala', '1960-08-22', 'VS22NM', '3334000107', 'vito.sala@gmail.com', 177, NULL),
('Mara', 'DeSantis', '2006-01-09', 'MD09LK', '3334000108', 'mara.ds@gmail.com', 161, 5),
('Ivan', 'Farina', '1974-10-27', 'IF27QW', '3334000109', 'ivan.farina@gmail.com', 181, NULL),
('Olga', 'Pagani', '2013-04-15', 'OP15ER', '3334000110', 'olga.pagani@gmail.com', 142, NULL),
('Omar', 'Gatti', '1983-07-03', 'OG03TY', '3334000111', 'omar.gatti@gmail.com', 180, NULL),
('Rina', 'Monti', '1952-11-18', 'RM18UI', '3334000112', 'rina.monti@gmail.com', 158, NULL),
('Nino', 'Riva', '1968-06-29', 'NR29OP', '3334000113', 'nino.riva@gmail.com', 179, NULL),
('Lina', 'Bellini', '2010-02-07', 'LB07AS', '3334000114', 'lina.bellini@gmail.com', 150, NULL),
('Ezio', 'Piras', '1959-09-14', 'EP14DF', '3334000115', 'ezio.piras@gmail.com', 176, NULL),
('Ilda', 'Fabbri', '1997-12-01', 'IF01GH', '3334000116', 'ilda.fabbri@gmail.com', 164, NULL),
('Arno', 'Neri', '1966-05-20', 'AN20JK', '3334000117', 'arno.neri@gmail.com', 184, NULL),
('Alba', 'Moretti', '2011-08-30', 'AM30LZ', '3334000118', 'alba.moretti@gmail.com', 149, NULL),
('Loris', 'Barbieri', '1972-01-12', 'LB12XC', '3334000119', 'loris.barbieri@gmail.com', 182, NULL),
('Aura', 'Fontana', '2015-06-06', 'AF06VB', '3334000120', 'aura.fontana@gmail.com', 135, NULL),
('Igor', 'Leone', '1981-11-11', 'IL11SD', '3334000121', 'igor.leone@gmail.com', 187, NULL),
('Asia', 'Palmieri', '2002-03-23', 'AP23NM', '3334000122', 'asia.palmieri@gmail.com', 160, NULL),
('Ugo', 'Martini', '1953-07-19', 'UM19LK', '3334000123', 'ugo.martini@gmail.com', 173, NULL),
('Ines', 'Villa', '2008-09-04', 'IV04QW', '3334000124', 'ines.villa@gmail.com', 156, NULL),
('Ivo', 'Longo', '1964-12-28', 'IL28ER', '3334000125', 'ivo.longo@gmail.com', 178, NULL),
('Iris', 'Colombo', '1994-02-10', 'IC10TY', '3334000126', 'iris.colombo@gmail.com', 166, NULL),
('Orio', 'Bernardi', '1957-06-05', 'OB05UI', '3334000127', 'orio.bernardi@gmail.com', 171, NULL),
('Lea', 'Fiore', '2013-01-17', 'LF17OP', '3334000128', 'lea.fiore@gmail.com', 140, NULL),
('Otello', 'Parisi', '1961-10-29', 'OP29AS', '3334000129', 'otello.parisi@gmail.com', 175, NULL),
('Tea', 'Sanna', '2009-05-09', 'TS09DF', '3334000130', 'tea.sanna@gmail.com', 153, NULL),
('Eno', 'Amato', '1950-03-06', 'EA06GH', '3334000131', 'eno.amato@gmail.com', 169, NULL),
('Noa', 'Coppola', '2016-08-22', 'NC22JK', '3334000132', 'noa.coppola@gmail.com', 125, NULL),
('Ovidio', 'Ferraro', '1965-12-15', 'OF15LZ', '3334000133', 'ovidio.ferraro@gmail.com', 180, NULL),
('Mia', 'Messina', '2011-06-03', 'MM03XC', '3334000134', 'mia.messina@gmail.com', 145, NULL),
('Osea', 'Caruso', '1954-11-11', 'OC11VB', '3334000135', 'osea.caruso@gmail.com', 172, NULL),
('Dea', 'Vitale', '2005-04-19', 'DV19SD', '3334000136', 'dea.vitale@gmail.com', 162, NULL),
('Ario', 'Orlando', '1973-09-30', 'AO30NM', '3334000137', 'ario.orlando@gmail.com', 184, NULL),
('Lia', 'Sala', '2014-01-21', 'LS21LK', '3334000138', 'lia.sala@gmail.com', 130, NULL),
('Ezio', 'DeSantis', '1958-10-05', 'ED05QW', '3334000139', 'ezio.desantis@gmail.com', 177, NULL),
('Eva', 'Farina', '2017-04-14', 'EF14ER', '3334000140', 'eva.farina@gmail.com', 115, NULL),
('Isa', 'Pagani', '1991-07-07', 'IP07TY', '3334000141', 'isa.pagani@gmail.com', 165, NULL),
('Zoe', 'Gatti', '2008-11-22', 'ZG22UI', '3334000142', 'zoe.gatti@gmail.com', 158, NULL),
('Leo', 'Monti', '1960-06-17', 'LM17OP', '3334000143', 'leo.monti@gmail.com', 183, NULL),
('Ada', 'Riva', '2015-02-09', 'AR09AS', '3334000144', 'ada.riva@gmail.com', 120, NULL),
('Teo', 'Bellini', '1977-09-20', 'TB20DF', '3334000145', 'teo.bellini@gmail.com', 179, NULL),
('Pia', 'Piras', '2010-12-03', 'PP03GH', '3334000146', 'pia.piras@gmail.com', 148, NULL),
('Livio', 'Fabbri', '1952-05-12', 'LF12JK', '3334000147', 'livio.fabbri@gmail.com', 171, NULL),
('Bea', 'Neri', '2012-08-28', 'BN28LZ', '3334000148', 'bea.neri@gmail.com', 144, NULL),
('Miro', 'Moretti', '1963-01-30', 'MM30XC', '3334000149', 'miro.moretti@gmail.com', 185, NULL),
('Clo', 'Barbieri', '2018-04-06', 'CB06VB', '3334000150', 'clo.barbieri@gmail.com', 110, NULL),
('Gaspare', 'Melis', '1958-03-22', 'GM22YT', '3334000151', 'g.melis@gmail.com', 172, NULL),
('Eufemia', 'Grossi', '1984-11-09', 'EG09RE', '3334000152', 'e.grossi@gmail.com', 161, NULL),
('Baldassarre', 'Rizzo', '1967-07-15', 'BR15PL', '3334000153', 'b.rizzo@gmail.com', 178, NULL),
('Genoveffa', 'Santi', '1955-01-30', 'GS30MN', '3334000154', 'g.santi@gmail.com', 159, NULL),
('Leopoldo', 'Manca', '1974-12-12', 'LM12PO', '3334000155', 'leopoldo.manca@gmail.com', 182, NULL),
('Filomena', 'Gallo', '1992-05-04', 'FG04BV', '3334000156', 'f.gallo@gmail.com', 166, NULL),
('Tancredi', 'Basso', '1961-09-27', 'TB27CX', '3334000157', 't.basso@gmail.com', 188, NULL),
('Adelaide', 'Serra', '1980-02-18', 'AS18DS', '3334000158', 'a.serra@gmail.com', 163, NULL),
('Ermenegildo', 'Russo', '1953-06-03', 'ER03KL', '3334000159', 'e.russo@gmail.com', 175, NULL),
('Ottavia', 'Morelli', '2001-08-11', 'OM11XZ', '3334000160', 'o.morelli@gmail.com', 168, NULL),
('Amedeo', 'Costa', '1979-11-20', 'AC20CV', '3334000161', 'amedeo.costa@gmail.com', 181, NULL),
('Palmira', 'Fonti', '1964-03-14', 'PF14FG', '3334000162', 'p.fonti@gmail.com', 162, NULL),
('Ludovico', 'Verdi', '1995-07-07', 'LV07BN', '3334000163', 'l.verdi@gmail.com', 186, NULL),
('Isotta', 'Pace', '2009-02-28', 'IP28TY', '3334000164', 'i.pace@gmail.com', 155, NULL),
('Aristide', 'Neri', '1951-10-05', 'AN05SD', '3334000165', 'a.neri@gmail.com', 170, NULL),
('Gertrude', 'Poli', '1987-12-12', 'GP12WE', '3334000166', 'g.poli@gmail.com', 164, NULL),
('Evaristo', 'Moro', '1962-04-19', 'EM19XC', '3334000167', 'e.moro@gmail.com', 173, NULL),
('Amalia', 'Longo', '1999-01-22', 'AL22RT', '3334000168', 'amalia.longo@gmail.com', 166, NULL),
('Sigismondo', 'Sala', '1958-09-01', 'SS01IU', '3334000169', 's.sala@gmail.com', 179, NULL),
('Eulalia', 'Villa', '2012-05-15', 'EV15NM', '3334000170', 'e.villa@gmail.com', 148, NULL),
('Bonifacio', 'Fabbri', '1966-11-30', 'BF30OP', '3334000171', 'b.fabbri@gmail.com', 183, NULL),
('Cunegonda', 'DAmico', '1954-07-07', 'CD07QW', '3334000172', 'c.damico@gmail.com', 157, NULL),
('Teodoro', 'Rinaldi', '1975-03-13', 'TR13AS', '3334000173', 't.rinaldi@gmail.com', 177, NULL),
('Demetra', 'Messina', '2004-10-24', 'DM24DF', '3334000174', 'd.messina@gmail.com', 165, NULL),
('Pancrazio', 'Caruso', '1959-12-11', 'PC11GH', '3334000175', 'p.caruso@gmail.com', 172, NULL),
('Priscilla', 'Orlando', '1991-08-19', 'PO19JK', '3334000176', 'p.orlando@gmail.com', 161, NULL),
('Goffredo', 'Bellini', '1963-01-29', 'GB29LZ', '3334000177', 'g.bellini@gmail.com', 180, NULL),
('Dorotea', 'Piras', '2008-05-09', 'DP09XC', '3334000178', 'd.piras@gmail.com', 159, NULL),
('Anselmo', 'Sanna', '1950-10-10', 'AS10VB', '3334000179', 'a.sanna@gmail.com', 171, NULL),
('Ursula', 'Amato', '1983-02-23', 'UA23SD', '3334000180', 'u.amato@gmail.com', 167, NULL),
('Venceslao', 'Coppola', '1969-11-05', 'VC05NM', '3334000181', 'v.coppola@gmail.com', 185, NULL),
('Agata', 'Ferraro', '1996-03-28', 'AF28LK', '3334000182', 'a.ferraro@gmail.com', 163, NULL),
('Quirino', 'Moretti', '1957-07-12', 'QM12QW', '3334000183', 'q.moretti@gmail.com', 174, NULL),
('Bice', 'Barbieri', '2013-11-21', 'BB21ER', '3334000184', 'b.barbieri@gmail.com', 139, NULL),
('Egidio', 'Neri', '1965-06-15', 'EN15TY', '3334000185', 'e.neri@gmail.com', 178, NULL),
('Leda', 'Palmieri', '2010-09-06', 'LP06UI', '3334000186', 'l.palmieri@gmail.com', 152, NULL),
('Oronzo', 'Martini', '1952-12-01', 'OM01OP', '3334000187', 'o.martini@gmail.com', 170, NULL),
('Nives', 'Villa', '1989-05-14', 'NV14AS', '3334000188', 'n.villa@gmail.com', 164, NULL),
('Pacifico', 'Longo', '1961-04-12', 'PL12DF', '3334000189', 'p.longo@gmail.com', 176, NULL),
('Selvaggia', 'Colombo', '2005-08-13', 'SC13GH', '3334000190', 's.colombo@gmail.com', 168, NULL),
('Liborio', 'Bernardi', '1956-02-08', 'LB08JK', '3334000191', 'l.bernardi@gmail.com', 175, NULL),
('Speranza', 'Fiore', '1993-10-19', 'SF19LZ', '3334000192', 's.fiore@gmail.com', 162, NULL),
('Giacinto', 'Parisi', '1960-03-06', 'GP06XC', '3334000193', 'g.parisi@gmail.com', 179, NULL),
('Azzurra', 'Sanna', '2011-06-17', 'AS17VB', '3334000194', 'a.sanna@gmail.com', 150, NULL),
('Primo', 'Amato', '1951-09-25', 'PA25SD', '3334000195', 'p.amato@gmail.com', 172, NULL),
('Seconda', 'Coppola', '1984-03-04', 'SC04NM', '3334000196', 's.coppola@gmail.com', 160, NULL),
('Terzo', 'Ferraro', '1968-12-19', 'TF19LK', '3334000197', 't.ferraro@gmail.com', 181, NULL),
('Quarta', 'Messina', '2000-05-11', 'QM11QW', '3334000198', 'q.messina@gmail.com', 166, NULL),
('Quinto', 'Caruso', '1955-08-22', 'QC22ER', '3334000199', 'q.caruso@gmail.com', 174, NULL),
('Sesta', 'Vitale', '2007-01-09', 'SV09TY', '3334000200', 's.vitale@gmail.com', 159, NULL);

-- gruppo scuola da usare annata 2016 (25 bambini)
INSERT INTO visitatore (nome, cognome, dataNascita, CF, numeroTelefono, e_mail, altezzaVisitatore, codiceGruppo) VALUES
('Matteo', 'Rinaldi', '2016-03-12', 'MR12GH', NULL, NULL, 134, 4),
('Sofia', 'Gallo', '2016-05-22', 'SG22KL', NULL, NULL, 128, 4),
('Leonardo', 'Festa', '2016-01-15', 'LF15TY', NULL, NULL, 140, 4),
('Aurora', 'Basso', '2016-07-08', 'AB08RE', NULL, NULL, 132, 4),
('Tommaso', 'Santi', '2016-02-29', 'TS29PL', NULL, NULL, 135, 4),
('Giulia', 'Meli', '2016-04-10', 'GM10MN', NULL, NULL, 131, 4),
('Riccardo', 'Costa', '2016-09-03', 'RC03CV', NULL, NULL, 138, 4),
('Emma', 'Neri', '2016-11-18', 'EN18BN', NULL, NULL, 127, 4),
('Gabriele', 'Rizzo', '2016-06-25', 'GR25XC', NULL, NULL, 142, 4),
('Alice', 'Fonti', '2016-08-12', 'AF12FG', NULL, NULL, 129, 4),
('Edoardo', 'Mazza', '2016-10-05', 'EM05OP', NULL, NULL, 136, 4),
('Ginevra', 'Villa', '2016-12-01', 'GV01RT', NULL, NULL, 130, 4),
('Federico', 'Sacco', '2016-03-27', 'FS27QW', NULL, NULL, 137, 4),
('Beatrice', 'Grassi', '2016-05-09', 'BG09AS', NULL, NULL, 133, 4),
('Alessandro', 'Basile', '2016-01-20', 'AB20DF', NULL, NULL, 144, 4),
('Vittoria', 'Longo', '2016-07-14', 'VL14GH', NULL, NULL, 126, 4),
('Diego', 'Pace', '2016-02-11', 'DP11JK', NULL, NULL, 139, 4),
('Ludovica', 'Moro', '2016-09-30', 'LM30LZ', NULL, NULL, 131, 4),
('Francesco', 'Valente', '2016-06-04', 'FV04XN', NULL, NULL, 141, 4),
('Matilde', 'Guerra', '2016-04-17', 'MG17PO', NULL, NULL, 128, 4),
('Lorenzo', 'Della', '2016-08-28', 'LD28MA', NULL, NULL, 143, 4),
('Chiara', 'Piras', '2016-11-06', 'CP06SD', NULL, NULL, 125, 4),
('Samuele', 'Foti', '2016-01-22', 'SF22VB', NULL, NULL, 136, 4),
('Nicole', 'Boschi', '2016-10-15', 'NB15ER', NULL, NULL, 132, 4),
('Christian', 'Poli', '2016-03-08', 'CP08UI', NULL, NULL, 138, 4);


/* GRUPPO 1: Annata 2008 (15 ragazzi)*/
INSERT INTO visitatore (nome, cognome, dataNascita, CF, numeroTelefono, e_mail, altezzaVisitatore, codiceGruppo) VALUES
('Valerio', 'Dotti', '2008-04-12', 'VD12ZX', NULL, NULL, 172, 2),
('Manuela', 'Serti', '2008-06-25', 'MS25KL', NULL, NULL, 164, 2),
('Kevin', 'Riva', '2008-01-15', 'KR15MN', NULL, NULL, 175, 2),
('Asia', 'Galli', '2008-09-08', 'AG08OP', NULL, NULL, 160, 2),
('Manuel', 'Bini', '2008-03-30', 'MB30QW', NULL, NULL, 170, 2),
('Gaia', 'Neri', '2008-11-10', 'GN10ER', NULL, NULL, 163, 2),
('Christian', 'Fabbri', '2008-05-22', 'CF22TY', NULL, NULL, 178, 2),
('Denise', 'Poli', '2008-07-14', 'DP14UI', NULL, NULL, 159, 2),
('Yuri', 'Costa', '2008-12-05', 'YC05AS', NULL, NULL, 174, 2),
('Sara', 'Villa', '2008-02-19', 'SV19DF', NULL, NULL, 162, 2),
('Igor', 'Mazza', '2008-08-03', 'IM03GH', NULL, NULL, 169, 2),
('Elena', 'Sanna', '2008-10-27', 'ES27JK', NULL, NULL, 161, 2),
('Tiziano', 'Martini', '2008-04-06', 'TM06LZ', NULL, NULL, 176, 2),
('Marta', 'Piras', '2008-12-31', 'MP31XC', NULL, NULL, 158, 2),
('Alex', 'Fontana', '2008-01-20', 'AF20VB', NULL, NULL, 173, 2);

/* GRUPPO 2: Annata 2010 (25 bambini) */
INSERT INTO visitatore (nome, cognome, dataNascita, CF, numeroTelefono, e_mail, altezzaVisitatore, codiceGruppo) VALUES
('Pietro', 'Guerra', '2010-02-10', 'PG10BN', NULL, NULL, 145, 6),
('Lara', 'Serra', '2010-04-22', 'LS22MK', NULL, NULL, 140, 6),
('Flavio', 'Moretti', '2010-01-05', 'FM05JH', NULL, NULL, 148, 6),
('Anita', 'Barbieri', '2010-07-19', 'AB19RT', NULL, NULL, 138, 6),
('Gioele', 'Palmieri', '2010-03-13', 'GP13WE', NULL, NULL, 144, 6),
('Miriam', 'Colombo', '2010-09-30', 'MC30CV', NULL, NULL, 142, 6),
('Brando', 'Bernardi', '2010-06-08', 'BB08FG', NULL, NULL, 146, 6),
('Viola', 'Fiore', '2010-12-21', 'VF21OP', NULL, NULL, 139, 6),
('Dante', 'Parisi', '2010-05-18', 'DP18SD', NULL, NULL, 147, 6),
('Noa', 'Amato', '2010-11-06', 'NA06VB', NULL, NULL, 135, 6),
('Zeno', 'Coppola', '2010-08-24', 'ZC24LK', NULL, NULL, 143, 6),
('Mia', 'Ferraro', '2010-10-12', 'MF12QW', NULL, NULL, 141, 6),
('Enea', 'Messina', '2010-02-28', 'EM28ER', NULL, NULL, 145, 6),
('Luna', 'Caruso', '2010-04-14', 'LC14TY', NULL, NULL, 137, 6),
('Gino', 'Vitale', '2010-01-03', 'GV03UI', NULL, NULL, 149, 6),
('Rosa', 'Orlando', '2010-07-07', 'RO07AS', NULL, NULL, 136, 6),
('Ivan', 'Sala', '2010-03-28', 'IS28DF', NULL, NULL, 144, 6),
('Ada', 'DeSantis', '2010-09-22', 'AD22GH', NULL, NULL, 138, 6),
('Ugo', 'Farina', '2010-05-19', 'UF19JK', NULL, NULL, 146, 6),
('Ilda', 'Pagani', '2010-11-30', 'IP30LZ', NULL, NULL, 134, 6),
('Omar', 'Gatti', '2010-06-15', 'OG15XC', NULL, NULL, 148, 6),
('Tea', 'Monti', '2010-12-01', 'TM01VB', NULL, NULL, 135, 6),
('Leo', 'Riva', '2010-04-12', 'LR12SD', NULL, NULL, 147, 6),
('Cloe', 'Bellini', '2010-02-09', 'CB09NM', NULL, NULL, 133, 6),
('Ezio', 'Piras', '2010-08-22', 'EP22LK', NULL, NULL, 145, 6);

/* GRUPPO 3: Annata 2012 (22 bambini)*/
INSERT INTO visitatore (nome, cognome, dataNascita, CF, numeroTelefono, e_mail, altezzaVisitatore, codiceGruppo) VALUES
('Rocco', 'Festa', '2012-01-17', 'RF17QW', NULL, NULL, 135, 7),
('Ambra', 'Santi', '2012-05-28', 'AS28ER', NULL, NULL, 130, 7),
('Vito', 'Meli', '2012-04-04', 'VM04TY', NULL, NULL, 138, 7),
('Mara', 'Basso', '2012-09-22', 'MB22UI', NULL, NULL, 128, 7),
('Aldo', 'Mazza', '2012-11-16', 'AM16OP', NULL, NULL, 136, 7),
('Lara', 'Villa', '2012-03-09', 'LV09AS', NULL, NULL, 129, 7),
('Ivan', 'Sacco', '2012-10-01', 'IS01DF', NULL, NULL, 137, 7),
('Olga', 'Grassi', '2012-07-07', 'OG07GH', NULL, NULL, 127, 7),
('Nino', 'Basile', '2012-05-19', 'NB19JK', NULL, NULL, 139, 7),
('Lina', 'Longo', '2012-01-05', 'LL05LZ', NULL, NULL, 126, 7),
('Arno', 'Pace', '2012-12-20', 'AP20XC', NULL, NULL, 134, 7),
('Alba', 'Moro', '2012-06-06', 'AM06VB', NULL, NULL, 125, 7),
('Loris', 'Valente', '2012-03-13', 'LV13SD', NULL, NULL, 138, 7),
('Aura', 'Guerra', '2012-10-30', 'AG30NM', NULL, NULL, 129, 7),
('Igor', 'Della', '2012-09-08', 'ID08LK', NULL, NULL, 137, 7),
('Asia', 'Piras', '2012-01-01', 'AP01QW', NULL, NULL, 128, 7),
('Ugo', 'Foti', '2012-07-11', 'UF11ER', NULL, NULL, 140, 7),
('Ines', 'Boschi', '2012-05-18', 'IB18TY', NULL, NULL, 127, 7),
('Ivo', 'Poli', '2012-02-02', 'IP02UI', NULL, NULL, 136, 7),
('Iris', 'Martini', '2012-08-24', 'IM24OP', NULL, NULL, 126, 7),
('Orio', 'Neri', '2012-04-12', 'ON12AS', NULL, NULL, 135, 7),
('Lea', 'Rossi', '2012-09-06', 'LR06DF', NULL, NULL, 129, 7);

/* GRUPPO 4: Annata 2014 (24 bambini) */
INSERT INTO visitatore (nome, cognome, dataNascita, CF, numeroTelefono, e_mail, altezzaVisitatore, codiceGruppo) VALUES
('Eno', 'Fiore', '2014-06-15', 'EF15GH', NULL, NULL, 125, 1),
('Noa', 'Parisi', '2014-12-21', 'NP21JK', NULL, NULL, 118, 1),
('Otello', 'Sanna', '2014-01-03', 'OS03LZ', NULL, NULL, 128, 1),
('Tea', 'Amato', '2014-10-19', 'TA19XC', NULL, NULL, 119, 1),
('Noè', 'Coppola', '2014-03-28', 'NC28VB', NULL, NULL, 126, 1),
('Mia', 'Ferraro', '2014-07-12', 'MF12SD', NULL, NULL, 120, 1),
('Ovidio', 'Messina', '2014-11-21', 'OM21NM', NULL, NULL, 127, 1),
('Mila', 'Caruso', '2014-05-14', 'MC14LK', NULL, NULL, 117, 1),
('Osea', 'Vitale', '2014-02-08', 'OV08QW', NULL, NULL, 129, 1),
('Dea', 'Orlando', '2014-06-17', 'DO17ER', NULL, NULL, 121, 1),
('Ario', 'Sala', '2014-09-25', 'AS25TY', NULL, NULL, 124, 1),
('Lia', 'DeSantis', '2014-03-04', 'LD04UI', NULL, NULL, 116, 1),
('Ezio', 'Farina', '2014-12-19', 'EF19OP', NULL, NULL, 128, 1),
('Eva', 'Pagani', '2014-05-11', 'EP11AS', NULL, NULL, 115, 1),
('Isa', 'Gatti', '2014-08-22', 'IG22DF', NULL, NULL, 126, 1),
('Zoe', 'Monti', '2014-01-09', 'ZM09GH', NULL, NULL, 118, 1),
('Leo', 'Riva', '2014-10-27', 'LR27JK', NULL, NULL, 127, 1),
('Ada', 'Bellini', '2014-04-15', 'AB15LZ', NULL, NULL, 119, 1),
('Teo', 'Piras', '2014-07-03', 'TP03XC', NULL, NULL, 125, 1),
('Pia', 'Fabbri', '2014-11-18', 'PF18VB', NULL, NULL, 117, 1),
('Livio', 'Neri', '2014-06-29', 'LN29SD', NULL, NULL, 129, 1),
('Bea', 'Gallo', '2014-02-07', 'BG07NM', NULL, NULL, 116, 1),
('Miro', 'Meli', '2014-09-14', 'MM14LK', NULL, NULL, 126, 1),
('Clo', 'Basso', '2014-12-01', 'CB01QW', NULL, NULL, 115, 1);


INSERT INTO gruppo (codiceGruppo, gruppoScuola) VALUES 
(1, true),
(2, true),
(3, false),
(4, true),
(5, false),
(6, true),
(7, true);

INSERT INTO vendita_a (codAbbonamento, data, orario, numeroCassa) VALUES
(1, '2023-07-16', '10:12:45', 4), (2, '2023-07-16', '10:45:12', 11), (3, '2023-07-16', '11:05:33', 7),
(4, '2023-07-16', '11:30:10', 2), (5, '2023-07-16', '12:15:22', 9), (6, '2023-07-16', '12:50:00', 12),
(7, '2023-07-16', '13:20:45', 1), (8, '2023-07-16', '13:55:12', 8), (9, '2023-07-16', '14:10:30', 5),
(10, '2023-07-16', '14:40:55', 3), (11, '2023-07-16', '15:05:18', 10), (12, '2023-07-16', '15:30:40', 6),
(13, '2023-07-16', '16:00:25', 11), (14, '2023-07-16', '16:25:50', 4), (15, '2023-07-16', '16:50:12', 8),
(16, '2023-07-16', '17:10:05', 12), (17, '2023-07-16', '17:25:33', 1), (18, '2023-07-16', '17:40:11', 7),
(19, '2023-07-16', '17:52:40', 9), (20, '2023-07-16', '17:58:15', 2), (21, '2024-06-18', '10:05:10', 10),
(22, '2024-06-18', '10:25:30', 5), (23, '2024-06-18', '10:45:00', 3), (24, '2024-06-18', '11:00:15', 11),
(25, '2024-06-18', '11:20:40', 6), (26, '2024-06-18', '11:45:55', 12), (27, '2024-06-18', '12:05:12', 1),
(28, '2024-06-18', '12:30:30', 8), (29, '2024-06-18', '12:55:00', 4), (30, '2024-06-18', '13:10:45', 7),
(31, '2024-06-18', '13:35:20', 2), (32, '2024-06-18', '13:50:10', 9), (33, '2024-06-18', '14:15:33', 10),
(34, '2024-06-18', '14:40:50', 5), (35, '2024-06-18', '15:00:15', 12), (36, '2024-06-18', '15:22:40', 1),
(37, '2024-06-18', '15:45:05', 3), (38, '2024-06-18', '16:05:12', 11), (39, '2024-06-18', '16:20:30', 6),
(40, '2024-06-18', '16:40:55', 8), (41, '2024-06-18', '16:55:10', 4), (42, '2024-06-18', '17:10:33', 7),
(43, '2024-06-18', '17:25:00', 12), (44, '2024-06-18', '17:35:12', 2), (45, '2024-06-18', '17:45:25', 9),
(46, '2024-06-18', '17:50:10', 5), (47, '2024-06-18', '17:53:40', 10), (48, '2024-06-18', '17:55:55', 1),
(49, '2024-06-18', '17:57:12', 3), (50, '2024-06-18', '17:59:00', 8);

INSERT INTO vendita_a (codAbbonamento, data, orario, numeroCassa) VALUES
(51, '2025-08-07', '10:05:00', 4), (52, '2025-08-07', '10:15:00', 11),
(53, '2025-08-07', '10:30:00', 7), (54, '2025-08-07', '10:45:00', 2),
(55, '2025-08-07', '11:00:00', 9), (56, '2025-08-07', '11:15:00', 12),
(57, '2025-08-07', '11:30:00', 1), (58, '2025-08-07', '11:45:00', 8),
(59, '2025-08-07', '12:00:00', 5), (60, '2025-08-07', '12:15:00', 3),
(61, '2025-08-07', '12:30:00', 10), (62, '2025-08-07', '12:45:00', 6),
(63, '2025-08-07', '13:00:00', 11), (64, '2025-08-07', '13:15:00', 4),
(65, '2025-08-07', '13:30:00', 8), (66, '2025-08-07', '13:45:00', 12),
(67, '2025-08-07', '14:00:00', 1), (68, '2025-08-07', '14:15:00', 7),
(69, '2025-08-07', '14:30:00', 9), (70, '2025-08-07', '14:45:00', 2),
(71, '2025-08-07', '15:00:00', 10), (72, '2025-08-07', '15:15:00', 5),
(73, '2025-08-07', '15:30:00', 12), (74, '2025-08-07', '15:45:00', 1),
(75, '2025-08-07', '16:00:00', 3), (76, '2025-08-07', '16:15:00', 11),
(77, '2025-08-07', '16:30:00', 6), (78, '2025-08-07', '16:45:00', 8),
(79, '2025-08-07', '17:00:00', 4), (80, '2025-08-07', '17:10:00', 7),
(81, '2025-08-07', '17:20:00', 12), (82, '2025-08-07', '17:30:00', 2),
(83, '2025-08-07', '17:35:00', 9), (84, '2025-08-07', '17:40:00', 5),
(85, '2025-08-07', '17:45:00', 10), (86, '2025-08-07', '17:50:00', 1),
(87, '2025-08-07', '17:52:00', 3), (88, '2025-08-07', '17:55:00', 8),
(89, '2025-08-07', '17:57:00', 6), (90, '2025-08-07', '17:59:00', 11);

INSERT INTO vendita_a (codAbbonamento, data, orario, numeroCassa) VALUES
(91, '2026-06-04', '10:10:00', 1), (92, '2026-06-04', '10:30:00', 4),
(93, '2026-06-04', '10:50:00', 8), (94, '2026-06-04', '11:15:00', 12),
(95, '2026-06-04', '11:40:00', 3), (96, '2026-06-04', '12:05:00', 7),
(97, '2026-06-04', '12:30:00', 2), (98, '2026-06-04', '12:55:00', 10),
(99, '2026-06-04', '13:20:00', 5), (100, '2026-06-04', '13:45:00', 9),
(101, '2026-06-04', '14:05:00', 6), (102, '2026-06-04', '14:25:00', 11),
(103, '2026-06-04', '14:45:00', 1), (104, '2026-06-04', '15:05:00', 4),
(105, '2026-06-04', '15:25:00', 8), (106, '2026-06-04', '15:45:00', 12),
(107, '2026-06-04', '16:05:00', 3), (108, '2026-06-04', '16:25:00', 7),
(109, '2026-06-04', '16:45:00', 2), (110, '2026-06-04', '17:05:00', 10),
(111, '2026-06-04', '17:15:00', 5), (112, '2026-06-04', '17:25:00', 9),
(113, '2026-06-04', '17:35:00', 6), (114, '2026-06-04', '17:45:00', 11),
(115, '2026-06-04', '17:50:00', 1), (116, '2026-06-04', '17:52:00', 4),
(117, '2026-06-04', '17:54:00', 8), (118, '2026-06-04', '17:56:00', 12),
(119, '2026-06-04', '17:58:00', 3), (120, '2026-06-04', '17:59:30', 7);



-- 33 persone: data 2023-07-16
INSERT INTO acquisto_b (CF, codiceBiglietto, data, orario) VALUES
('ML19AA', 1, '2023-07-16', '10:15:00'), ('FM08BB', 2, '2023-07-16', '10:30:00'),
('VB25CC', 3, '2023-07-16', '10:45:00'), ('SF06DD', 4, '2023-07-16', '11:00:00'),
('LD13EE', 5, '2023-07-16', '11:15:00'), ('MS29FF', 6, '2023-07-16', '11:30:00'),
('IG21GG', 7, '2023-07-16', '11:45:00'), ('NT17HH', 8, '2023-07-16', '12:00:00'),
('BP04II', 9, '2023-07-16', '12:15:00'), ('GF28JJ', 10, '2023-07-16', '12:30:00'),
('SR10KK', 11, '2023-07-16', '12:45:00'), ('AL15LL', 12, '2023-07-16', '13:00:00'),
('MP07MM', 13, '2023-07-16', '13:15:00'), ('RM23NN', 14, '2023-07-16', '13:30:00'),
('CV14OO', 15, '2023-07-16', '13:45:00'), ('FL01PP', 16, '2023-07-16', '14:00:00'),
('AC18QQ', 17, '2023-07-16', '14:15:00'), ('TB09RR', 18, '2023-07-16', '14:30:00'),
('SF26SS', 19, '2023-07-16', '14:45:00'), ('EP03TT', 20, '2023-07-16', '15:00:00'),
('GS20UU', 21, '2023-07-16', '15:15:00'), ('DA31VV', 22, '2023-07-16', '15:30:00'),
('VC27WW', 23, '2023-07-16', '15:45:00'), ('RF06XX', 24, '2023-07-16', '16:00:00'),
('EM12YY', 25, '2023-07-16', '16:15:00'), ('PC19AZ', 26, '2023-07-16', '16:30:00'),
('NV08BA', 27, '2023-07-16', '16:45:00'), ('GO24CB', 28, '2023-07-16', '17:00:00'),
('FS16DC', 29, '2023-07-16', '17:15:00'), ('ED02ED', 30, '2023-07-16', '17:30:00'),
('CF11FE', 31, '2023-07-16', '17:45:00'), ('SP29GF', 32, '2023-07-16', '17:55:00'),
('IG05HG', 33, '2023-07-16', '17:59:00');

-- 33 persone: data 2024-06-18
INSERT INTO acquisto_b (CF, codiceBiglietto, data, orario) VALUES
('CM14IH', 34, '2024-06-18', '10:10:00'), ('AR23JI', 35, '2024-06-18', '10:20:00'),
('LB30KJ', 36, '2024-06-18', '10:40:00'), ('SP09LK', 37, '2024-06-18', '11:00:00'),
('MD08KL', 38, '2024-06-18', '11:20:00'), ('CR17LM', 39, '2024-06-18', '11:40:00'),
('LP25MN', 40, '2024-06-18', '12:00:00'), ('VS04NO', 41, '2024-06-18', '12:20:00'),
('AM19OP', 42, '2024-06-18', '12:40:00'), ('FG11PQ', 43, '2024-06-18', '13:00:00'),
('DS22QR', 44, '2024-06-18', '13:20:00'), ('EV09RS', 45, '2024-06-18', '13:40:00'),
('GM27ST', 46, '2024-06-18', '14:00:00'), ('IP15TU', 47, '2024-06-18', '14:20:00'),
('SR03UV', 48, '2024-06-18', '14:40:00'), ('MD18VW', 49, '2024-06-18', '15:00:00'),
('RB29WX', 50, '2024-06-18', '15:20:00'), ('SF07XY', 51, '2024-06-18', '15:40:00'),
('AL14YZ', 52, '2024-06-18', '16:00:00'), ('BR01ZA', 53, '2024-06-18', '16:20:00'),
('TP20ZZ', 54, '2024-06-18', '16:40:00'), ('EB30XX', 55, '2024-06-18', '17:00:00'),
('LF12YY', 56, '2024-06-18', '17:15:00'), ('SM06WW', 57, '2024-06-18', '17:30:00'),
('GR11KK', 58, '2024-06-18', '17:40:00'), ('FB23JJ', 59, '2024-06-18', '17:45:00'),
('ES19MM', 60, '2024-06-18', '17:50:00'), ('CM04LL', 61, '2024-06-18', '17:52:00'),
('SR28PP', 62, '2024-06-18', '17:54:00'), ('IM10QQ', 63, '2024-06-18', '17:56:00'),
('CV05RR', 64, '2024-06-18', '17:57:00'), ('AL17SS', 65, '2024-06-18', '17:58:00'),
('LC29TT', 66, '2024-06-18', '17:59:00');

-- 32 persone: data 2025-08-07
INSERT INTO acquisto_b (CF, codiceBiglietto, data, orario) VALUES
('SB09UU', 67, '2025-08-07', '10:10:00'), ('MF06VV', 68, '2025-08-07', '10:30:00'),
('CN22AA', 69, '2025-08-07', '10:50:00'), ('LM15BB', 70, '2025-08-07', '11:10:00'),
('VB03CC', 71, '2025-08-07', '11:30:00'), ('AF11DD', 72, '2025-08-07', '11:50:00'),
('FR19EE', 73, '2025-08-07', '12:10:00'), ('DL30FF', 74, '2025-08-07', '12:30:00'),
('EP21GG', 75, '2025-08-07', '12:50:00'), ('GM05HH', 76, '2025-08-07', '13:10:00'),
('IV14II', 77, '2025-08-07', '13:30:00'), ('SB07OO', 78, '2025-08-07', '13:50:00'),
('MF22ZZ', 79, '2025-08-07', '14:10:00'), ('RN17YY', 80, '2025-08-07', '14:30:00'),
('SM09XX', 81, '2025-08-07', '14:50:00'), ('AB20WW', 82, '2025-08-07', '15:10:00'),
('BF03VV', 83, '2025-08-07', '15:30:00'), ('TR12UU', 84, '2025-08-07', '15:50:00'),
('EL28TT', 85, '2025-08-07', '16:10:00'), ('LP30SS', 86, '2025-08-07', '16:30:00'),
('SL06RR', 87, '2025-08-07', '16:50:00'), ('RC08GH', 88, '2025-08-07', '17:10:00'),
('AF17JK', 89, '2025-08-07', '17:25:00'), ('GM25LZ', 90, '2025-08-07', '17:35:00'),
('MC04XC', 91, '2025-08-07', '17:45:00'), ('AV19VB', 92, '2025-08-07', '17:50:00'),
('LO11SD', 93, '2025-08-07', '17:52:00'), ('VS22NM', 94, '2025-08-07', '17:54:00'),
('MD09LK', 95, '2025-08-07', '17:56:00'), ('IF27QW', 96, '2025-08-07', '17:57:00'),
('OP15ER', 97, '2025-08-07', '17:58:00'), ('OG03TY', 98, '2025-08-07', '17:59:00');

-- 32 persone: data 2026-06-04
INSERT INTO acquisto_b (CF, codiceBiglietto, data, orario) VALUES
('RM18UI', 99, '2026-06-04', '10:05:00'), ('NR29OP', 100, '2026-06-04', '10:25:00'),
('LB07AS', 101, '2026-06-04', '10:45:00'), ('EP14DF', 102, '2026-06-04', '11:05:00'),
('IF01GH', 103, '2026-06-04', '11:25:00'), ('AN20JK', 104, '2026-06-04', '11:45:00'),
('AM30LZ', 105, '2026-06-04', '12:05:00'), ('LB12XC', 106, '2026-06-04', '12:25:00'),
('AF06VB', 107, '2026-06-04', '12:45:00'), ('IL11SD', 108, '2026-06-04', '13:05:00'),
('AP23NM', 109, '2026-06-04', '13:25:00'), ('UM19LK', 110, '2026-06-04', '13:45:00'),
('IV04QW', 111, '2026-06-04', '14:05:00'), ('IL28ER', 112, '2026-06-04', '14:25:00'),
('IC10TY', 113, '2026-06-04', '14:45:00'), ('OB05UI', 114, '2026-06-04', '15:05:00'),
('LF17OP', 115, '2026-06-04', '15:25:00'), ('OP29AS', 116, '2026-06-04', '15:45:00'),
('TS09DF', 117, '2026-06-04', '16:05:00'), ('EA06GH', 118, '2026-06-04', '16:25:00'),
('NC22JK', 119, '2026-06-04', '16:45:00'), ('OF15LZ', 120, '2026-06-04', '17:05:00'),
('MM03XC', 121, '2026-06-04', '17:15:00'), ('OC11VB', 122, '2026-06-04', '17:25:00'),
('DV19SD', 123, '2026-06-04', '17:35:00'), ('AO30NM', 124, '2026-06-04', '17:45:00'),
('LS21LK', 125, '2026-06-04', '17:50:00'), ('ED05QW', 126, '2026-06-04', '17:52:00'),
('EF14ER', 127, '2026-06-04', '17:54:00'), ('IP07TY', 128, '2026-06-04', '17:56:00'),
('ZG22UI', 129, '2026-06-04', '17:58:00'), ('LM17OP', 130, '2026-06-04', '17:59:00');

/* ACQUISTI GRUPPI SCOLASTICI (codiceBiglietto da 131 a 249)
   Fascia oraria: 10:00 - 11:00
*/

-- DATA: 2023-05-30 | Gruppo Scuola Annata 2016 (25 bambini)
INSERT INTO acquisto_b (CF, codiceBiglietto, data, orario) VALUES
('MR12GH', 131, '2023-05-30', '10:02:00'), ('SG22KL', 132, '2023-05-30', '10:04:00'),
('LF15TY', 133, '2023-05-30', '10:06:00'), ('AB08RE', 134, '2023-05-30', '10:08:00'),
('TS29PL', 135, '2023-05-30', '10:10:00'), ('GM10MN', 136, '2023-05-30', '10:12:00'),
('RC03CV', 137, '2023-05-30', '10:14:00'), ('EN18BN', 138, '2023-05-30', '10:16:00'),
('GR25XC', 139, '2023-05-30', '10:18:00'), ('AF12FG', 140, '2023-05-30', '10:20:00'),
('EM05OP', 141, '2023-05-30', '10:22:00'), ('GV01RT', 142, '2023-05-30', '10:24:00'),
('FS27QW', 143, '2023-05-30', '10:26:00'), ('BG09AS', 144, '2023-05-30', '10:28:00'),
('AB20DF', 145, '2023-05-30', '10:30:00'), ('VL14GH', 146, '2023-05-30', '10:32:00'),
('DP11JK', 147, '2023-05-30', '10:34:00'), ('LM30LZ', 148, '2023-05-30', '10:36:00'),
('FV04XN', 149, '2023-05-30', '10:38:00'), ('MG17PO', 150, '2023-05-30', '10:40:00'),
('LD28MA', 151, '2023-05-30', '10:42:00'), ('CP06SD', 152, '2023-05-30', '10:44:00'),
('SF22VB', 153, '2023-05-30', '10:46:00'), ('NB15ER', 154, '2023-05-30', '10:48:00'),
('CP08UI', 155, '2023-05-30', '10:50:00');

-- DATA: 2024-05-28 | Gruppo 1 Annata 2008 (15 ragazzi)
INSERT INTO acquisto_b (CF, codiceBiglietto, data, orario) VALUES
('VD12ZX', 156, '2024-05-28', '10:05:00'), ('MS25KL', 157, '2024-05-28', '10:08:00'),
('KR15MN', 158, '2024-05-28', '10:11:00'), ('AG08OP', 159, '2024-05-28', '10:14:00'),
('MB30QW', 160, '2024-05-28', '10:17:00'), ('GN10ER', 161, '2024-05-28', '10:20:00'),
('CF22TY', 162, '2024-05-28', '10:23:00'), ('DP14UI', 163, '2024-05-28', '10:26:00'),
('YC05AS', 164, '2024-05-28', '10:29:00'), ('SV19DF', 165, '2024-05-28', '10:32:00'),
('IM03GH', 166, '2024-05-28', '10:35:00'), ('ES27JK', 167, '2024-05-28', '10:38:00'),
('TM06LZ', 168, '2024-05-28', '10:41:00'), ('MP31XC', 169, '2024-05-28', '10:44:00'),
('AF20VB', 170, '2024-05-28', '10:47:00');

-- DATA: 2024-05-23 | Gruppo 2 Annata 2010 (25 bambini)
INSERT INTO acquisto_b (CF, codiceBiglietto, data, orario) VALUES
('PG10BN', 171, '2024-05-23', '10:02:00'), ('LS22MK', 172, '2024-05-23', '10:04:00'),
('FM05JH', 173, '2024-05-23', '10:06:00'), ('AB19RT', 174, '2024-05-23', '10:08:00'),
('GP13WE', 175, '2024-05-23', '10:10:00'), ('MC30CV', 176, '2024-05-23', '10:12:00'),
('BB08FG', 177, '2024-05-23', '10:14:00'), ('VF21OP', 178, '2024-05-23', '10:16:00'),
('DP18SD', 179, '2024-05-23', '10:18:00'), ('NA06VB', 180, '2024-05-23', '10:20:00'),
('ZC24LK', 181, '2024-05-23', '10:22:00'), ('MF12QW', 182, '2024-05-23', '10:24:00'),
('EM28ER', 183, '2024-05-23', '10:26:00'), ('LC14TY', 184, '2024-05-23', '10:28:00'),
('GV03UI', 185, '2024-05-23', '10:30:00'), ('RO07AS', 186, '2024-05-23', '10:32:00'),
('IS28DF', 187, '2024-05-23', '10:34:00'), ('AD22GH', 188, '2024-05-23', '10:36:00'),
('UF19JK', 189, '2024-05-23', '10:38:00'), ('IP30LZ', 190, '2024-05-23', '10:40:00'),
('OG15XC', 191, '2024-05-23', '10:42:00'), ('TM01VB', 192, '2024-05-23', '10:44:00'),
('LR12SD', 193, '2024-05-23', '10:46:00'), ('CB09NM', 194, '2024-05-23', '10:48:00'),
('EP22LK', 195, '2024-05-23', '10:50:00');

-- DATA: 2025-05-25 | Gruppo 3 Annata 2012 (22 bambini)
INSERT INTO acquisto_b (CF, codiceBiglietto, data, orario) VALUES
('RF17QW', 196, '2025-05-25', '10:10:00'), ('AS28ER', 197, '2025-05-25', '10:12:00'),
('VM04TY', 198, '2025-05-25', '10:14:00'), ('MB22UI', 199, '2025-05-25', '10:16:00'),
('AM16OP', 200, '2025-05-25', '10:18:00'), ('LV09AS', 201, '2025-05-25', '10:20:00'),
('IS01DF', 202, '2025-05-25', '10:22:00'), ('OG07GH', 203, '2025-05-25', '10:24:00'),
('NB19JK', 204, '2025-05-25', '10:26:00'), ('LL05LZ', 205, '2025-05-25', '10:28:00'),
('AP20XC', 206, '2025-05-25', '10:30:00'), ('AM06VB', 207, '2025-05-25', '10:32:00'),
('LV13SD', 208, '2025-05-25', '10:34:00'), ('AG30NM', 209, '2025-05-25', '10:36:00'),
('ID08LK', 210, '2025-05-25', '10:38:00'), ('AP01QW', 211, '2025-05-25', '10:40:00'),
('UF11ER', 212, '2025-05-25', '10:42:00'), ('IB18TY', 213, '2025-05-25', '10:44:00'),
('IP02UI', 214, '2025-05-25', '10:46:00'), ('IM24OP', 215, '2025-05-25', '10:48:00'),
('ON12AS', 216, '2025-05-25', '10:50:00'), ('LR06DF', 217, '2025-05-25', '10:52:00');

-- DATA: 2026-06-03 | Gruppo 4 Annata 2014 (24 bambini)
INSERT INTO acquisto_b (CF, codiceBiglietto, data, orario) VALUES
('EF15GH', 218, '2026-06-03', '10:02:00'), ('NP21JK', 219, '2026-06-03', '10:04:00'),
('OS03LZ', 220, '2026-06-03', '10:06:00'), ('TA19XC', 221, '2026-06-03', '10:08:00'),
('NC28VB', 222, '2026-06-03', '10:10:00'), ('MF12SD', 223, '2026-06-03', '10:12:00'),
('OM21NM', 224, '2026-06-03', '10:14:00'), ('MC14LK', 225, '2026-06-03', '10:16:00'),
('OV08QW', 226, '2026-06-03', '10:18:00'), ('DO17ER', 227, '2026-06-03', '10:20:00'),
('AS25TY', 228, '2026-06-03', '10:22:00'), ('LD04UI', 229, '2026-06-03', '10:24:00'),
('EF19OP', 230, '2026-06-03', '10:26:00'), ('EP11AS', 231, '2026-06-03', '10:28:00'),
('IG22DF', 232, '2026-06-03', '10:30:00'), ('ZM09GH', 233, '2026-06-03', '10:32:00'),
('LR27JK', 234, '2026-06-03', '10:34:00'), ('AB15LZ', 235, '2026-06-03', '10:36:00'),
('TP03XC', 236, '2026-06-03', '10:38:00'), ('PF18VB', 237, '2026-06-03', '10:40:00'),
('LN29SD', 238, '2026-06-03', '10:42:00'), ('BG07NM', 239, '2026-06-03', '10:44:00'),
('MM14LK', 240, '2026-06-03', '10:46:00'), ('CB01QW', 241, '2026-06-03', '10:48:00');

-- Vendite sincronizzate con gli acquisti singoli (Codici 1-130)

-- DATA 2023-07-16 (1-33)
INSERT INTO vendita_b (codiceBiglietto, data, orario, numeroCassa) VALUES
(1, '2023-07-16', '10:15:00', 3), (2, '2023-07-16', '10:30:00', 11),
(3, '2023-07-16', '10:45:00', 5), (4, '2023-07-16', '11:00:00', 2),
(5, '2023-07-16', '11:15:00', 9), (6, '2023-07-16', '11:30:00', 12),
(7, '2023-07-16', '11:45:00', 1), (8, '2023-07-16', '12:00:00', 8),
(9, '2023-07-16', '12:15:00', 4), (10, '2023-07-16', '12:30:00', 7),
(11, '2023-07-16', '12:45:00', 10), (12, '2023-07-16', '13:00:00', 6),
(13, '2023-07-16', '13:15:00', 11), (14, '2023-07-16', '13:30:00', 2),
(15, '2023-07-16', '13:45:00', 5), (16, '2023-07-16', '14:00:00', 9),
(17, '2023-07-16', '14:15:00', 12), (18, '2023-07-16', '14:30:00', 1),
(19, '2023-07-16', '14:45:00', 8), (20, '2023-07-16', '15:00:00', 4),
(21, '2023-07-16', '15:15:00', 7), (22, '2023-07-16', '15:30:00', 10),
(23, '2023-07-16', '15:45:00', 3), (24, '2023-07-16', '16:00:00', 11),
(25, '2023-07-16', '16:15:00', 6), (26, '2023-07-16', '16:30:00', 2),
(27, '2023-07-16', '16:45:00', 5), (28, '2023-07-16', '17:00:00', 9),
(29, '2023-07-16', '17:15:00', 12), (30, '2023-07-16', '17:30:00', 1),
(31, '2023-07-16', '17:45:00', 8), (32, '2023-07-16', '17:55:00', 4),
(33, '2023-07-16', '17:59:00', 7);

-- DATA 2024-06-18 (34-66)
INSERT INTO vendita_b (codiceBiglietto, data, orario, numeroCassa) VALUES
(34, '2024-06-18', '10:10:00', 10), (35, '2024-06-18', '10:20:00', 1),
(36, '2024-06-18', '10:40:00', 5), (37, '2024-06-18', '11:00:00', 12),
(38, '2024-06-18', '11:20:00', 8), (39, '2024-06-18', '11:40:00', 3),
(40, '2024-06-18', '12:00:00', 11), (41, '2024-06-18', '12:20:00', 2),
(42, '2024-06-18', '12:40:00', 6), (43, '2024-06-18', '13:00:00', 9),
(44, '2024-06-18', '13:20:00', 4), (45, '2024-06-18', '13:40:00', 7),
(46, '2024-06-18', '14:00:00', 1), (47, '2024-06-18', '14:20:00', 10),
(48, '2024-06-18', '14:40:00', 5), (49, '2024-06-18', '15:00:00', 12),
(50, '2024-06-18', '15:20:00', 8), (51, '2024-06-18', '15:40:00', 3),
(52, '2024-06-18', '16:00:00', 11), (53, '2024-06-18', '16:20:00', 2),
(54, '2024-06-18', '16:40:00', 6), (55, '2024-06-18', '17:00:00', 9),
(56, '2024-06-18', '17:15:00', 4), (57, '2024-06-18', '17:30:00', 7),
(58, '2024-06-18', '17:40:00', 1), (59, '2024-06-18', '17:45:00', 10),
(60, '2024-06-18', '17:50:00', 5), (61, '2024-06-18', '17:52:00', 12),
(62, '2024-06-18', '17:54:00', 8), (63, '2024-06-18', '17:56:00', 3),
(64, '2024-06-18', '17:57:00', 11), (65, '2024-06-18', '17:58:00', 2),
(66, '2024-06-18', '17:59:00', 6);

-- DATA 2025-08-07 (67-98)
INSERT INTO vendita_b (codiceBiglietto, data, orario, numeroCassa) VALUES
(67, '2025-08-07', '10:10:00', 9), (68, '2025-08-07', '10:30:00', 4),
(69, '2025-08-07', '10:50:00', 7), (70, '2025-08-07', '11:10:00', 1),
(71, '2025-08-07', '11:30:00', 10), (72, '2025-08-07', '11:50:00', 5),
(73, '2025-08-07', '12:10:00', 12), (74, '2025-08-07', '12:30:00', 8),
(75, '2025-08-07', '12:50:00', 3), (76, '2025-08-07', '13:10:00', 11),
(77, '2025-08-07', '13:30:00', 2), (78, '2025-08-07', '13:50:00', 6),
(79, '2025-08-07', '14:10:00', 9), (80, '2025-08-07', '14:30:00', 4),
(81, '2025-08-07', '14:50:00', 7), (82, '2025-08-07', '15:10:00', 1),
(83, '2025-08-07', '15:30:00', 10), (84, '2025-08-07', '15:50:00', 5),
(85, '2025-08-07', '16:10:00', 12), (86, '2025-08-07', '16:30:00', 8),
(87, '2025-08-07', '16:50:00', 3), (88, '2025-08-07', '17:10:00', 11),
(89, '2025-08-07', '17:25:00', 2), (90, '2025-08-07', '17:35:00', 6),
(91, '2025-08-07', '17:45:00', 9), (92, '2025-08-07', '17:50:00', 4),
(93, '2025-08-07', '17:52:00', 7), (94, '2025-08-07', '17:54:00', 1),
(95, '2025-08-07', '17:56:00', 10), (96, '2025-08-07', '17:57:00', 5),
(97, '2025-08-07', '17:58:00', 12), (98, '2025-08-07', '17:59:00', 8);

-- DATA 2026-06-04 (99-130)
INSERT INTO vendita_b (codiceBiglietto, data, orario, numeroCassa) VALUES
(99, '2026-06-04', '10:05:00', 3), (100, '2026-06-04', '10:25:00', 11),
(101, '2026-06-04', '10:45:00', 6), (102, '2026-06-04', '11:05:00', 2),
(103, '2026-06-04', '11:25:00', 9), (104, '2026-06-04', '11:45:00', 1),
(105, '2026-06-04', '12:05:00', 7), (106, '2026-06-04', '12:25:00', 4),
(107, '2026-06-04', '12:45:00', 10), (108, '2026-06-04', '13:05:00', 5),
(109, '2026-06-04', '13:25:00', 12), (110, '2026-06-04', '13:45:00', 8),
(111, '2026-06-04', '14:05:00', 3), (112, '2026-06-04', '14:25:00', 11),
(113, '2026-06-04', '14:45:00', 6), (114, '2026-06-04', '15:05:00', 2),
(115, '2026-06-04', '15:25:00', 9), (116, '2026-06-04', '15:45:00', 1),
(117, '2026-06-04', '16:05:00', 7), (118, '2026-06-04', '16:25:00', 4),
(119, '2026-06-04', '16:45:00', 10), (120, '2026-06-04', '17:05:00', 5),
(121, '2026-06-04', '17:15:00', 12), (122, '2026-06-04', '17:25:00', 8),
(123, '2026-06-04', '17:35:00', 3), (124, '2026-06-04', '17:45:00', 11),
(125, '2026-06-04', '17:50:00', 6), (126, '2026-06-04', '17:52:00', 2),
(127, '2026-06-04', '17:54:00', 9), (128, '2026-06-04', '17:56:00', 1),
(129, '2026-06-04', '17:58:00', 4), (130, '2026-06-04', '17:59:00', 7);


-- DATA: 2023-05-30 | Gruppo Annata 2016 (Cassa 5 per tutti)
INSERT INTO vendita_b (codiceBiglietto, data, orario, numeroCassa) VALUES
(131, '2023-05-30', '10:02:00', 5), (132, '2023-05-30', '10:04:00', 5),
(133, '2023-05-30', '10:06:00', 5), (134, '2023-05-30', '10:08:00', 5),
(135, '2023-05-30', '10:10:00', 5), (136, '2023-05-30', '10:12:00', 5),
(137, '2023-05-30', '10:14:00', 5), (138, '2023-05-30', '10:16:00', 5),
(139, '2023-05-30', '10:18:00', 5), (140, '2023-05-30', '10:20:00', 5),
(141, '2023-05-30', '10:22:00', 5), (142, '2023-05-30', '10:24:00', 5),
(143, '2023-05-30', '10:26:00', 5), (144, '2023-05-30', '10:28:00', 5),
(145, '2023-05-30', '10:30:00', 5), (146, '2023-05-30', '10:32:00', 5),
(147, '2023-05-30', '10:34:00', 5), (148, '2023-05-30', '10:36:00', 5),
(149, '2023-05-30', '10:38:00', 5), (150, '2023-05-30', '10:40:00', 5),
(151, '2023-05-30', '10:42:00', 5), (152, '2023-05-30', '10:44:00', 5),
(153, '2023-05-30', '10:46:00', 5), (154, '2023-05-30', '10:48:00', 5),
(155, '2023-05-30', '10:50:00', 5);

-- DATA: 2024-05-28 | Gruppo Annata 2008 (Cassa 8 per tutti)
INSERT INTO vendita_b (codiceBiglietto, data, orario, numeroCassa) VALUES
(156, '2024-05-28', '10:05:00', 8), (157, '2024-05-28', '10:08:00', 8),
(158, '2024-05-28', '10:11:00', 8), (159, '2024-05-28', '10:14:00', 8),
(160, '2024-05-28', '10:17:00', 8), (161, '2024-05-28', '10:20:00', 8),
(162, '2024-05-28', '10:23:00', 8), (163, '2024-05-28', '10:26:00', 8),
(164, '2024-05-28', '10:29:00', 8), (165, '2024-05-28', '10:32:00', 8),
(166, '2024-05-28', '10:35:00', 8), (167, '2024-05-28', '10:38:00', 8),
(168, '2024-05-28', '10:41:00', 8), (169, '2024-05-28', '10:44:00', 8),
(170, '2024-05-28', '10:47:00', 8);

-- DATA: 2024-05-23 | Gruppo Annata 2010 (Cassa 2 per tutti)
INSERT INTO vendita_b (codiceBiglietto, data, orario, numeroCassa) VALUES
(171, '2024-05-23', '10:02:00', 2), (172, '2024-05-23', '10:04:00', 2),
(173, '2024-05-23', '10:06:00', 2), (174, '2024-05-23', '10:08:00', 2),
(175, '2024-05-23', '10:10:00', 2), (176, '2024-05-23', '10:12:00', 2),
(177, '2024-05-23', '10:14:00', 2), (178, '2024-05-23', '10:16:00', 2),
(179, '2024-05-23', '10:18:00', 2), (180, '2024-05-23', '10:20:00', 2),
(181, '2024-05-23', '10:22:00', 2), (182, '2024-05-23', '10:24:00', 2),
(183, '2024-05-23', '10:26:00', 2), (184, '2024-05-23', '10:28:00', 2),
(185, '2024-05-23', '10:30:00', 2), (186, '2024-05-23', '10:32:00', 2),
(187, '2024-05-23', '10:34:00', 2), (188, '2024-05-23', '10:36:00', 2),
(189, '2024-05-23', '10:38:00', 2), (190, '2024-05-23', '10:40:00', 2),
(191, '2024-05-23', '10:42:00', 2), (192, '2024-05-23', '10:44:00', 2),
(193, '2024-05-23', '10:46:00', 2), (194, '2024-05-23', '10:48:00', 2),
(195, '2024-05-23', '10:50:00', 2);

-- DATA: 2025-05-25 | Gruppo Annata 2012 (Cassa 11 per tutti)
INSERT INTO vendita_b (codiceBiglietto, data, orario, numeroCassa) VALUES
(196, '2025-05-25', '10:10:00', 11), (197, '2025-05-25', '10:12:00', 11),
(198, '2025-05-25', '10:14:00', 11), (199, '2025-05-25', '10:16:00', 11),
(200, '2025-05-25', '10:18:00', 11), (201, '2025-05-25', '10:20:00', 11),
(202, '2025-05-25', '10:22:00', 11), (203, '2025-05-25', '10:24:00', 11),
(204, '2025-05-25', '10:26:00', 11), (205, '2025-05-25', '10:28:00', 11),
(206, '2025-05-25', '10:30:00', 11), (207, '2025-05-25', '10:32:00', 11),
(208, '2025-05-25', '10:34:00', 11), (209, '2025-05-25', '10:36:00', 11),
(210, '2025-05-25', '10:38:00', 11), (211, '2025-05-25', '10:40:00', 11),
(212, '2025-05-25', '10:42:00', 11), (213, '2025-05-25', '10:44:00', 11),
(214, '2025-05-25', '10:46:00', 11), (215, '2025-05-25', '10:48:00', 11),
(216, '2025-05-25', '10:50:00', 11), (217, '2025-05-25', '10:52:00', 11);

-- DATA: 2026-06-03 | Gruppo Annata 2014 (Cassa 3 per tutti)
INSERT INTO vendita_b (codiceBiglietto, data, orario, numeroCassa) VALUES
(218, '2026-06-03', '10:02:00', 3), (219, '2026-06-03', '10:04:00', 3),
(220, '2026-06-03', '10:06:00', 3), (221, '2026-06-03', '10:08:00', 3),
(222, '2026-06-03', '10:10:00', 3), (223, '2026-06-03', '10:12:00', 3),
(224, '2026-06-03', '10:14:00', 3), (225, '2026-06-03', '10:16:00', 3),
(226, '2026-06-03', '10:18:00', 3), (227, '2026-06-03', '10:20:00', 3),
(228, '2026-06-03', '10:22:00', 3), (229, '2026-06-03', '10:24:00', 3),
(230, '2026-06-03', '10:26:00', 3), (231, '2026-06-03', '10:28:00', 3),
(232, '2026-06-03', '10:30:00', 3), (233, '2026-06-03', '10:32:00', 3),
(234, '2026-06-03', '10:34:00', 3), (235, '2026-06-03', '10:36:00', 3),
(236, '2026-06-03', '10:38:00', 3), (237, '2026-06-03', '10:40:00', 3),
(238, '2026-06-03', '10:42:00', 3), (239, '2026-06-03', '10:44:00', 3),
(240, '2026-06-03', '10:46:00', 3), (241, '2026-06-03', '10:48:00', 3),
(242, '2026-06-03', '10:50:00', 3), (243, '2026-06-03', '10:52:00', 3),
(244, '2026-06-03', '10:54:00', 3);

INSERT INTO sconto (nomeBiglietto, motivazione, percentuale) VALUES 
('Pomeridiano', 'Disabilità', 60),
('Pomeridiano', 'Over 65', 40),
('Pomeridiano', 'Bambino', 50),
('Pomeridiano', 'Sponsor', 50),
('Pomeridiano', 'Gruppo', 10),
('2 giorni con pernottamento', 'Disabilità', 30),
('2 giorni con pernottamento', 'Over 65', 20),
('2 giorni con pernottamento', 'Bambino', 20),
('Giornaliero', 'Disabilità', 60),
('Giornaliero', 'Over 65', 40),
('Giornaliero', 'Bambino', 50),
('Giornaliero', 'Sponsor', 50),
('Giornaliero', 'Gruppo', 10),
('Flash Pass', 'Disabilità', 10),
('Flash Pass', 'Bambino', 10),
('Flash Pass', 'Over 65', 10);

-- 600 utilizzi dei bagni (almeno 1 volta a persona e alcuni più di una volta)
INSERT INTO utilizzo (codiceBagno, CF) VALUES
(1, 'MR12AB'), (2, 'LB05CD'), (3, 'AV22EF'), (4, 'GN09GH'), (5, 'MG18IJ'), (6, 'SF30KL'),
(7, 'PR14MN'), (8, 'ER03OP'), (9, 'DC27QR'), (10, 'FM16ST'), (11, 'AC11UV'), (12, 'CG24WX'),
(1, 'SR02YZ'), (2, 'ML19AA'), (3, 'FM08BB'), (4, 'VB25CC'), (5, 'SF06DD'), (6, 'LD13EE'),
(7, 'MS29FF'), (8, 'IG21GG'), (9, 'NT17HH'), (10, 'BP04II'), (11, 'GF28JJ'), (12, 'SR10KK'),
(1, 'AL15LL'), (2, 'MP07MM'), (3, 'RM23NN'), (4, 'CV14OO'), (5, 'FL01PP'), (6, 'AC18QQ'),
(7, 'TB09RR'), (8, 'SF26SS'), (9, 'EP03TT'), (10, 'GS20UU'), (11, 'DA31VV'), (12, 'VC27WW'),
(1, 'RF06XX'), (2, 'EM12YY'), (3, 'PC19AZ'), (4, 'NV08BA'), (5, 'GO24CB'), (6, 'FS16DC'),
(7, 'ED02ED'), (8, 'CF11FE'), (9, 'SP29GF'), (10, 'IG05HG'), (11, 'CM14IH'), (12, 'AR23JI'),
(1, 'LB30KJ'), (2, 'SP09LK'), (3, 'GF10ML'), (4, 'RN21NM'), (5, 'LM05OP'), (6, 'AB15PQ'),
(7, 'MF22ZZ'), (8, 'EL28RS'), (9, 'DP11ST'), (10, 'GM07TU'), (11, 'FV30UV'), (12, 'SL02VW'),
(1, 'TC18WX'), (2, 'MB10XY'), (3, 'AF25YZ'), (4, 'CP19ZA'), (5, 'AS14AB'), (6, 'VA23BC'),
(7, 'SC05CD'), (8, 'IF10DE'), (9, 'MM01EF'), (10, 'EC17FG'), (11, 'NV28GH'), (12, 'BO13HI'),
(1, 'GS04IJ'), (2, 'SD22JK'), (3, 'AF16KL'), (4, 'MP09LM'), (5, 'RG01MN'), (6, 'CM07NO'),
(7, 'FR19OP'), (8, 'AB05PQ'), (9, 'TP20QR'), (10, 'SF06RS'), (11, 'EN13ST'), (12, 'GM30TU'),
(1, 'DB08UV'), (2, 'VF01VW'), (3, 'RL11WX'), (4, 'EP18XY'), (5, 'PM02YZ'), (6, 'NV24ZA'),
(7, 'GL12AB'), (8, 'FC06BC'), (9, 'EB15CD'), (10, 'CF21DE'), (11, 'SP03EF'), (12, 'IS19FG'),
(1, 'CA28GH'), (2, 'AC12HI'), (3, 'LF21IJ'), (4, 'SM14JK'), (5, 'MD08KL'), (6, 'CR17LM'),
(7, 'LP25MN'), (8, 'VS04NO'), (9, 'AM19OP'), (10, 'FG11PQ'), (11, 'DS22QR'), (12, 'EV09RS'),
(1, 'GM27ST'), (2, 'IP15TU'), (3, 'SR03UV'), (4, 'MD18VW'), (5, 'RB29WX'), (6, 'SF07XY'),
(7, 'AL14YZ'), (8, 'BR01ZA'), (9, 'TP20ZZ'), (10, 'EB30XX'), (11, 'LF12YY'), (12, 'SM06WW'),
(1, 'GR11KK'), (2, 'FB23JJ'), (3, 'ES19MM'), (4, 'CM04LL'), (5, 'SR28PP'), (6, 'IM10QQ'),
(7, 'CV05RR'), (8, 'AL17SS'), (9, 'LC29TT'), (10, 'SB09UU'), (11, 'MF06VV'), (12, 'CN22AA'),
(1, 'LM15BB'), (2, 'VB03CC'), (3, 'AF11DD'), (4, 'FR19EE'), (5, 'DL30FF'), (6, 'EP21GG'),
(7, 'GM05HH'), (8, 'IV14II'), (9, 'SB07OO'), (10, 'MF22ZZ'), (11, 'RN17YY'), (12, 'SM09XX'),
(1, 'AB20WW'), (2, 'BF03VV'), (3, 'TR12UU'), (4, 'EL28TT'), (5, 'LP30SS'), (6, 'SL06RR'),
(7, 'AG12XY'), (8, 'MP05QR'), (9, 'GS22BT'), (10, 'PB09LZ'), (11, 'EG18KF'), (12, 'RF30JD'),
(1, 'CB14MN'), (2, 'LM03OP'), (3, 'RC27WE'), (4, 'SV16RT'), (5, 'MD11YU'), (6, 'TG24PL'),
(7, 'DF02KJ'), (8, 'AN19XC'), (9, 'VP08VB'), (10, 'GR25SD'), (11, 'SS06NM'), (12, 'RM13LK'),
(1, 'AG28QW'), (2, 'PP21ER'), (3, 'MS17TY'), (4, 'CP04UI'), (5, 'BV28OP'), (6, 'DR10AS'),
(7, 'PT15DF'), (8, 'DM07GH'), (9, 'RB23JK'), (10, 'AP14LZ'), (11, 'ES01XN'), (12, 'MB18CV'),
(1, 'CD09BN'), (2, 'LM26MA'), (3, 'US03KS'), (4, 'GL20JD'), (5, 'AB31HF'), (6, 'SG27PD'),
(7, 'VM06LQ'), (8, 'MC12BT'), (9, 'EF19MN'), (10, 'ND08ZC'), (11, 'CR24PO'), (12, 'GM16RV'),
(1, 'GC02BX'), (2, 'DO11NF'), (3, 'FS29MK'), (4, 'MD05LQ'), (5, 'PF14XW'), (6, 'EP23JH'),
(7, 'LG30VB'), (8, 'TM09ER'), (9, 'GR10TY'), (10, 'LB21UI'), (11, 'MP05OP'), (12, 'CF15AS'),
(1, 'EN22DF'), (2, 'PM28GH'), (3, 'SB11JK'), (4, 'IF07LZ'), (5, 'OL30XC'), (6, 'SP02VB'),
(7, 'RM18SD'), (8, 'LV10NM'), (9, 'GL25LK'), (10, 'CC19QW'), (11, 'EB14ER'), (12, 'MF23TY'),
(1, 'AP05UI'), (2, 'AS10OP'), (3, 'DA01AS'), (4, 'BC17DF'), (5, 'MF28GH'), (6, 'EM13JK'),
(7, 'VC04LZ'), (8, 'OV22XC'), (9, 'PO16VB'), (10, 'PS09SD'), (11, 'CD01NM'), (12, 'SF07LK'),
(1, 'AP19QW'), (2, 'LG05ER'), (3, 'NM20TY'), (4, 'MR06UI'), (5, 'GB13OP'), (6, 'ZP30AS'),
(7, 'AF08DF'), (8, 'LN01GH'), (9, 'FM11JK'), (10, 'FB18LZ'), (11, 'AF02XC'), (12, 'AL24VB'),
(1, 'RP12SD'), (2, 'IM06NM'), (3, 'TV15LK'), (4, 'DL21QW'), (5, 'LC03ER'), (6, 'EB19TY'),
(7, 'IF28UI'), (8, 'TP12OP'), (9, 'ES21AS'), (10, 'CA14DF'), (11, 'RC08GH'), (12, 'AF17JK'),
(1, 'GM25LZ'), (2, 'MC04XC'), (3, 'AV19VB'), (4, 'LO11SD'), (5, 'VS22NM'), (6, 'MD09LK'),
(7, 'IF27QW'), (8, 'OP15ER'), (9, 'OG03TY'), (10, 'RM18UI'), (11, 'NR29OP'), (12, 'LB07AS'),
(1, 'EP14DF'), (2, 'IF01GH'), (3, 'AN20JK'), (4, 'AM30LZ'), (5, 'LB12XC'), (6, 'AF06VB'),
(7, 'IL11SD'), (8, 'AP23NM'), (9, 'UM19LK'), (10, 'IV04QW'), (11, 'IL28ER'), (12, 'IC10TY'),
(1, 'OB05UI'), (2, 'LF17OP'), (3, 'OP29AS'), (4, 'TS09DF'), (5, 'EA06GH'), (6, 'NC22JK'),
(7, 'OF15LZ'), (8, 'MM03XC'), (9, 'OC11VB'), (10, 'DV19SD'), (11, 'AO30NM'), (12, 'LS21LK'),
(1, 'ED05QW'), (2, 'EF14ER'), (3, 'IP07TY'), (4, 'ZG22UI'), (5, 'LM17OP'), (6, 'AR09AS'),
(7, 'TB20DF'), (8, 'PP03GH'), (9, 'LF12JK'), (10, 'BN28LZ'), (11, 'MM30XC'), (12, 'CB06VB'),
(1, 'GM22YT'), (2, 'EG09RE'), (3, 'BR15PL'), (4, 'GS30MN'), (5, 'LM12PO'), (6, 'FG04BV'),
(7, 'TB27CX'), (8, 'AS18DS'), (9, 'ER03KL'), (10, 'OM11XZ'), (11, 'AC20CV'), (12, 'PF14FG'),
(1, 'LV07BN'), (2, 'IP28TY'), (3, 'AN05SD'), (4, 'GP12WE'), (5, 'EM19XC'), (6, 'AL22RT'),
(7, 'SS01IU'), (8, 'EV15NM'), (9, 'BF30OP'), (10, 'CD07QW'), (11, 'TR13AS'), (12, 'DM24DF'),
(1, 'PC11GH'), (2, 'PO19JK'), (3, 'GB29LZ'), (4, 'DP09XC'), (5, 'AS10VB'), (6, 'UA23SD'),
(7, 'VC05NM'), (8, 'AF28LK'), (9, 'QM12QW'), (10, 'BB21ER'), (11, 'EN15TY'), (12, 'LP06UI'),
(1, 'OM01OP'), (2, 'NV14AS'), (3, 'PL12DF'), (4, 'SC13GH'), (5, 'LB08JK'), (6, 'SF19LZ'),
(7, 'GP06XC'), (8, 'AS17VB'), (9, 'PA25SD'), (10, 'SC04NM'), (11, 'TF19LK'), (12, 'QM11QW'),
(1, 'QC22ER'), (2, 'SV09TY'), (3, 'MR12GH'), (4, 'SG22KL'), (5, 'LF15TY'), (6, 'AB08RE'),
(7, 'TS29PL'), (8, 'GM10MN'), (9, 'RC03CV'), (10, 'EN18BN'), (11, 'GR25XC'), (12, 'AF12FG'),
(1, 'EM05OP'), (2, 'GV01RT'), (3, 'FS27QW'), (4, 'BG09AS'), (5, 'AB20DF'), (6, 'VL14GH'),
(7, 'DP11JK'), (8, 'LM30LZ'), (9, 'FV04XN'), (10, 'MG17PO'), (11, 'LD28MA'), (12, 'CP06SD'),
(1, 'SF22VB'), (2, 'NB15ER'), (3, 'CP08UI'), (4, 'VD12ZX'), (5, 'MS25KL'), (6, 'KR15MN'),
(7, 'AG08OP'), (8, 'MB30QW'), (9, 'GN10ER'), (10, 'CF22TY'), (11, 'DP14UI'), (12, 'YC05AS'),
(1, 'SV19DF'), (2, 'IM03GH'), (3, 'ES27JK'), (4, 'TM06LZ'), (5, 'MP31XC'), (6, 'AF20VB'),
(7, 'PG10BN'), (8, 'LS22MK'), (9, 'FM05JH'), (10, 'AB19RT'), (11, 'GP13WE'), (12, 'MC30CV'),
(1, 'BB08FG'), (2, 'VF21OP'), (3, 'DP18SD'), (4, 'NA06VB'), (5, 'ZC24LK'), (6, 'MF12QW'),
(7, 'EM28ER'), (8, 'LC14TY'), (9, 'GV03UI'), (10, 'RO07AS'), (11, 'IS28DF'), (12, 'AD22GH'),
(1, 'UF19JK'), (2, 'IP30LZ'), (3, 'OG15XC'), (4, 'TM01VB'), (5, 'LR12SD'), (6, 'CB09NM'),
(7, 'EP22LK'), (8, 'RF17QW'), (9, 'AS28ER'), (10, 'VM04TY'), (11, 'MB22UI'), (12, 'AM16OP'),
(1, 'LV09AS'), (2, 'IS01DF'), (3, 'OG07GH'), (4, 'NB19JK'), (5, 'LL05LZ'), (6, 'AP20XC'),
(7, 'AM06VB'), (8, 'LV13SD'), (9, 'AG30NM'), (10, 'ID08LK'), (11, 'AP01QW'), (12, 'UF11ER'),
(1, 'IB18TY'), (2, 'IP02UI'), (3, 'IM24OP'), (4, 'ON12AS'), (5, 'LR06DF'), (6, 'EF15GH'),
(7, 'NP21JK'), (8, 'OS03LZ'), (9, 'TA19XC'), (10, 'NC28VB'), (11, 'MF12SD'), (12, 'OM21NM'),
(1, 'MC14LK'), (2, 'OV08QW'), (3, 'DO17ER'), (4, 'AS25TY'), (5, 'LD04UI'), (6, 'EF19OP'),
(7, 'EP11AS'), (8, 'IG22DF'), (9, 'ZM09GH'), (10, 'LR27JK'), (11, 'AB15LZ'), (12, 'TP03XC'),
(1, 'PF18VB'), (2, 'LN29SD'), (3, 'BG07NM'), (4, 'MM14LK'), (5, 'CB01QW'), (6, 'MR12AB'),
(7, 'LB05CD'), (8, 'AV22EF'), (9, 'GN09GH'), (10, 'MG18IJ'), (11, 'SF30KL'), (12, 'PR14MN'),
(1, 'ER03OP'), (2, 'DC27QR'), (3, 'FM16ST'), (4, 'AC11UV'), (5, 'CG24WX'), (6, 'SR02YZ'),
(7, 'ML19AA'), (8, 'FM08BB'), (9, 'VB25CC'), (10, 'SF06DD'), (11, 'LD13EE'), (12, 'MS29FF'),
(1, 'IG21GG'), (2, 'NT17HH'), (3, 'BP04II'), (4, 'GF28JJ'), (5, 'SR10KK'), (6, 'AL15LL'),
(7, 'MP07MM'), (8, 'RM23NN'), (9, 'CV14OO'), (10, 'FL01PP'), (11, 'AC18QQ'), (12, 'TB09RR'),
(1, 'SF26SS'), (2, 'EP03TT'), (3, 'GS20UU'), (4, 'DA31VV'), (5, 'VC27WW'), (6, 'RF06XX'),
(7, 'EM12YY'), (8, 'PC19AZ'), (9, 'NV08BA'), (10, 'GO24CB'), (11, 'FS16DC'), (12, 'ED02ED'),
(1, 'CF11FE'), (2, 'SP29GF'), (3, 'IG05HG'), (4, 'CM14IH'), (5, 'AR23JI'), (6, 'LB30KJ'),
(7, 'SP09LK'), (8, 'GF10ML'), (9, 'RN21NM'), (10, 'LM05OP'), (11, 'AB15PQ'), (12, 'MF22ZZ'),
(1, 'EL28RS'), (2, 'DP11ST'), (3, 'GM07TU'), (4, 'FV30UV'), (5, 'SL02VW'), (6, 'TC18WX'),
(7, 'MB10XY'), (8, 'AF25YZ'), (9, 'CP19ZA'), (10, 'AS14AB'), (11, 'VA23BC'), (12, 'SC05CD'),
(1, 'IF10DE'), (2, 'MM01EF'), (3, 'EC17FG'), (4, 'NV28GH'), (5, 'BO13HI'), (6, 'GS04IJ'),
(7, 'SD22JK'), (8, 'AF16KL'), (9, 'MP09LM'), (10, 'RG01MN'), (11, 'CM07NO'), (12, 'FR19OP'),
(1, 'AB05PQ'), (2, 'TP20QR'), (3, 'SF06RS'), (4, 'EN13ST'), (5, 'GM30TU'), (6, 'DB08UV'),
(7, 'VF01VW'), (8, 'RL11WX'), (9, 'EP18XY'), (10, 'PM02YZ'), (11, 'NV24ZA'), (12, 'GL12AB'),
(1, 'FC06BC'), (2, 'EB15CD'), (3, 'CF21DE'), (4, 'SP03EF'), (5, 'IS19FG'), (6, 'CA28GH'),
(7, 'AC12HI'), (8, 'LF21IJ'), (9, 'SM14JK'), (10, 'MD08KL'), (11, 'CR17LM'), (12, 'LP25MN'),
(1, 'VS04NO'), (2, 'AM19OP'), (3, 'FG11PQ'), (4, 'DS22QR'), (5, 'EV09RS'), (6, 'GM27ST'),
(7, 'IP15TU'), (8, 'SR03UV'), (9, 'MD18VW'), (10, 'RB29WX'), (11, 'SF07XY'), (12, 'AL14YZ'),
(1, 'BR01ZA'), (2, 'TP20ZZ'), (3, 'EB30XX'), (4, 'LF12YY'), (5, 'SM06WW'), (6, 'GR11KK'),
(7, 'FB23JJ'), (8, 'ES19MM'), (9, 'CM04LL'), (10, 'SR28PP'), (11, 'IM10QQ'), (12, 'CV05RR'),
(1, 'AL17SS'), (2, 'LC29TT'), (3, 'SB09UU'), (4, 'MF06VV'), (5, 'CN22AA'), (6, 'LM15BB'),
(7, 'VB03CC'), (8, 'AF11DD'), (9, 'FR19EE'), (10, 'DL30FF'), (11, 'EP21GG'), (12, 'GM05HH'),
(1, 'IV14II'), (2, 'SB07OO'), (3, 'MF22ZZ'), (4, 'RN17YY'), (5, 'SM09XX'), (6, 'AB20WW'),
(7, 'BF03VV'), (8, 'TR12UU'), (9, 'EL28TT'), (10, 'LP30SS'), (11, 'SL06RR'), (12, 'AG12XY');

INSERT INTO presenza (codiceEvento, CF) VALUES 
(1, 'CM14IH'), (1, 'SP09LK'), (1, 'AM19OP'), (1, 'IP15TU'), (1, 'SF07XY'), (1, 'LF12YY'), (1, 'ES19MM'), (1, 'LC29TT');

INSERT INTO presenza (codiceEvento, CF) VALUES
(2, 'RM18UI'), (2, 'EP14DF'), (2, 'AM30LZ'), (2, 'IL11SD'), (2, 'UM19LK'), (2, 'IC10TY'), (2, 'LF17OP'), (2, 'TS09DF'), 
(2, 'NC22JK'), (2, 'OC11VB'), (2, 'AO30NM'), (2, 'LM17OP');

INSERT INTO presenza (codiceEvento, CF) VALUES
(3, 'ML19AA'), (3, 'SF06DD'), (3, 'IG21GG'), (3, 'GF28JJ'), (3, 'RM23NN'), (3, 'TB09RR'), (3, 'DA31VV'), (3, 'NV08BA'), (3, 'IG05HG');

INSERT INTO presenza (codiceEvento, CF) VALUES 
(5, 'SB09UU'), (5, 'LM15BB'), (5, 'EP21GG'), (5, 'RN17YY'), (5, 'EL28TT'), (5, 'OG03TY');